#include "waveshare_photo_assets.h"

static const uint8_t waveshare_photo_roof_sun_map[WAVESHARE_PHOTO_W * WAVESHARE_PHOTO_H * 2] = {
    0x0e, 0xfe, 0x0e, 0xfe, 0x0e, 0xfe, 0x0e, 0xfe, 0x0e, 0xfe, 0x0e, 0xfe, 0x0e, 0xfe, 0x0e, 0xfe,
    0x0e, 0xfe, 0x0e, 0xfe, 0x0e, 0xfe, 0x0e, 0xfe, 0x0e, 0xfe, 0x0e, 0xfe, 0x0e, 0xfe, 0x0e, 0xfe,
    0x0e, 0xfe, 0x0e, 0xfe, 0x0e, 0xfe, 0x0e, 0xfe, 0x0e, 0xfe, 0x0e, 0xfe, 0x0e, 0xfe, 0x0e, 0xfe,
    0x0e, 0xfe, 0x0e, 0xfe, 0x0e, 0xfe, 0x0e, 0xfe, 0x0e, 0xfe, 0x0e, 0xfe, 0x0e, 0xfe, 0x0e, 0xfe,
    0x0e, 0xfe, 0x0e, 0xfe, 0x0e, 0xfe, 0x0e, 0xfe, 0x0e, 0xfe, 0x0e, 0xfe, 0x0e, 0xfe, 0x0e, 0xfe,
    0x0e, 0xfe, 0x0e, 0xfe, 0x0e, 0xfe, 0x0e, 0xfe, 0x0e, 0xfe, 0x0e, 0xfe, 0x0e, 0xfe, 0x0e, 0xfe,
    0x0e, 0xfe, 0x0e, 0xfe, 0x0e, 0xfe, 0x0e, 0xfe, 0x0e, 0xfe, 0x0e, 0xfe, 0x0e, 0xfe, 0x0e, 0xfe,
    0x0e, 0xfe, 0x0e, 0xfe, 0x0e, 0xfe, 0x0e, 0xfe, 0x0e, 0xfe, 0x0e, 0xfe, 0x0e, 0xfe, 0x0e, 0xfe,
    0x0e, 0xfe, 0x0e, 0xfe, 0x0e, 0xfe, 0x0e, 0xfe, 0x0e, 0xfe, 0x0e, 0xfe, 0x0e, 0xfe, 0x0e, 0xfe,
    0x0e, 0xfe, 0x0e, 0xfe, 0x0e, 0xfe, 0x0e, 0xfe, 0x0e, 0xfe, 0x0e, 0xfe, 0x0e, 0xfe, 0x0e, 0xfe,
    0x0e, 0xfe, 0x0e, 0xfe, 0x0e, 0xfe, 0x0e, 0xfe, 0x0e, 0xfe, 0x0e, 0xfe, 0x0e, 0xfe, 0x0e, 0xfe,
    0x0e, 0xfe, 0x0e, 0xfe, 0x0e, 0xfe, 0x0e, 0xfe, 0x0e, 0xfe, 0x0e, 0xfe, 0x0e, 0xfe, 0x0e, 0xfe,
    0x0e, 0xfe, 0x0e, 0xfe, 0x0e, 0xfe, 0x0e, 0xfe, 0x0e, 0xfe, 0x0e, 0xfe, 0x0e, 0xfe, 0x0e, 0xfe,
    0x0e, 0xfe, 0x0e, 0xfe, 0x0e, 0xfe, 0x0e, 0xfe, 0x0e, 0xfe, 0x0e, 0xfe, 0x0e, 0xfe, 0x0e, 0xfe,
    0x0e, 0xfe, 0x0e, 0xfe, 0x0e, 0xfe, 0x0e, 0xfe, 0x0e, 0xfe, 0x0e, 0xfe, 0x0e, 0xfe, 0x0e, 0xfe,
    0x0e, 0xfe, 0x0e, 0xfe, 0x0e, 0xfe, 0x0e, 0xfe, 0x0e, 0xfe, 0x0e, 0xfe, 0x0e, 0xfe, 0x0e, 0xfe,
    0x0f, 0xf6, 0x0f, 0xf6, 0x7b, 0xf7, 0x7b, 0xf7, 0x7b, 0xf7, 0x7b, 0xf7, 0x7b, 0xf7, 0x7b, 0xf7,
    0x7b, 0xf7, 0x7b, 0xf7, 0x7b, 0xf7, 0x7b, 0xf7, 0x7b, 0xf7, 0x7b, 0xf7, 0x7b, 0xf7, 0x7b, 0xf7,
    0x7b, 0xf7, 0x7b, 0xf7, 0x7b, 0xf7, 0x7b, 0xf7, 0x7b, 0xf7, 0x7b, 0xf7, 0x7b, 0xf7, 0x7b, 0xf7,
    0x7b, 0xf7, 0x7b, 0xf7, 0x7b, 0xf7, 0x7b, 0xf7, 0x7b, 0xf7, 0x7b, 0xf7, 0x7b, 0xf7, 0x7b, 0xf7,
    0x7b, 0xf7, 0x7b, 0xf7, 0x7b, 0xf7, 0x7b, 0xf7, 0x7b, 0xf7, 0x7b, 0xf7, 0x7b, 0xf7, 0x7b, 0xf7,
    0x7b, 0xf7, 0x7b, 0xf7, 0x7b, 0xf7, 0x7b, 0xf7, 0x7b, 0xf7, 0x7b, 0xf7, 0x7b, 0xf7, 0x7b, 0xf7,
    0x7b, 0xf7, 0x7b, 0xf7, 0x7b, 0xf7, 0x7b, 0xf7, 0x7b, 0xf7, 0x7b, 0xf7, 0x7b, 0xf7, 0x7b, 0xf7,
    0x7b, 0xf7, 0x7b, 0xf7, 0x7b, 0xf7, 0x7b, 0xf7, 0x7b, 0xf7, 0x7b, 0xf7, 0x0f, 0xf6, 0x0f, 0xf6,
    0x0f, 0xf6, 0x0f, 0xf6, 0x7b, 0xf7, 0x7b, 0xf7, 0x7b, 0xf7, 0x7b, 0xf7, 0x7b, 0xf7, 0x7b, 0xf7,
    0x7b, 0xf7, 0x7b, 0xf7, 0x7b, 0xf7, 0x7b, 0xf7, 0x7b, 0xf7, 0x7b, 0xf7, 0x7b, 0xf7, 0x7b, 0xf7,
    0x7b, 0xf7, 0x7b, 0xf7, 0x7b, 0xf7, 0x7b, 0xf7, 0x7b, 0xf7, 0x7b, 0xf7, 0x7b, 0xf7, 0x7b, 0xf7,
    0x7b, 0xf7, 0x7b, 0xf7, 0x7b, 0xf7, 0x7b, 0xf7, 0x7b, 0xf7, 0x7b, 0xf7, 0x7b, 0xf7, 0x7b, 0xf7,
    0x7b, 0xf7, 0x7b, 0xf7, 0x7b, 0xf7, 0x7b, 0xf7, 0x7b, 0xf7, 0x7b, 0xf7, 0x7b, 0xf7, 0x7b, 0xf7,
    0x7b, 0xf7, 0x7b, 0xf7, 0x7b, 0xf7, 0x7b, 0xf7, 0x7b, 0xf7, 0x7b, 0xf7, 0x7b, 0xf7, 0x7b, 0xf7,
    0x7b, 0xf7, 0x7b, 0xf7, 0x7b, 0xf7, 0x7b, 0xf7, 0x7b, 0xf7, 0x7b, 0xf7, 0x7b, 0xf7, 0x7b, 0xf7,
    0x7b, 0xf7, 0x7b, 0xf7, 0x7b, 0xf7, 0x7b, 0xf7, 0x7b, 0xf7, 0x7b, 0xf7, 0x0f, 0xf6, 0x0f, 0xf6,
    0x10, 0xee, 0x10, 0xee, 0x7b, 0xf7, 0x7b, 0xf7, 0x10, 0xee, 0x10, 0xee, 0x10, 0xee, 0x10, 0xee,
    0x10, 0xee, 0x10, 0xee, 0x10, 0xee, 0x10, 0xee, 0x10, 0xee, 0x10, 0xee, 0x10, 0xee, 0x10, 0xee,
    0x10, 0xee, 0x10, 0xee, 0x10, 0xee, 0x10, 0xee, 0x10, 0xee, 0x10, 0xee, 0x10, 0xee, 0x10, 0xee,
    0x10, 0xee, 0x10, 0xee, 0x10, 0xee, 0x10, 0xee, 0x10, 0xee, 0x10, 0xee, 0x10, 0xee, 0x10, 0xee,
    0x10, 0xee, 0x10, 0xee, 0x10, 0xee, 0x10, 0xee, 0x10, 0xee, 0x10, 0xee, 0x10, 0xee, 0x10, 0xee,
    0x10, 0xee, 0x10, 0xee, 0x10, 0xee, 0x10, 0xee, 0x10, 0xee, 0x10, 0xee, 0x10, 0xee, 0x10, 0xee,
    0x10, 0xee, 0x10, 0xee, 0x10, 0xee, 0x10, 0xee, 0x10, 0xee, 0x10, 0xee, 0x10, 0xee, 0x10, 0xee,
    0x10, 0xee, 0x10, 0xee, 0x10, 0xee, 0x10, 0xee, 0x7b, 0xf7, 0x7b, 0xf7, 0x10, 0xee, 0x10, 0xee,
    0x10, 0xee, 0x10, 0xee, 0x7b, 0xf7, 0x7b, 0xf7, 0x10, 0xee, 0x10, 0xee, 0x10, 0xee, 0x10, 0xee,
    0x10, 0xee, 0x10, 0xee, 0x10, 0xee, 0x10, 0xee, 0x10, 0xee, 0x10, 0xee, 0x10, 0xee, 0x10, 0xee,
    0x10, 0xee, 0x10, 0xee, 0x10, 0xee, 0x10, 0xee, 0x10, 0xee, 0x10, 0xee, 0x10, 0xee, 0x10, 0xee,
    0x10, 0xee, 0x10, 0xee, 0x10, 0xee, 0x10, 0xee, 0x10, 0xee, 0x10, 0xee, 0x10, 0xee, 0x10, 0xee,
    0x10, 0xee, 0x10, 0xee, 0x10, 0xee, 0x10, 0xee, 0x10, 0xee, 0x10, 0xee, 0x10, 0xee, 0x10, 0xee,
    0x10, 0xee, 0x10, 0xee, 0x10, 0xee, 0x10, 0xee, 0x10, 0xee, 0x10, 0xee, 0x10, 0xee, 0x10, 0xee,
    0x10, 0xee, 0x10, 0xee, 0x10, 0xee, 0x10, 0xee, 0x10, 0xee, 0x10, 0xee, 0x10, 0xee, 0x10, 0xee,
    0x10, 0xee, 0x10, 0xee, 0x10, 0xee, 0x10, 0xee, 0x7b, 0xf7, 0x7b, 0xf7, 0x10, 0xee, 0x10, 0xee,
    0x10, 0xee, 0x10, 0xee, 0x7b, 0xf7, 0x7b, 0xf7, 0x10, 0xee, 0x10, 0xee, 0x10, 0xee, 0x10, 0xee,
    0x10, 0xee, 0x10, 0xee, 0x10, 0xee, 0x10, 0xee, 0x10, 0xee, 0x10, 0xee, 0x10, 0xee, 0x10, 0xee,
    0x10, 0xee, 0x10, 0xee, 0x10, 0xee, 0x10, 0xee, 0x10, 0xee, 0x10, 0xee, 0x10, 0xee, 0x10, 0xee,
    0x10, 0xee, 0x10, 0xee, 0x10, 0xee, 0x10, 0xee, 0x10, 0xee, 0x10, 0xee, 0x10, 0xee, 0x10, 0xee,
    0x10, 0xee, 0x10, 0xee, 0x10, 0xee, 0x10, 0xee, 0x10, 0xee, 0x10, 0xee, 0x10, 0xee, 0x10, 0xee,
    0x10, 0xee, 0x10, 0xee, 0x10, 0xee, 0x10, 0xee, 0x10, 0xee, 0x10, 0xee, 0x10, 0xee, 0x10, 0xee,
    0x10, 0xee, 0x10, 0xee, 0xef, 0xfe, 0xef, 0xfe, 0xef, 0xfe, 0xef, 0xfe, 0x10, 0xee, 0x10, 0xee,
    0x10, 0xee, 0x10, 0xee, 0x10, 0xee, 0x10, 0xee, 0x7b, 0xf7, 0x7b, 0xf7, 0x10, 0xee, 0x10, 0xee,
    0x10, 0xee, 0x10, 0xee, 0x7b, 0xf7, 0x7b, 0xf7, 0x10, 0xee, 0x10, 0xee, 0x10, 0xee, 0x10, 0xee,
    0x10, 0xee, 0x10, 0xee, 0x10, 0xee, 0x10, 0xee, 0x10, 0xee, 0x10, 0xee, 0x10, 0xee, 0x10, 0xee,
    0x10, 0xee, 0x10, 0xee, 0x10, 0xee, 0x10, 0xee, 0x10, 0xee, 0x10, 0xee, 0x10, 0xee, 0x10, 0xee,
    0x10, 0xee, 0x10, 0xee, 0x10, 0xee, 0x10, 0xee, 0x10, 0xee, 0x10, 0xee, 0x10, 0xee, 0x10, 0xee,
    0x10, 0xee, 0x10, 0xee, 0x10, 0xee, 0x10, 0xee, 0x10, 0xee, 0x10, 0xee, 0x10, 0xee, 0x10, 0xee,
    0x10, 0xee, 0x10, 0xee, 0x10, 0xee, 0x10, 0xee, 0x10, 0xee, 0x10, 0xee, 0x10, 0xee, 0x10, 0xee,
    0x10, 0xee, 0x10, 0xee, 0xef, 0xfe, 0xef, 0xfe, 0xef, 0xfe, 0xef, 0xfe, 0x10, 0xee, 0x10, 0xee,
    0x10, 0xee, 0x10, 0xee, 0x10, 0xee, 0x10, 0xee, 0x7b, 0xf7, 0x7b, 0xf7, 0x10, 0xee, 0x10, 0xee,
    0x11, 0xe6, 0x11, 0xe6, 0x7b, 0xf7, 0x7b, 0xf7, 0x11, 0xe6, 0x11, 0xe6, 0x11, 0xe6, 0x11, 0xe6,
    0x11, 0xe6, 0x11, 0xe6, 0x11, 0xe6, 0x11, 0xe6, 0x11, 0xe6, 0x11, 0xe6, 0x11, 0xe6, 0x11, 0xe6,
    0x11, 0xe6, 0x11, 0xe6, 0x11, 0xe6, 0x11, 0xe6, 0x11, 0xe6, 0x11, 0xe6, 0x11, 0xe6, 0x11, 0xe6,
    0x11, 0xe6, 0x11, 0xe6, 0x11, 0xe6, 0x11, 0xe6, 0x11, 0xe6, 0x11, 0xe6, 0x11, 0xe6, 0x11, 0xe6,
    0x11, 0xe6, 0x11, 0xe6, 0x11, 0xe6, 0x11, 0xe6, 0x11, 0xe6, 0x11, 0xe6, 0x11, 0xe6, 0x11, 0xe6,
    0x11, 0xe6, 0x11, 0xe6, 0x11, 0xe6, 0x11, 0xe6, 0x11, 0xe6, 0x11, 0xe6, 0x11, 0xe6, 0x11, 0xe6,
    0xef, 0xfe, 0xef, 0xfe, 0xef, 0xfe, 0xef, 0xfe, 0xef, 0xfe, 0xef, 0xfe, 0xef, 0xfe, 0xef, 0xfe,
    0x11, 0xe6, 0x11, 0xe6, 0x11, 0xe6, 0x11, 0xe6, 0x7b, 0xf7, 0x7b, 0xf7, 0x11, 0xe6, 0x11, 0xe6,
    0x11, 0xe6, 0x11, 0xe6, 0x7b, 0xf7, 0x7b, 0xf7, 0x11, 0xe6, 0x11, 0xe6, 0x11, 0xe6, 0x11, 0xe6,
    0x11, 0xe6, 0x11, 0xe6, 0x11, 0xe6, 0x11, 0xe6, 0x11, 0xe6, 0x11, 0xe6, 0x11, 0xe6, 0x11, 0xe6,
    0x11, 0xe6, 0x11, 0xe6, 0x11, 0xe6, 0x11, 0xe6, 0x11, 0xe6, 0x11, 0xe6, 0x11, 0xe6, 0x11, 0xe6,
    0x11, 0xe6, 0x11, 0xe6, 0x11, 0xe6, 0x11, 0xe6, 0x11, 0xe6, 0x11, 0xe6, 0x11, 0xe6, 0x11, 0xe6,
    0x11, 0xe6, 0x11, 0xe6, 0x11, 0xe6, 0x11, 0xe6, 0x11, 0xe6, 0x11, 0xe6, 0x11, 0xe6, 0x11, 0xe6,
    0x11, 0xe6, 0x11, 0xe6, 0x11, 0xe6, 0x11, 0xe6, 0x11, 0xe6, 0x11, 0xe6, 0x11, 0xe6, 0x11, 0xe6,
    0xef, 0xfe, 0xef, 0xfe, 0xef, 0xfe, 0xef, 0xfe, 0xef, 0xfe, 0xef, 0xfe, 0xef, 0xfe, 0xef, 0xfe,
    0x11, 0xe6, 0x11, 0xe6, 0x11, 0xe6, 0x11, 0xe6, 0x7b, 0xf7, 0x7b, 0xf7, 0x11, 0xe6, 0x11, 0xe6,
    0x12, 0xe6, 0x12, 0xe6, 0x7b, 0xf7, 0x7b, 0xf7, 0x12, 0xe6, 0x12, 0xe6, 0x12, 0xe6, 0x12, 0xe6,
    0x12, 0xe6, 0x12, 0xe6, 0x12, 0xe6, 0x12, 0xe6, 0x12, 0xe6, 0x12, 0xe6, 0x12, 0xe6, 0x12, 0xe6,
    0x12, 0xe6, 0x12, 0xe6, 0x12, 0xe6, 0x12, 0xe6, 0x12, 0xe6, 0x12, 0xe6, 0x12, 0xe6, 0x12, 0xe6,
    0x12, 0xe6, 0x12, 0xe6, 0x12, 0xe6, 0x12, 0xe6, 0x12, 0xe6, 0x12, 0xe6, 0x12, 0xe6, 0x12, 0xe6,
    0x12, 0xe6, 0x12, 0xe6, 0x12, 0xe6, 0x12, 0xe6, 0x12, 0xe6, 0x12, 0xe6, 0x12, 0xe6, 0x12, 0xe6,
    0x12, 0xe6, 0x12, 0xe6, 0x12, 0xe6, 0x12, 0xe6, 0x12, 0xe6, 0x12, 0xe6, 0xef, 0xfe, 0xef, 0xfe,
    0xef, 0xfe, 0xef, 0xfe, 0xef, 0xfe, 0xef, 0xfe, 0xef, 0xfe, 0xef, 0xfe, 0xef, 0xfe, 0xef, 0xfe,
    0xef, 0xfe, 0xef, 0xfe, 0x12, 0xe6, 0x12, 0xe6, 0x7b, 0xf7, 0x7b, 0xf7, 0x12, 0xe6, 0x12, 0xe6,
    0x12, 0xe6, 0x12, 0xe6, 0x7b, 0xf7, 0x7b, 0xf7, 0x12, 0xe6, 0x12, 0xe6, 0x12, 0xe6, 0x12, 0xe6,
    0x12, 0xe6, 0x12, 0xe6, 0x12, 0xe6, 0x12, 0xe6, 0x12, 0xe6, 0x12, 0xe6, 0x12, 0xe6, 0x12, 0xe6,
    0x12, 0xe6, 0x12, 0xe6, 0x12, 0xe6, 0x12, 0xe6, 0x12, 0xe6, 0x12, 0xe6, 0x12, 0xe6, 0x12, 0xe6,
    0x12, 0xe6, 0x12, 0xe6, 0x12, 0xe6, 0x12, 0xe6, 0x12, 0xe6, 0x12, 0xe6, 0x12, 0xe6, 0x12, 0xe6,
    0x12, 0xe6, 0x12, 0xe6, 0x12, 0xe6, 0x12, 0xe6, 0x12, 0xe6, 0x12, 0xe6, 0x12, 0xe6, 0x12, 0xe6,
    0x12, 0xe6, 0x12, 0xe6, 0x12, 0xe6, 0x12, 0xe6, 0x12, 0xe6, 0x12, 0xe6, 0xef, 0xfe, 0xef, 0xfe,
    0xef, 0xfe, 0xef, 0xfe, 0xef, 0xfe, 0xef, 0xfe, 0xef, 0xfe, 0xef, 0xfe, 0xef, 0xfe, 0xef, 0xfe,
    0xef, 0xfe, 0xef, 0xfe, 0x12, 0xe6, 0x12, 0xe6, 0x7b, 0xf7, 0x7b, 0xf7, 0x12, 0xe6, 0x12, 0xe6,
    0x12, 0xde, 0x12, 0xde, 0x7b, 0xf7, 0x7b, 0xf7, 0x12, 0xde, 0x12, 0xde, 0x12, 0xde, 0x12, 0xde,
    0x12, 0xde, 0x12, 0xde, 0x12, 0xde, 0x12, 0xde, 0x12, 0xde, 0x12, 0xde, 0x12, 0xde, 0x12, 0xde,
    0x12, 0xde, 0x12, 0xde, 0x12, 0xde, 0x12, 0xde, 0x12, 0xde, 0x12, 0xde, 0x12, 0xde, 0x12, 0xde,
    0x67, 0xdb, 0x67, 0xdb, 0x12, 0xde, 0x12, 0xde, 0x12, 0xde, 0x12, 0xde, 0x12, 0xde, 0x12, 0xde,
    0x67, 0xdb, 0x67, 0xdb, 0x12, 0xde, 0x12, 0xde, 0x12, 0xde, 0x12, 0xde, 0x12, 0xde, 0x12, 0xde,
    0x12, 0xde, 0x12, 0xde, 0x12, 0xde, 0x12, 0xde, 0x12, 0xde, 0x12, 0xde, 0xef, 0xfe, 0xef, 0xfe,
    0xef, 0xfe, 0xef, 0xfe, 0xef, 0xfe, 0xef, 0xfe, 0xef, 0xfe, 0xef, 0xfe, 0xef, 0xfe, 0xef, 0xfe,
    0xef, 0xfe, 0xef, 0xfe, 0x12, 0xde, 0x12, 0xde, 0x7b, 0xf7, 0x7b, 0xf7, 0x12, 0xde, 0x12, 0xde,
    0x12, 0xde, 0x12, 0xde, 0x7b, 0xf7, 0x7b, 0xf7, 0x12, 0xde, 0x12, 0xde, 0x12, 0xde, 0x12, 0xde,
    0x12, 0xde, 0x12, 0xde, 0x12, 0xde, 0x12, 0xde, 0x12, 0xde, 0x12, 0xde, 0x12, 0xde, 0x12, 0xde,
    0x12, 0xde, 0x12, 0xde, 0x12, 0xde, 0x12, 0xde, 0x12, 0xde, 0x12, 0xde, 0x12, 0xde, 0x12, 0xde,
    0x67, 0xdb, 0x67, 0xdb, 0x12, 0xde, 0x12, 0xde, 0x12, 0xde, 0x12, 0xde, 0x12, 0xde, 0x12, 0xde,
    0x67, 0xdb, 0x67, 0xdb, 0x12, 0xde, 0x12, 0xde, 0x12, 0xde, 0x12, 0xde, 0x12, 0xde, 0x12, 0xde,
    0x12, 0xde, 0x12, 0xde, 0x12, 0xde, 0x12, 0xde, 0x12, 0xde, 0x12, 0xde, 0xef, 0xfe, 0xef, 0xfe,
    0xef, 0xfe, 0xef, 0xfe, 0xef, 0xfe, 0xef, 0xfe, 0xef, 0xfe, 0xef, 0xfe, 0xef, 0xfe, 0xef, 0xfe,
    0xef, 0xfe, 0xef, 0xfe, 0x12, 0xde, 0x12, 0xde, 0x7b, 0xf7, 0x7b, 0xf7, 0x12, 0xde, 0x12, 0xde,
    0x13, 0xd6, 0x13, 0xd6, 0x7b, 0xf7, 0x7b, 0xf7, 0x13, 0xd6, 0x13, 0xd6, 0x13, 0xd6, 0x13, 0xd6,
    0x13, 0xd6, 0x13, 0xd6, 0x13, 0xd6, 0x13, 0xd6, 0x13, 0xd6, 0x13, 0xd6, 0x13, 0xd6, 0x13, 0xd6,
    0x13, 0xd6, 0x13, 0xd6, 0x13, 0xd6, 0x13, 0xd6, 0x13, 0xd6, 0x13, 0xd6, 0x67, 0xdb, 0x67, 0xdb,
    0x5a, 0xf7, 0x5a, 0xf7, 0x13, 0xd6, 0x13, 0xd6, 0x13, 0xd6, 0x13, 0xd6, 0x13, 0xd6, 0x13, 0xd6,
    0x5a, 0xf7, 0x5a, 0xf7, 0x67, 0xdb, 0x67, 0xdb, 0x13, 0xd6, 0x13, 0xd6, 0x13, 0xd6, 0x13, 0xd6,
    0x13, 0xd6, 0x13, 0xd6, 0x13, 0xd6, 0x13, 0xd6, 0x13, 0xd6, 0x13, 0xd6, 0x13, 0xd6, 0x13, 0xd6,
    0xef, 0xfe, 0xef, 0xfe, 0xef, 0xfe, 0xef, 0xfe, 0xef, 0xfe, 0xef, 0xfe, 0xef, 0xfe, 0xef, 0xfe,
    0x13, 0xd6, 0x13, 0xd6, 0x13, 0xd6, 0x13, 0xd6, 0x7b, 0xf7, 0x7b, 0xf7, 0x13, 0xd6, 0x13, 0xd6,
    0x13, 0xd6, 0x13, 0xd6, 0x7b, 0xf7, 0x7b, 0xf7, 0x13, 0xd6, 0x13, 0xd6, 0x13, 0xd6, 0x13, 0xd6,
    0x13, 0xd6, 0x13, 0xd6, 0x13, 0xd6, 0x13, 0xd6, 0x13, 0xd6, 0x13, 0xd6, 0x13, 0xd6, 0x13, 0xd6,
    0x13, 0xd6, 0x13, 0xd6, 0x13, 0xd6, 0x13, 0xd6, 0x13, 0xd6, 0x13, 0xd6, 0x67, 0xdb, 0x67, 0xdb,
    0x5a, 0xf7, 0x5a, 0xf7, 0x13, 0xd6, 0x13, 0xd6, 0x13, 0xd6, 0x13, 0xd6, 0x13, 0xd6, 0x13, 0xd6,
    0x5a, 0xf7, 0x5a, 0xf7, 0x67, 0xdb, 0x67, 0xdb, 0x13, 0xd6, 0x13, 0xd6, 0x13, 0xd6, 0x13, 0xd6,
    0x13, 0xd6, 0x13, 0xd6, 0x13, 0xd6, 0x13, 0xd6, 0x13, 0xd6, 0x13, 0xd6, 0x13, 0xd6, 0x13, 0xd6,
    0xef, 0xfe, 0xef, 0xfe, 0xef, 0xfe, 0xef, 0xfe, 0xef, 0xfe, 0xef, 0xfe, 0xef, 0xfe, 0xef, 0xfe,
    0x13, 0xd6, 0x13, 0xd6, 0x13, 0xd6, 0x13, 0xd6, 0x7b, 0xf7, 0x7b, 0xf7, 0x13, 0xd6, 0x13, 0xd6,
    0x14, 0xd6, 0x14, 0xd6, 0x7b, 0xf7, 0x7b, 0xf7, 0x14, 0xd6, 0x14, 0xd6, 0x14, 0xd6, 0x14, 0xd6,
    0x14, 0xd6, 0x14, 0xd6, 0x14, 0xd6, 0x14, 0xd6, 0x14, 0xd6, 0x14, 0xd6, 0x14, 0xd6, 0x14, 0xd6,
    0x14, 0xd6, 0x14, 0xd6, 0x67, 0xdb, 0x67, 0xdb, 0x67, 0xdb, 0x67, 0xdb, 0x5a, 0xf7, 0x5a, 0xf7,
    0x5a, 0xf7, 0x5a, 0xf7, 0x67, 0xdb, 0x67, 0xdb, 0x67, 0xdb, 0x67, 0xdb, 0x67, 0xdb, 0x67, 0xdb,
    0x5a, 0xf7, 0x5a, 0xf7, 0x67, 0xdb, 0x67, 0xdb, 0x67, 0xdb, 0x67, 0xdb, 0x14, 0xd6, 0x14, 0xd6,
    0x14, 0xd6, 0x14, 0xd6, 0x14, 0xd6, 0x14, 0xd6, 0x14, 0xd6, 0x14, 0xd6, 0x14, 0xd6, 0x14, 0xd6,
    0x14, 0xd6, 0x14, 0xd6, 0xef, 0xfe, 0xef, 0xfe, 0xef, 0xfe, 0xef, 0xfe, 0x14, 0xd6, 0x14, 0xd6,
    0x14, 0xd6, 0x14, 0xd6, 0x14, 0xd6, 0x14, 0xd6, 0x7b, 0xf7, 0x7b, 0xf7, 0x14, 0xd6, 0x14, 0xd6,
    0x14, 0xd6, 0x14, 0xd6, 0x7b, 0xf7, 0x7b, 0xf7, 0x14, 0xd6, 0x14, 0xd6, 0x14, 0xd6, 0x14, 0xd6,
    0x14, 0xd6, 0x14, 0xd6, 0x14, 0xd6, 0x14, 0xd6, 0x14, 0xd6, 0x14, 0xd6, 0x14, 0xd6, 0x14, 0xd6,
    0x14, 0xd6, 0x14, 0xd6, 0x67, 0xdb, 0x67, 0xdb, 0x67, 0xdb, 0x67, 0xdb, 0x5a, 0xf7, 0x5a, 0xf7,
    0x5a, 0xf7, 0x5a, 0xf7, 0x67, 0xdb, 0x67, 0xdb, 0x67, 0xdb, 0x67, 0xdb, 0x67, 0xdb, 0x67, 0xdb,
    0x5a, 0xf7, 0x5a, 0xf7, 0x67, 0xdb, 0x67, 0xdb, 0x67, 0xdb, 0x67, 0xdb, 0x14, 0xd6, 0x14, 0xd6,
    0x14, 0xd6, 0x14, 0xd6, 0x14, 0xd6, 0x14, 0xd6, 0x14, 0xd6, 0x14, 0xd6, 0x14, 0xd6, 0x14, 0xd6,
    0x14, 0xd6, 0x14, 0xd6, 0xef, 0xfe, 0xef, 0xfe, 0xef, 0xfe, 0xef, 0xfe, 0x14, 0xd6, 0x14, 0xd6,
    0x14, 0xd6, 0x14, 0xd6, 0x14, 0xd6, 0x14, 0xd6, 0x7b, 0xf7, 0x7b, 0xf7, 0x14, 0xd6, 0x14, 0xd6,
    0x14, 0xce, 0x14, 0xce, 0x7b, 0xf7, 0x7b, 0xf7, 0x14, 0xce, 0x14, 0xce, 0x14, 0xce, 0x14, 0xce,
    0x14, 0xce, 0x14, 0xce, 0x14, 0xce, 0x14, 0xce, 0x14, 0xce, 0x14, 0xce, 0x14, 0xce, 0x14, 0xce,
    0x14, 0xce, 0x14, 0xce, 0x67, 0xdb, 0x67, 0xdb, 0x67, 0xdb, 0x67, 0xdb, 0x67, 0xdb, 0x67, 0xdb,
    0x5a, 0xf7, 0x5a, 0xf7, 0x67, 0xdb, 0x67, 0xdb, 0x67, 0xdb, 0x67, 0xdb, 0x5a, 0xf7, 0x5a, 0xf7,
    0x5a, 0xf7, 0x5a, 0xf7, 0x67, 0xdb, 0x67, 0xdb, 0x67, 0xdb, 0x67, 0xdb, 0x14, 0xce, 0x14, 0xce,
    0x14, 0xce, 0x14, 0xce, 0x14, 0xce, 0x14, 0xce, 0x14, 0xce, 0x14, 0xce, 0x14, 0xce, 0x14, 0xce,
    0x14, 0xce, 0x14, 0xce, 0x14, 0xce, 0x14, 0xce, 0x14, 0xce, 0x14, 0xce, 0x14, 0xce, 0x14, 0xce,
    0x14, 0xce, 0x14, 0xce, 0x14, 0xce, 0x14, 0xce, 0x7b, 0xf7, 0x7b, 0xf7, 0x14, 0xce, 0x14, 0xce,
    0x14, 0xce, 0x14, 0xce, 0x7b, 0xf7, 0x7b, 0xf7, 0x14, 0xce, 0x14, 0xce, 0x14, 0xce, 0x14, 0xce,
    0x14, 0xce, 0x14, 0xce, 0x14, 0xce, 0x14, 0xce, 0x14, 0xce, 0x14, 0xce, 0x14, 0xce, 0x14, 0xce,
    0x14, 0xce, 0x14, 0xce, 0x67, 0xdb, 0x67, 0xdb, 0x67, 0xdb, 0x67, 0xdb, 0x67, 0xdb, 0x67, 0xdb,
    0x5a, 0xf7, 0x5a, 0xf7, 0x67, 0xdb, 0x67, 0xdb, 0x67, 0xdb, 0x67, 0xdb, 0x5a, 0xf7, 0x5a, 0xf7,
    0x5a, 0xf7, 0x5a, 0xf7, 0x67, 0xdb, 0x67, 0xdb, 0x67, 0xdb, 0x67, 0xdb, 0x14, 0xce, 0x14, 0xce,
    0x14, 0xce, 0x14, 0xce, 0x14, 0xce, 0x14, 0xce, 0x14, 0xce, 0x14, 0xce, 0x14, 0xce, 0x14, 0xce,
    0x14, 0xce, 0x14, 0xce, 0x14, 0xce, 0x14, 0xce, 0x14, 0xce, 0x14, 0xce, 0x14, 0xce, 0x14, 0xce,
    0x14, 0xce, 0x14, 0xce, 0x14, 0xce, 0x14, 0xce, 0x7b, 0xf7, 0x7b, 0xf7, 0x14, 0xce, 0x14, 0xce,
    0x15, 0xc6, 0x15, 0xc6, 0x7b, 0xf7, 0x7b, 0xf7, 0x15, 0xc6, 0x15, 0xc6, 0x15, 0xc6, 0x15, 0xc6,
    0x15, 0xc6, 0x15, 0xc6, 0x15, 0xc6, 0x15, 0xc6, 0x15, 0xc6, 0x15, 0xc6, 0x15, 0xc6, 0x15, 0xc6,
    0x15, 0xc6, 0x15, 0xc6, 0x67, 0xdb, 0x67, 0xdb, 0x67, 0xdb, 0x67, 0xdb, 0x67, 0xdb, 0x67, 0xdb,
    0x67, 0xdb, 0x67, 0xdb, 0x67, 0xdb, 0x67, 0xdb, 0x67, 0xdb, 0x67, 0xdb, 0x67, 0xdb, 0x67, 0xdb,
    0x67, 0xdb, 0x67, 0xdb, 0x67, 0xdb, 0x67, 0xdb, 0x67, 0xdb, 0x67, 0xdb, 0x15, 0xc6, 0x15, 0xc6,
    0x15, 0xc6, 0x15, 0xc6, 0x15, 0xc6, 0x15, 0xc6, 0x15, 0xc6, 0x15, 0xc6, 0x15, 0xc6, 0x15, 0xc6,
    0x15, 0xc6, 0x15, 0xc6, 0x15, 0xc6, 0x15, 0xc6, 0x15, 0xc6, 0x15, 0xc6, 0x15, 0xc6, 0x15, 0xc6,
    0x15, 0xc6, 0x15, 0xc6, 0x15, 0xc6, 0x15, 0xc6, 0x7b, 0xf7, 0x7b, 0xf7, 0x15, 0xc6, 0x15, 0xc6,
    0x15, 0xc6, 0x15, 0xc6, 0x7b, 0xf7, 0x7b, 0xf7, 0x15, 0xc6, 0x15, 0xc6, 0x15, 0xc6, 0x15, 0xc6,
    0x15, 0xc6, 0x15, 0xc6, 0x15, 0xc6, 0x15, 0xc6, 0x15, 0xc6, 0x15, 0xc6, 0x15, 0xc6, 0x15, 0xc6,
    0x15, 0xc6, 0x15, 0xc6, 0x67, 0xdb, 0x67, 0xdb, 0x67, 0xdb, 0x67, 0xdb, 0x67, 0xdb, 0x67, 0xdb,
    0x67, 0xdb, 0x67, 0xdb, 0x67, 0xdb, 0x67, 0xdb, 0x67, 0xdb, 0x67, 0xdb, 0x67, 0xdb, 0x67, 0xdb,
    0x67, 0xdb, 0x67, 0xdb, 0x67, 0xdb, 0x67, 0xdb, 0x67, 0xdb, 0x67, 0xdb, 0x15, 0xc6, 0x15, 0xc6,
    0x15, 0xc6, 0x15, 0xc6, 0x15, 0xc6, 0x15, 0xc6, 0x15, 0xc6, 0x15, 0xc6, 0x15, 0xc6, 0x15, 0xc6,
    0x15, 0xc6, 0x15, 0xc6, 0x15, 0xc6, 0x15, 0xc6, 0x15, 0xc6, 0x15, 0xc6, 0x15, 0xc6, 0x15, 0xc6,
    0x15, 0xc6, 0x15, 0xc6, 0x15, 0xc6, 0x15, 0xc6, 0x7b, 0xf7, 0x7b, 0xf7, 0x15, 0xc6, 0x15, 0xc6,
    0x16, 0xc6, 0x16, 0xc6, 0x7b, 0xf7, 0x7b, 0xf7, 0x16, 0xc6, 0x16, 0xc6, 0x16, 0xc6, 0x16, 0xc6,
    0x16, 0xc6, 0x16, 0xc6, 0x16, 0xc6, 0x16, 0xc6, 0x16, 0xc6, 0x16, 0xc6, 0x16, 0xc6, 0x16, 0xc6,
    0x16, 0xc6, 0x16, 0xc6, 0x67, 0xdb, 0x67, 0xdb, 0x67, 0xdb, 0x67, 0xdb, 0xa2, 0x10, 0xa2, 0x10,
    0x67, 0xdb, 0x67, 0xdb, 0x67, 0xdb, 0x67, 0xdb, 0x67, 0xdb, 0x67, 0xdb, 0x67, 0xdb, 0x67, 0xdb,
    0xa2, 0x10, 0xa2, 0x10, 0x67, 0xdb, 0x67, 0xdb, 0x67, 0xdb, 0x67, 0xdb, 0x16, 0xc6, 0x16, 0xc6,
    0x15, 0x8d, 0x15, 0x8d, 0x15, 0x8d, 0x15, 0x8d, 0x15, 0x8d, 0x15, 0x8d, 0x15, 0x8d, 0x15, 0x8d,
    0x15, 0x8d, 0x15, 0x8d, 0x15, 0x8d, 0x15, 0x8d, 0x15, 0x8d, 0x15, 0x8d, 0x16, 0xc6, 0x16, 0xc6,
    0x16, 0xc6, 0x16, 0xc6, 0x16, 0xc6, 0x16, 0xc6, 0x7b, 0xf7, 0x7b, 0xf7, 0x16, 0xc6, 0x16, 0xc6,
    0x16, 0xc6, 0x16, 0xc6, 0x7b, 0xf7, 0x7b, 0xf7, 0x16, 0xc6, 0x16, 0xc6, 0x16, 0xc6, 0x16, 0xc6,
    0x16, 0xc6, 0x16, 0xc6, 0x16, 0xc6, 0x16, 0xc6, 0x16, 0xc6, 0x16, 0xc6, 0x16, 0xc6, 0x16, 0xc6,
    0x16, 0xc6, 0x16, 0xc6, 0x67, 0xdb, 0x67, 0xdb, 0x67, 0xdb, 0x67, 0xdb, 0xa2, 0x10, 0xa2, 0x10,
    0x67, 0xdb, 0x67, 0xdb, 0x67, 0xdb, 0x67, 0xdb, 0x67, 0xdb, 0x67, 0xdb, 0x67, 0xdb, 0x67, 0xdb,
    0xa2, 0x10, 0xa2, 0x10, 0x67, 0xdb, 0x67, 0xdb, 0x67, 0xdb, 0x67, 0xdb, 0x16, 0xc6, 0x16, 0xc6,
    0x15, 0x8d, 0x15, 0x8d, 0x15, 0x8d, 0x15, 0x8d, 0x15, 0x8d, 0x15, 0x8d, 0x15, 0x8d, 0x15, 0x8d,
    0x15, 0x8d, 0x15, 0x8d, 0x15, 0x8d, 0x15, 0x8d, 0x15, 0x8d, 0x15, 0x8d, 0x16, 0xc6, 0x16, 0xc6,
    0x16, 0xc6, 0x16, 0xc6, 0x16, 0xc6, 0x16, 0xc6, 0x7b, 0xf7, 0x7b, 0xf7, 0x16, 0xc6, 0x16, 0xc6,
    0x16, 0xbe, 0x16, 0xbe, 0x7b, 0xf7, 0x7b, 0xf7, 0x16, 0xbe, 0x16, 0xbe, 0x16, 0xbe, 0x16, 0xbe,
    0x16, 0xbe, 0x16, 0xbe, 0x16, 0xbe, 0x16, 0xbe, 0x16, 0xbe, 0x16, 0xbe, 0x16, 0xbe, 0x16, 0xbe,
    0x16, 0xbe, 0x16, 0xbe, 0x67, 0xdb, 0x67, 0xdb, 0x67, 0xdb, 0x67, 0xdb, 0x67, 0xdb, 0x67, 0xdb,
    0x5a, 0xf7, 0x5a, 0xf7, 0x5a, 0xf7, 0x5a, 0xf7, 0x5a, 0xf7, 0x5a, 0xf7, 0x5a, 0xf7, 0x5a, 0xf7,
    0x67, 0xdb, 0x67, 0xdb, 0x67, 0xdb, 0x67, 0xdb, 0x67, 0xdb, 0x67, 0xdb, 0x16, 0xbe, 0x16, 0xbe,
    0x15, 0x8d, 0x15, 0x8d, 0x15, 0x8d, 0x15, 0x8d, 0x15, 0x8d, 0x15, 0x8d, 0x15, 0x8d, 0x15, 0x8d,
    0x15, 0x8d, 0x15, 0x8d, 0x15, 0x8d, 0x15, 0x8d, 0x15, 0x8d, 0x15, 0x8d, 0x16, 0xbe, 0x16, 0xbe,
    0x16, 0xbe, 0x16, 0xbe, 0x16, 0xbe, 0x16, 0xbe, 0x7b, 0xf7, 0x7b, 0xf7, 0x16, 0xbe, 0x16, 0xbe,
    0x16, 0xbe, 0x16, 0xbe, 0x7b, 0xf7, 0x7b, 0xf7, 0x16, 0xbe, 0x16, 0xbe, 0x16, 0xbe, 0x16, 0xbe,
    0x16, 0xbe, 0x16, 0xbe, 0x16, 0xbe, 0x16, 0xbe, 0x16, 0xbe, 0x16, 0xbe, 0x16, 0xbe, 0x16, 0xbe,
    0x16, 0xbe, 0x16, 0xbe, 0x67, 0xdb, 0x67, 0xdb, 0x67, 0xdb, 0x67, 0xdb, 0x67, 0xdb, 0x67, 0xdb,
    0x5a, 0xf7, 0x5a, 0xf7, 0x5a, 0xf7, 0x5a, 0xf7, 0x5a, 0xf7, 0x5a, 0xf7, 0x5a, 0xf7, 0x5a, 0xf7,
    0x67, 0xdb, 0x67, 0xdb, 0x67, 0xdb, 0x67, 0xdb, 0x67, 0xdb, 0x67, 0xdb, 0x16, 0xbe, 0x16, 0xbe,
    0x15, 0x8d, 0x15, 0x8d, 0x15, 0x8d, 0x15, 0x8d, 0x15, 0x8d, 0x15, 0x8d, 0x15, 0x8d, 0x15, 0x8d,
    0x15, 0x8d, 0x15, 0x8d, 0x15, 0x8d, 0x15, 0x8d, 0x15, 0x8d, 0x15, 0x8d, 0x16, 0xbe, 0x16, 0xbe,
    0x16, 0xbe, 0x16, 0xbe, 0x16, 0xbe, 0x16, 0xbe, 0x7b, 0xf7, 0x7b, 0xf7, 0x16, 0xbe, 0x16, 0xbe,
    0x17, 0xb6, 0x17, 0xb6, 0x7b, 0xf7, 0x7b, 0xf7, 0x17, 0xb6, 0x17, 0xb6, 0x17, 0xb6, 0x17, 0xb6,
    0x17, 0xb6, 0x17, 0xb6, 0x17, 0xb6, 0x17, 0xb6, 0x17, 0xb6, 0x17, 0xb6, 0x17, 0xb6, 0x17, 0xb6,
    0x17, 0xb6, 0x17, 0xb6, 0x67, 0xdb, 0x67, 0xdb, 0x67, 0xdb, 0x67, 0xdb, 0x67, 0xdb, 0x67, 0xdb,
    0x5a, 0xf7, 0x5a, 0xf7, 0x45, 0x29, 0x45, 0x29, 0x5a, 0xf7, 0x5a, 0xf7, 0x5a, 0xf7, 0x5a, 0xf7,
    0x67, 0xdb, 0x67, 0xdb, 0x67, 0xdb, 0x67, 0xdb, 0x67, 0xdb, 0x67, 0xdb, 0x17, 0xb6, 0x17, 0xb6,
    0x15, 0x8d, 0x15, 0x8d, 0x15, 0x8d, 0x15, 0x8d, 0x15, 0x8d, 0x15, 0x8d, 0x15, 0x8d, 0x15, 0x8d,
    0x15, 0x8d, 0x15, 0x8d, 0x15, 0x8d, 0x15, 0x8d, 0x15, 0x8d, 0x15, 0x8d, 0x17, 0xb6, 0x17, 0xb6,
    0x17, 0xb6, 0x17, 0xb6, 0x17, 0xb6, 0x17, 0xb6, 0x7b, 0xf7, 0x7b, 0xf7, 0x17, 0xb6, 0x17, 0xb6,
    0x17, 0xb6, 0x17, 0xb6, 0x7b, 0xf7, 0x7b, 0xf7, 0x17, 0xb6, 0x17, 0xb6, 0x17, 0xb6, 0x17, 0xb6,
    0x17, 0xb6, 0x17, 0xb6, 0x17, 0xb6, 0x17, 0xb6, 0x17, 0xb6, 0x17, 0xb6, 0x17, 0xb6, 0x17, 0xb6,
    0x17, 0xb6, 0x17, 0xb6, 0x67, 0xdb, 0x67, 0xdb, 0x67, 0xdb, 0x67, 0xdb, 0x67, 0xdb, 0x67, 0xdb,
    0x5a, 0xf7, 0x5a, 0xf7, 0x45, 0x29, 0x45, 0x29, 0x5a, 0xf7, 0x5a, 0xf7, 0x5a, 0xf7, 0x5a, 0xf7,
    0x67, 0xdb, 0x67, 0xdb, 0x67, 0xdb, 0x67, 0xdb, 0x67, 0xdb, 0x67, 0xdb, 0x17, 0xb6, 0x17, 0xb6,
    0x15, 0x8d, 0x15, 0x8d, 0x15, 0x8d, 0x15, 0x8d, 0x15, 0x8d, 0x15, 0x8d, 0x15, 0x8d, 0x15, 0x8d,
    0x15, 0x8d, 0x15, 0x8d, 0x15, 0x8d, 0x15, 0x8d, 0x15, 0x8d, 0x15, 0x8d, 0x17, 0xb6, 0x17, 0xb6,
    0x17, 0xb6, 0x17, 0xb6, 0x17, 0xb6, 0x17, 0xb6, 0x7b, 0xf7, 0x7b, 0xf7, 0x17, 0xb6, 0x17, 0xb6,
    0x38, 0xb6, 0x38, 0xb6, 0x7b, 0xf7, 0x7b, 0xf7, 0xcb, 0xb3, 0xcb, 0xb3, 0xcb, 0xb3, 0xcb, 0xb3,
    0xcb, 0xb3, 0xcb, 0xb3, 0xcb, 0xb3, 0xcb, 0xb3, 0xcb, 0xb3, 0xcb, 0xb3, 0xcb, 0xb3, 0xcb, 0xb3,
    0xcb, 0xb3, 0xcb, 0xb3, 0x67, 0xdb, 0x67, 0xdb, 0x67, 0xdb, 0x67, 0xdb, 0x67, 0xdb, 0x67, 0xdb,
    0x5a, 0xf7, 0x5a, 0xf7, 0x5a, 0xf7, 0x5a, 0xf7, 0x5a, 0xf7, 0x5a, 0xf7, 0x5a, 0xf7, 0x5a, 0xf7,
    0x67, 0xdb, 0x67, 0xdb, 0x67, 0xdb, 0x67, 0xdb, 0x67, 0xdb, 0x67, 0xdb, 0x67, 0xdb, 0x67, 0xdb,
    0x67, 0xdb, 0x67, 0xdb, 0x15, 0x8d, 0x15, 0x8d, 0x15, 0x8d, 0x15, 0x8d, 0x15, 0x8d, 0x15, 0x8d,
    0x15, 0x8d, 0x15, 0x8d, 0x15, 0x8d, 0x15, 0x8d, 0x15, 0x8d, 0x15, 0x8d, 0x38, 0xb6, 0x38, 0xb6,
    0x38, 0xb6, 0x38, 0xb6, 0x38, 0xb6, 0x38, 0xb6, 0x7b, 0xf7, 0x7b, 0xf7, 0x38, 0xb6, 0x38, 0xb6,
    0x38, 0xb6, 0x38, 0xb6, 0x7b, 0xf7, 0x7b, 0xf7, 0xcb, 0xb3, 0xcb, 0xb3, 0xcb, 0xb3, 0xcb, 0xb3,
    0xcb, 0xb3, 0xcb, 0xb3, 0xcb, 0xb3, 0xcb, 0xb3, 0xcb, 0xb3, 0xcb, 0xb3, 0xcb, 0xb3, 0xcb, 0xb3,
    0xcb, 0xb3, 0xcb, 0xb3, 0x67, 0xdb, 0x67, 0xdb, 0x67, 0xdb, 0x67, 0xdb, 0x67, 0xdb, 0x67, 0xdb,
    0x5a, 0xf7, 0x5a, 0xf7, 0x5a, 0xf7, 0x5a, 0xf7, 0x5a, 0xf7, 0x5a, 0xf7, 0x5a, 0xf7, 0x5a, 0xf7,
    0x67, 0xdb, 0x67, 0xdb, 0x67, 0xdb, 0x67, 0xdb, 0x67, 0xdb, 0x67, 0xdb, 0x67, 0xdb, 0x67, 0xdb,
    0x67, 0xdb, 0x67, 0xdb, 0x15, 0x8d, 0x15, 0x8d, 0x15, 0x8d, 0x15, 0x8d, 0x15, 0x8d, 0x15, 0x8d,
    0x15, 0x8d, 0x15, 0x8d, 0x15, 0x8d, 0x15, 0x8d, 0x15, 0x8d, 0x15, 0x8d, 0x38, 0xb6, 0x38, 0xb6,
    0x38, 0xb6, 0x38, 0xb6, 0x38, 0xb6, 0x38, 0xb6, 0x7b, 0xf7, 0x7b, 0xf7, 0x38, 0xb6, 0x38, 0xb6,
    0x39, 0xae, 0x39, 0xae, 0x7b, 0xf7, 0x7b, 0xf7, 0xcb, 0xb3, 0xcb, 0xb3, 0xcb, 0xb3, 0xcb, 0xb3,
    0xcb, 0xb3, 0xcb, 0xb3, 0xcb, 0xb3, 0xcb, 0xb3, 0xcb, 0xb3, 0xcb, 0xb3, 0xcb, 0xb3, 0xcb, 0xb3,
    0xcb, 0xb3, 0xcb, 0xb3, 0x67, 0xdb, 0x67, 0xdb, 0x67, 0xdb, 0x67, 0xdb, 0x67, 0xdb, 0x67, 0xdb,
    0x5a, 0xf7, 0x5a, 0xf7, 0x5a, 0xf7, 0x5a, 0xf7, 0x5a, 0xf7, 0x5a, 0xf7, 0x5a, 0xf7, 0x5a, 0xf7,
    0x67, 0xdb, 0x67, 0xdb, 0x67, 0xdb, 0x67, 0xdb, 0x67, 0xdb, 0x67, 0xdb, 0x67, 0xdb, 0x67, 0xdb,
    0x67, 0xdb, 0x67, 0xdb, 0x15, 0x8d, 0x15, 0x8d, 0x15, 0x8d, 0x15, 0x8d, 0x15, 0x8d, 0x15, 0x8d,
    0x15, 0x8d, 0x15, 0x8d, 0x15, 0x8d, 0x15, 0x8d, 0x15, 0x8d, 0x15, 0x8d, 0x39, 0xae, 0x39, 0xae,
    0x39, 0xae, 0x39, 0xae, 0x39, 0xae, 0x39, 0xae, 0x7b, 0xf7, 0x7b, 0xf7, 0x39, 0xae, 0x39, 0xae,
    0x39, 0xae, 0x39, 0xae, 0x7b, 0xf7, 0x7b, 0xf7, 0xcb, 0xb3, 0xcb, 0xb3, 0xcb, 0xb3, 0xcb, 0xb3,
    0xcb, 0xb3, 0xcb, 0xb3, 0xcb, 0xb3, 0xcb, 0xb3, 0xcb, 0xb3, 0xcb, 0xb3, 0xcb, 0xb3, 0xcb, 0xb3,
    0xcb, 0xb3, 0xcb, 0xb3, 0x67, 0xdb, 0x67, 0xdb, 0x67, 0xdb, 0x67, 0xdb, 0x67, 0xdb, 0x67, 0xdb,
    0x5a, 0xf7, 0x5a, 0xf7, 0x5a, 0xf7, 0x5a, 0xf7, 0x5a, 0xf7, 0x5a, 0xf7, 0x5a, 0xf7, 0x5a, 0xf7,
    0x67, 0xdb, 0x67, 0xdb, 0x67, 0xdb, 0x67, 0xdb, 0x67, 0xdb, 0x67, 0xdb, 0x67, 0xdb, 0x67, 0xdb,
    0x67, 0xdb, 0x67, 0xdb, 0x15, 0x8d, 0x15, 0x8d, 0x15, 0x8d, 0x15, 0x8d, 0x15, 0x8d, 0x15, 0x8d,
    0x15, 0x8d, 0x15, 0x8d, 0x15, 0x8d, 0x15, 0x8d, 0x15, 0x8d, 0x15, 0x8d, 0x39, 0xae, 0x39, 0xae,
    0x39, 0xae, 0x39, 0xae, 0x39, 0xae, 0x39, 0xae, 0x7b, 0xf7, 0x7b, 0xf7, 0x39, 0xae, 0x39, 0xae,
    0xd5, 0x74, 0xd5, 0x74, 0x7b, 0xf7, 0x7b, 0xf7, 0xcb, 0xb3, 0xcb, 0xb3, 0xcb, 0xb3, 0xcb, 0xb3,
    0xcb, 0xb3, 0xcb, 0xb3, 0xcb, 0xb3, 0xcb, 0xb3, 0xcb, 0xb3, 0xcb, 0xb3, 0xcb, 0xb3, 0xcb, 0xb3,
    0xcb, 0xb3, 0xcb, 0xb3, 0x67, 0xdb, 0x67, 0xdb, 0x67, 0xdb, 0x67, 0xdb, 0x67, 0xdb, 0x67, 0xdb,
    0x67, 0xdb, 0x67, 0xdb, 0x67, 0xdb, 0x67, 0xdb, 0x67, 0xdb, 0x67, 0xdb, 0x67, 0xdb, 0x67, 0xdb,
    0x67, 0xdb, 0x67, 0xdb, 0x67, 0xdb, 0x67, 0xdb, 0x67, 0xdb, 0x67, 0xdb, 0x67, 0xdb, 0x67, 0xdb,
    0x67, 0xdb, 0x67, 0xdb, 0x15, 0x8d, 0x15, 0x8d, 0x15, 0x8d, 0x15, 0x8d, 0x15, 0x8d, 0x15, 0x8d,
    0x15, 0x8d, 0x15, 0x8d, 0x15, 0x8d, 0x15, 0x8d, 0x15, 0x8d, 0x15, 0x8d, 0xd5, 0x74, 0xd5, 0x74,
    0xd5, 0x74, 0xd5, 0x74, 0xd5, 0x74, 0xd5, 0x74, 0x7b, 0xf7, 0x7b, 0xf7, 0xd5, 0x74, 0xd5, 0x74,
    0xd5, 0x74, 0xd5, 0x74, 0x7b, 0xf7, 0x7b, 0xf7, 0xcb, 0xb3, 0xcb, 0xb3, 0xcb, 0xb3, 0xcb, 0xb3,
    0xcb, 0xb3, 0xcb, 0xb3, 0xcb, 0xb3, 0xcb, 0xb3, 0xcb, 0xb3, 0xcb, 0xb3, 0xcb, 0xb3, 0xcb, 0xb3,
    0xcb, 0xb3, 0xcb, 0xb3, 0x67, 0xdb, 0x67, 0xdb, 0x67, 0xdb, 0x67, 0xdb, 0x67, 0xdb, 0x67, 0xdb,
    0x67, 0xdb, 0x67, 0xdb, 0x67, 0xdb, 0x67, 0xdb, 0x67, 0xdb, 0x67, 0xdb, 0x67, 0xdb, 0x67, 0xdb,
    0x67, 0xdb, 0x67, 0xdb, 0x67, 0xdb, 0x67, 0xdb, 0x67, 0xdb, 0x67, 0xdb, 0x67, 0xdb, 0x67, 0xdb,
    0x67, 0xdb, 0x67, 0xdb, 0x15, 0x8d, 0x15, 0x8d, 0x15, 0x8d, 0x15, 0x8d, 0x15, 0x8d, 0x15, 0x8d,
    0x15, 0x8d, 0x15, 0x8d, 0x15, 0x8d, 0x15, 0x8d, 0x15, 0x8d, 0x15, 0x8d, 0xd5, 0x74, 0xd5, 0x74,
    0xd5, 0x74, 0xd5, 0x74, 0xd5, 0x74, 0xd5, 0x74, 0x7b, 0xf7, 0x7b, 0xf7, 0xd5, 0x74, 0xd5, 0x74,
    0xd5, 0x74, 0xd5, 0x74, 0x7b, 0xf7, 0x7b, 0xf7, 0xcb, 0xb3, 0xcb, 0xb3, 0xcb, 0xb3, 0xcb, 0xb3,
    0xcb, 0xb3, 0xcb, 0xb3, 0xcb, 0xb3, 0xcb, 0xb3, 0xcb, 0xb3, 0xcb, 0xb3, 0xcb, 0xb3, 0xcb, 0xb3,
    0xcb, 0xb3, 0xcb, 0xb3, 0xcb, 0xb3, 0xcb, 0xb3, 0x67, 0xdb, 0x67, 0xdb, 0x67, 0xdb, 0x67, 0xdb,
    0x67, 0xdb, 0x67, 0xdb, 0x67, 0xdb, 0x67, 0xdb, 0x67, 0xdb, 0x67, 0xdb, 0x67, 0xdb, 0x67, 0xdb,
    0x67, 0xdb, 0x67, 0xdb, 0x67, 0xdb, 0x67, 0xdb, 0x67, 0xdb, 0x67, 0xdb, 0x67, 0xdb, 0x67, 0xdb,
    0x15, 0x8d, 0x15, 0x8d, 0x15, 0x8d, 0x15, 0x8d, 0x15, 0x8d, 0x15, 0x8d, 0x15, 0x8d, 0x15, 0x8d,
    0x15, 0x8d, 0x15, 0x8d, 0x15, 0x8d, 0x15, 0x8d, 0x15, 0x8d, 0x15, 0x8d, 0xd5, 0x74, 0xd5, 0x74,
    0xd5, 0x74, 0xd5, 0x74, 0xd5, 0x74, 0xd5, 0x74, 0x7b, 0xf7, 0x7b, 0xf7, 0xd5, 0x74, 0xd5, 0x74,
    0xd5, 0x74, 0xd5, 0x74, 0x7b, 0xf7, 0x7b, 0xf7, 0xcb, 0xb3, 0xcb, 0xb3, 0xcb, 0xb3, 0xcb, 0xb3,
    0xcb, 0xb3, 0xcb, 0xb3, 0xcb, 0xb3, 0xcb, 0xb3, 0xcb, 0xb3, 0xcb, 0xb3, 0xcb, 0xb3, 0xcb, 0xb3,
    0xcb, 0xb3, 0xcb, 0xb3, 0xcb, 0xb3, 0xcb, 0xb3, 0x67, 0xdb, 0x67, 0xdb, 0x67, 0xdb, 0x67, 0xdb,
    0x67, 0xdb, 0x67, 0xdb, 0x67, 0xdb, 0x67, 0xdb, 0x67, 0xdb, 0x67, 0xdb, 0x67, 0xdb, 0x67, 0xdb,
    0x67, 0xdb, 0x67, 0xdb, 0x67, 0xdb, 0x67, 0xdb, 0x67, 0xdb, 0x67, 0xdb, 0x67, 0xdb, 0x67, 0xdb,
    0x15, 0x8d, 0x15, 0x8d, 0x15, 0x8d, 0x15, 0x8d, 0x15, 0x8d, 0x15, 0x8d, 0x15, 0x8d, 0x15, 0x8d,
    0x15, 0x8d, 0x15, 0x8d, 0x15, 0x8d, 0x15, 0x8d, 0x15, 0x8d, 0x15, 0x8d, 0xd5, 0x74, 0xd5, 0x74,
    0xd5, 0x74, 0xd5, 0x74, 0xd5, 0x74, 0xd5, 0x74, 0x7b, 0xf7, 0x7b, 0xf7, 0xd5, 0x74, 0xd5, 0x74,
    0x6f, 0x5b, 0x6f, 0x5b, 0x7b, 0xf7, 0x7b, 0xf7, 0xcb, 0xb3, 0xcb, 0xb3, 0xcb, 0xb3, 0xcb, 0xb3,
    0xcb, 0xb3, 0xcb, 0xb3, 0xcb, 0xb3, 0xcb, 0xb3, 0xcb, 0xb3, 0xcb, 0xb3, 0xcb, 0xb3, 0xcb, 0xb3,
    0xcb, 0xb3, 0xcb, 0xb3, 0xcb, 0xb3, 0xcb, 0xb3, 0x67, 0xdb, 0x67, 0xdb, 0x67, 0xdb, 0x67, 0xdb,
    0x67, 0xdb, 0x67, 0xdb, 0x67, 0xdb, 0x67, 0xdb, 0x67, 0xdb, 0x67, 0xdb, 0x67, 0xdb, 0x67, 0xdb,
    0x67, 0xdb, 0x67, 0xdb, 0x67, 0xdb, 0x67, 0xdb, 0x67, 0xdb, 0x67, 0xdb, 0x67, 0xdb, 0x67, 0xdb,
    0x15, 0x8d, 0x15, 0x8d, 0x15, 0x8d, 0x15, 0x8d, 0x15, 0x8d, 0x15, 0x8d, 0x15, 0x8d, 0x15, 0x8d,
    0x15, 0x8d, 0x15, 0x8d, 0x15, 0x8d, 0x15, 0x8d, 0x15, 0x8d, 0x15, 0x8d, 0x6f, 0x5b, 0x6f, 0x5b,
    0x6f, 0x5b, 0x6f, 0x5b, 0x6f, 0x5b, 0x6f, 0x5b, 0x7b, 0xf7, 0x7b, 0xf7, 0x6f, 0x5b, 0x6f, 0x5b,
    0x6f, 0x5b, 0x6f, 0x5b, 0x7b, 0xf7, 0x7b, 0xf7, 0xcb, 0xb3, 0xcb, 0xb3, 0xcb, 0xb3, 0xcb, 0xb3,
    0xcb, 0xb3, 0xcb, 0xb3, 0xcb, 0xb3, 0xcb, 0xb3, 0xcb, 0xb3, 0xcb, 0xb3, 0xcb, 0xb3, 0xcb, 0xb3,
    0xcb, 0xb3, 0xcb, 0xb3, 0xcb, 0xb3, 0xcb, 0xb3, 0x67, 0xdb, 0x67, 0xdb, 0x67, 0xdb, 0x67, 0xdb,
    0x67, 0xdb, 0x67, 0xdb, 0x67, 0xdb, 0x67, 0xdb, 0x67, 0xdb, 0x67, 0xdb, 0x67, 0xdb, 0x67, 0xdb,
    0x67, 0xdb, 0x67, 0xdb, 0x67, 0xdb, 0x67, 0xdb, 0x67, 0xdb, 0x67, 0xdb, 0x67, 0xdb, 0x67, 0xdb,
    0x15, 0x8d, 0x15, 0x8d, 0x15, 0x8d, 0x15, 0x8d, 0x15, 0x8d, 0x15, 0x8d, 0x15, 0x8d, 0x15, 0x8d,
    0x15, 0x8d, 0x15, 0x8d, 0x15, 0x8d, 0x15, 0x8d, 0x15, 0x8d, 0x15, 0x8d, 0x6f, 0x5b, 0x6f, 0x5b,
    0x6f, 0x5b, 0x6f, 0x5b, 0x6f, 0x5b, 0x6f, 0x5b, 0x7b, 0xf7, 0x7b, 0xf7, 0x6f, 0x5b, 0x6f, 0x5b,
    0x6f, 0x5b, 0x6f, 0x5b, 0x7b, 0xf7, 0x7b, 0xf7, 0x6f, 0x5b, 0x6f, 0x5b, 0x6f, 0x5b, 0x6f, 0x5b,
    0x6f, 0x5b, 0x6f, 0x5b, 0x6f, 0x5b, 0x6f, 0x5b, 0x6f, 0x5b, 0x6f, 0x5b, 0x6f, 0x5b, 0x6f, 0x5b,
    0x6f, 0x5b, 0x6f, 0x5b, 0x6f, 0x5b, 0x6f, 0x5b, 0x67, 0xdb, 0x67, 0xdb, 0x67, 0xdb, 0x67, 0xdb,
    0x67, 0xdb, 0x67, 0xdb, 0x67, 0xdb, 0x67, 0xdb, 0x67, 0xdb, 0x67, 0xdb, 0x67, 0xdb, 0x67, 0xdb,
    0x67, 0xdb, 0x67, 0xdb, 0x67, 0xdb, 0x67, 0xdb, 0x67, 0xdb, 0x67, 0xdb, 0x67, 0xdb, 0x67, 0xdb,
    0x6f, 0x5b, 0x6f, 0x5b, 0x6f, 0x5b, 0x6f, 0x5b, 0x6f, 0x5b, 0x6f, 0x5b, 0x6f, 0x5b, 0x6f, 0x5b,
    0x6f, 0x5b, 0x6f, 0x5b, 0x6f, 0x5b, 0x6f, 0x5b, 0x6f, 0x5b, 0x6f, 0x5b, 0x6f, 0x5b, 0x6f, 0x5b,
    0x6f, 0x5b, 0x6f, 0x5b, 0x6f, 0x5b, 0x6f, 0x5b, 0x7b, 0xf7, 0x7b, 0xf7, 0x6f, 0x5b, 0x6f, 0x5b,
    0x6f, 0x5b, 0x6f, 0x5b, 0x7b, 0xf7, 0x7b, 0xf7, 0x6f, 0x5b, 0x6f, 0x5b, 0x6f, 0x5b, 0x6f, 0x5b,
    0x6f, 0x5b, 0x6f, 0x5b, 0x6f, 0x5b, 0x6f, 0x5b, 0x6f, 0x5b, 0x6f, 0x5b, 0x6f, 0x5b, 0x6f, 0x5b,
    0x6f, 0x5b, 0x6f, 0x5b, 0x6f, 0x5b, 0x6f, 0x5b, 0x67, 0xdb, 0x67, 0xdb, 0x67, 0xdb, 0x67, 0xdb,
    0x67, 0xdb, 0x67, 0xdb, 0x67, 0xdb, 0x67, 0xdb, 0x67, 0xdb, 0x67, 0xdb, 0x67, 0xdb, 0x67, 0xdb,
    0x67, 0xdb, 0x67, 0xdb, 0x67, 0xdb, 0x67, 0xdb, 0x67, 0xdb, 0x67, 0xdb, 0x67, 0xdb, 0x67, 0xdb,
    0x6f, 0x5b, 0x6f, 0x5b, 0x6f, 0x5b, 0x6f, 0x5b, 0x6f, 0x5b, 0x6f, 0x5b, 0x6f, 0x5b, 0x6f, 0x5b,
    0x6f, 0x5b, 0x6f, 0x5b, 0x6f, 0x5b, 0x6f, 0x5b, 0x6f, 0x5b, 0x6f, 0x5b, 0x6f, 0x5b, 0x6f, 0x5b,
    0x6f, 0x5b, 0x6f, 0x5b, 0x6f, 0x5b, 0x6f, 0x5b, 0x7b, 0xf7, 0x7b, 0xf7, 0x6f, 0x5b, 0x6f, 0x5b,
    0x6f, 0x5b, 0x6f, 0x5b, 0x7b, 0xf7, 0x7b, 0xf7, 0x6f, 0x5b, 0x6f, 0x5b, 0x6f, 0x5b, 0x6f, 0x5b,
    0x6f, 0x5b, 0x6f, 0x5b, 0x6f, 0x5b, 0x6f, 0x5b, 0x6f, 0x5b, 0x6f, 0x5b, 0x6f, 0x5b, 0x6f, 0x5b,
    0x6f, 0x5b, 0x6f, 0x5b, 0x6f, 0x5b, 0x6f, 0x5b, 0x67, 0xdb, 0x67, 0xdb, 0x67, 0xdb, 0x67, 0xdb,
    0x67, 0xdb, 0x67, 0xdb, 0x67, 0xdb, 0x67, 0xdb, 0x67, 0xdb, 0x67, 0xdb, 0x67, 0xdb, 0x67, 0xdb,
    0x67, 0xdb, 0x67, 0xdb, 0x67, 0xdb, 0x67, 0xdb, 0x67, 0xdb, 0x67, 0xdb, 0x67, 0xdb, 0x67, 0xdb,
    0x6f, 0x5b, 0x6f, 0x5b, 0x6f, 0x5b, 0x6f, 0x5b, 0x6f, 0x5b, 0x6f, 0x5b, 0x6f, 0x5b, 0x6f, 0x5b,
    0x6f, 0x5b, 0x6f, 0x5b, 0x6f, 0x5b, 0x6f, 0x5b, 0x6f, 0x5b, 0x6f, 0x5b, 0x6f, 0x5b, 0x6f, 0x5b,
    0x6f, 0x5b, 0x6f, 0x5b, 0x6f, 0x5b, 0x6f, 0x5b, 0x7b, 0xf7, 0x7b, 0xf7, 0x6f, 0x5b, 0x6f, 0x5b,
    0x6f, 0x5b, 0x6f, 0x5b, 0x7b, 0xf7, 0x7b, 0xf7, 0x6f, 0x5b, 0x6f, 0x5b, 0x6f, 0x5b, 0x6f, 0x5b,
    0x6f, 0x5b, 0x6f, 0x5b, 0x6f, 0x5b, 0x6f, 0x5b, 0x6f, 0x5b, 0x6f, 0x5b, 0x6f, 0x5b, 0x6f, 0x5b,
    0x6f, 0x5b, 0x6f, 0x5b, 0x6f, 0x5b, 0x6f, 0x5b, 0x67, 0xdb, 0x67, 0xdb, 0x67, 0xdb, 0x67, 0xdb,
    0x67, 0xdb, 0x67, 0xdb, 0x67, 0xdb, 0x67, 0xdb, 0x67, 0xdb, 0x67, 0xdb, 0x67, 0xdb, 0x67, 0xdb,
    0x67, 0xdb, 0x67, 0xdb, 0x67, 0xdb, 0x67, 0xdb, 0x67, 0xdb, 0x67, 0xdb, 0x67, 0xdb, 0x67, 0xdb,
    0x6f, 0x5b, 0x6f, 0x5b, 0x6f, 0x5b, 0x6f, 0x5b, 0x6f, 0x5b, 0x6f, 0x5b, 0x6f, 0x5b, 0x6f, 0x5b,
    0x6f, 0x5b, 0x6f, 0x5b, 0x6f, 0x5b, 0x6f, 0x5b, 0x6f, 0x5b, 0x6f, 0x5b, 0x6f, 0x5b, 0x6f, 0x5b,
    0x6f, 0x5b, 0x6f, 0x5b, 0x6f, 0x5b, 0x6f, 0x5b, 0x7b, 0xf7, 0x7b, 0xf7, 0x6f, 0x5b, 0x6f, 0x5b,
    0x6f, 0x5b, 0x6f, 0x5b, 0x7b, 0xf7, 0x7b, 0xf7, 0x6f, 0x5b, 0x6f, 0x5b, 0x6f, 0x5b, 0x6f, 0x5b,
    0x6f, 0x5b, 0x6f, 0x5b, 0x6f, 0x5b, 0x6f, 0x5b, 0x6f, 0x5b, 0x6f, 0x5b, 0x6f, 0x5b, 0x6f, 0x5b,
    0x6f, 0x5b, 0x6f, 0x5b, 0x6f, 0x5b, 0x6f, 0x5b, 0x67, 0xdb, 0x67, 0xdb, 0x5a, 0xf7, 0x5a, 0xf7,
    0x5a, 0xf7, 0x5a, 0xf7, 0x67, 0xdb, 0x67, 0xdb, 0x67, 0xdb, 0x67, 0xdb, 0x5a, 0xf7, 0x5a, 0xf7,
    0x5a, 0xf7, 0x5a, 0xf7, 0x67, 0xdb, 0x67, 0xdb, 0x67, 0xdb, 0x67, 0xdb, 0x67, 0xdb, 0x67, 0xdb,
    0x6f, 0x5b, 0x6f, 0x5b, 0x6f, 0x5b, 0x6f, 0x5b, 0x6f, 0x5b, 0x6f, 0x5b, 0x6f, 0x5b, 0x6f, 0x5b,
    0x6f, 0x5b, 0x6f, 0x5b, 0x6f, 0x5b, 0x6f, 0x5b, 0x6f, 0x5b, 0x6f, 0x5b, 0x6f, 0x5b, 0x6f, 0x5b,
    0x6f, 0x5b, 0x6f, 0x5b, 0x6f, 0x5b, 0x6f, 0x5b, 0x7b, 0xf7, 0x7b, 0xf7, 0x6f, 0x5b, 0x6f, 0x5b,
    0x6f, 0x5b, 0x6f, 0x5b, 0x7b, 0xf7, 0x7b, 0xf7, 0x6f, 0x5b, 0x6f, 0x5b, 0x6f, 0x5b, 0x6f, 0x5b,
    0x6f, 0x5b, 0x6f, 0x5b, 0x6f, 0x5b, 0x6f, 0x5b, 0x6f, 0x5b, 0x6f, 0x5b, 0x6f, 0x5b, 0x6f, 0x5b,
    0x6f, 0x5b, 0x6f, 0x5b, 0x6f, 0x5b, 0x6f, 0x5b, 0x67, 0xdb, 0x67, 0xdb, 0x5a, 0xf7, 0x5a, 0xf7,
    0x5a, 0xf7, 0x5a, 0xf7, 0x67, 0xdb, 0x67, 0xdb, 0x67, 0xdb, 0x67, 0xdb, 0x5a, 0xf7, 0x5a, 0xf7,
    0x5a, 0xf7, 0x5a, 0xf7, 0x67, 0xdb, 0x67, 0xdb, 0x67, 0xdb, 0x67, 0xdb, 0x67, 0xdb, 0x67, 0xdb,
    0x6f, 0x5b, 0x6f, 0x5b, 0x6f, 0x5b, 0x6f, 0x5b, 0x6f, 0x5b, 0x6f, 0x5b, 0x6f, 0x5b, 0x6f, 0x5b,
    0x6f, 0x5b, 0x6f, 0x5b, 0x6f, 0x5b, 0x6f, 0x5b, 0x6f, 0x5b, 0x6f, 0x5b, 0x6f, 0x5b, 0x6f, 0x5b,
    0x6f, 0x5b, 0x6f, 0x5b, 0x6f, 0x5b, 0x6f, 0x5b, 0x7b, 0xf7, 0x7b, 0xf7, 0x6f, 0x5b, 0x6f, 0x5b,
    0x6f, 0x5b, 0x6f, 0x5b, 0x7b, 0xf7, 0x7b, 0xf7, 0x7b, 0xf7, 0x7b, 0xf7, 0x7b, 0xf7, 0x7b, 0xf7,
    0x7b, 0xf7, 0x7b, 0xf7, 0x7b, 0xf7, 0x7b, 0xf7, 0x7b, 0xf7, 0x7b, 0xf7, 0x7b, 0xf7, 0x7b, 0xf7,
    0x7b, 0xf7, 0x7b, 0xf7, 0x7b, 0xf7, 0x7b, 0xf7, 0x7b, 0xf7, 0x7b, 0xf7, 0x7b, 0xf7, 0x7b, 0xf7,
    0x7b, 0xf7, 0x7b, 0xf7, 0x7b, 0xf7, 0x7b, 0xf7, 0x7b, 0xf7, 0x7b, 0xf7, 0x7b, 0xf7, 0x7b, 0xf7,
    0x7b, 0xf7, 0x7b, 0xf7, 0x7b, 0xf7, 0x7b, 0xf7, 0x7b, 0xf7, 0x7b, 0xf7, 0x7b, 0xf7, 0x7b, 0xf7,
    0x7b, 0xf7, 0x7b, 0xf7, 0x7b, 0xf7, 0x7b, 0xf7, 0x7b, 0xf7, 0x7b, 0xf7, 0x7b, 0xf7, 0x7b, 0xf7,
    0x7b, 0xf7, 0x7b, 0xf7, 0x7b, 0xf7, 0x7b, 0xf7, 0x7b, 0xf7, 0x7b, 0xf7, 0x7b, 0xf7, 0x7b, 0xf7,
    0x7b, 0xf7, 0x7b, 0xf7, 0x7b, 0xf7, 0x7b, 0xf7, 0x7b, 0xf7, 0x7b, 0xf7, 0x6f, 0x5b, 0x6f, 0x5b,
    0x6f, 0x5b, 0x6f, 0x5b, 0x7b, 0xf7, 0x7b, 0xf7, 0x7b, 0xf7, 0x7b, 0xf7, 0x7b, 0xf7, 0x7b, 0xf7,
    0x7b, 0xf7, 0x7b, 0xf7, 0x7b, 0xf7, 0x7b, 0xf7, 0x7b, 0xf7, 0x7b, 0xf7, 0x7b, 0xf7, 0x7b, 0xf7,
    0x7b, 0xf7, 0x7b, 0xf7, 0x7b, 0xf7, 0x7b, 0xf7, 0x7b, 0xf7, 0x7b, 0xf7, 0x7b, 0xf7, 0x7b, 0xf7,
    0x7b, 0xf7, 0x7b, 0xf7, 0x7b, 0xf7, 0x7b, 0xf7, 0x7b, 0xf7, 0x7b, 0xf7, 0x7b, 0xf7, 0x7b, 0xf7,
    0x7b, 0xf7, 0x7b, 0xf7, 0x7b, 0xf7, 0x7b, 0xf7, 0x7b, 0xf7, 0x7b, 0xf7, 0x7b, 0xf7, 0x7b, 0xf7,
    0x7b, 0xf7, 0x7b, 0xf7, 0x7b, 0xf7, 0x7b, 0xf7, 0x7b, 0xf7, 0x7b, 0xf7, 0x7b, 0xf7, 0x7b, 0xf7,
    0x7b, 0xf7, 0x7b, 0xf7, 0x7b, 0xf7, 0x7b, 0xf7, 0x7b, 0xf7, 0x7b, 0xf7, 0x7b, 0xf7, 0x7b, 0xf7,
    0x7b, 0xf7, 0x7b, 0xf7, 0x7b, 0xf7, 0x7b, 0xf7, 0x7b, 0xf7, 0x7b, 0xf7, 0x6f, 0x5b, 0x6f, 0x5b,
    0x6f, 0x5b, 0x6f, 0x5b, 0x6f, 0x5b, 0x6f, 0x5b, 0x6f, 0x5b, 0x6f, 0x5b, 0x6f, 0x5b, 0x6f, 0x5b,
    0x6f, 0x5b, 0x6f, 0x5b, 0x6f, 0x5b, 0x6f, 0x5b, 0x6f, 0x5b, 0x6f, 0x5b, 0x6f, 0x5b, 0x6f, 0x5b,
    0x6f, 0x5b, 0x6f, 0x5b, 0x6f, 0x5b, 0x6f, 0x5b, 0x6f, 0x5b, 0x6f, 0x5b, 0x5a, 0xf7, 0x5a, 0xf7,
    0x5a, 0xf7, 0x5a, 0xf7, 0x6f, 0x5b, 0x6f, 0x5b, 0x6f, 0x5b, 0x6f, 0x5b, 0x5a, 0xf7, 0x5a, 0xf7,
    0x5a, 0xf7, 0x5a, 0xf7, 0x6f, 0x5b, 0x6f, 0x5b, 0x6f, 0x5b, 0x6f, 0x5b, 0x6f, 0x5b, 0x6f, 0x5b,
    0x6f, 0x5b, 0x6f, 0x5b, 0x6f, 0x5b, 0x6f, 0x5b, 0x6f, 0x5b, 0x6f, 0x5b, 0x6f, 0x5b, 0x6f, 0x5b,
    0x6f, 0x5b, 0x6f, 0x5b, 0x6f, 0x5b, 0x6f, 0x5b, 0x6f, 0x5b, 0x6f, 0x5b, 0x6f, 0x5b, 0x6f, 0x5b,
    0x6f, 0x5b, 0x6f, 0x5b, 0x6f, 0x5b, 0x6f, 0x5b, 0x6f, 0x5b, 0x6f, 0x5b, 0x6f, 0x5b, 0x6f, 0x5b,
    0x6f, 0x5b, 0x6f, 0x5b, 0x6f, 0x5b, 0x6f, 0x5b, 0x6f, 0x5b, 0x6f, 0x5b, 0x6f, 0x5b, 0x6f, 0x5b,
    0x6f, 0x5b, 0x6f, 0x5b, 0x6f, 0x5b, 0x6f, 0x5b, 0x6f, 0x5b, 0x6f, 0x5b, 0x6f, 0x5b, 0x6f, 0x5b,
    0x6f, 0x5b, 0x6f, 0x5b, 0x6f, 0x5b, 0x6f, 0x5b, 0x6f, 0x5b, 0x6f, 0x5b, 0x5a, 0xf7, 0x5a, 0xf7,
    0x5a, 0xf7, 0x5a, 0xf7, 0x6f, 0x5b, 0x6f, 0x5b, 0x6f, 0x5b, 0x6f, 0x5b, 0x5a, 0xf7, 0x5a, 0xf7,
    0x5a, 0xf7, 0x5a, 0xf7, 0x6f, 0x5b, 0x6f, 0x5b, 0x6f, 0x5b, 0x6f, 0x5b, 0x6f, 0x5b, 0x6f, 0x5b,
    0x6f, 0x5b, 0x6f, 0x5b, 0x6f, 0x5b, 0x6f, 0x5b, 0x6f, 0x5b, 0x6f, 0x5b, 0x6f, 0x5b, 0x6f, 0x5b,
    0x6f, 0x5b, 0x6f, 0x5b, 0x6f, 0x5b, 0x6f, 0x5b, 0x6f, 0x5b, 0x6f, 0x5b, 0x6f, 0x5b, 0x6f, 0x5b,
    0x6f, 0x5b, 0x6f, 0x5b, 0x6f, 0x5b, 0x6f, 0x5b, 0x6f, 0x5b, 0x6f, 0x5b, 0x6f, 0x5b, 0x6f, 0x5b,
};

const lv_img_dsc_t waveshare_photo_roof_sun = {
    {LV_IMG_CF_TRUE_COLOR, 0, 0, WAVESHARE_PHOTO_W, WAVESHARE_PHOTO_H},
    sizeof(waveshare_photo_roof_sun_map),
    waveshare_photo_roof_sun_map,
};

static const uint8_t waveshare_photo_window_rain_map[WAVESHARE_PHOTO_W * WAVESHARE_PHOTO_H * 2] = {
    0x92, 0x53, 0x92, 0x53, 0x92, 0x53, 0x92, 0x53, 0x92, 0x53, 0x92, 0x53, 0x92, 0x53, 0x92, 0x53,
    0x92, 0x53, 0x92, 0x53, 0x92, 0x53, 0x92, 0x53, 0x92, 0x53, 0x92, 0x53, 0x92, 0x53, 0x92, 0x53,
    0x92, 0x53, 0x92, 0x53, 0x92, 0x53, 0x92, 0x53, 0x92, 0x53, 0x92, 0x53, 0x92, 0x53, 0x92, 0x53,
    0x92, 0x53, 0x92, 0x53, 0x92, 0x53, 0x92, 0x53, 0x92, 0x53, 0x92, 0x53, 0x92, 0x53, 0x92, 0x53,
    0x92, 0x53, 0x92, 0x53, 0x92, 0x53, 0x92, 0x53, 0x92, 0x53, 0x92, 0x53, 0x92, 0x53, 0x92, 0x53,
    0x92, 0x53, 0x92, 0x53, 0x92, 0x53, 0x92, 0x53, 0x92, 0x53, 0x92, 0x53, 0x92, 0x53, 0x92, 0x53,
    0x92, 0x53, 0x92, 0x53, 0x92, 0x53, 0x92, 0x53, 0x92, 0x53, 0x92, 0x53, 0x92, 0x53, 0x92, 0x53,
    0x92, 0x53, 0x92, 0x53, 0x92, 0x53, 0x92, 0x53, 0x92, 0x53, 0x92, 0x53, 0x92, 0x53, 0x92, 0x53,
    0x92, 0x53, 0x92, 0x53, 0x92, 0x53, 0x92, 0x53, 0x92, 0x53, 0x92, 0x53, 0x92, 0x53, 0x92, 0x53,
    0x92, 0x53, 0x92, 0x53, 0x92, 0x53, 0x92, 0x53, 0x92, 0x53, 0x92, 0x53, 0x92, 0x53, 0x92, 0x53,
    0x92, 0x53, 0x92, 0x53, 0x92, 0x53, 0x92, 0x53, 0x92, 0x53, 0x92, 0x53, 0x92, 0x53, 0x92, 0x53,
    0x92, 0x53, 0x92, 0x53, 0x92, 0x53, 0x92, 0x53, 0x92, 0x53, 0x92, 0x53, 0x92, 0x53, 0x92, 0x53,
    0x92, 0x53, 0x92, 0x53, 0x92, 0x53, 0x92, 0x53, 0x92, 0x53, 0x92, 0x53, 0x92, 0x53, 0x92, 0x53,
    0x92, 0x53, 0x92, 0x53, 0x92, 0x53, 0x92, 0x53, 0x92, 0x53, 0x92, 0x53, 0x92, 0x53, 0x92, 0x53,
    0x92, 0x53, 0x92, 0x53, 0x92, 0x53, 0x92, 0x53, 0x92, 0x53, 0x92, 0x53, 0x92, 0x53, 0x92, 0x53,
    0x92, 0x53, 0x92, 0x53, 0x92, 0x53, 0x92, 0x53, 0x92, 0x53, 0x92, 0x53, 0x92, 0x53, 0x92, 0x53,
    0x71, 0x53, 0x71, 0x53, 0x7b, 0xf7, 0x7b, 0xf7, 0x7b, 0xf7, 0x7b, 0xf7, 0x7b, 0xf7, 0x7b, 0xf7,
    0x7b, 0xf7, 0x7b, 0xf7, 0x7b, 0xf7, 0x7b, 0xf7, 0x7b, 0xf7, 0x7b, 0xf7, 0x7b, 0xf7, 0x7b, 0xf7,
    0x7b, 0xf7, 0x7b, 0xf7, 0x7b, 0xf7, 0x7b, 0xf7, 0x7b, 0xf7, 0x7b, 0xf7, 0x7b, 0xf7, 0x7b, 0xf7,
    0x7b, 0xf7, 0x7b, 0xf7, 0x7b, 0xf7, 0x7b, 0xf7, 0x7b, 0xf7, 0x7b, 0xf7, 0x7b, 0xf7, 0x7b, 0xf7,
    0x7b, 0xf7, 0x7b, 0xf7, 0x7b, 0xf7, 0x7b, 0xf7, 0x7b, 0xf7, 0x7b, 0xf7, 0x7b, 0xf7, 0x7b, 0xf7,
    0x7b, 0xf7, 0x7b, 0xf7, 0x7b, 0xf7, 0x7b, 0xf7, 0x7b, 0xf7, 0x7b, 0xf7, 0x7b, 0xf7, 0x7b, 0xf7,
    0x7b, 0xf7, 0x7b, 0xf7, 0x7b, 0xf7, 0x7b, 0xf7, 0x7b, 0xf7, 0x7b, 0xf7, 0x7b, 0xf7, 0x7b, 0xf7,
    0x7b, 0xf7, 0x7b, 0xf7, 0x7b, 0xf7, 0x7b, 0xf7, 0x7b, 0xf7, 0x7b, 0xf7, 0x71, 0x53, 0x71, 0x53,
    0x71, 0x53, 0x71, 0x53, 0x7b, 0xf7, 0x7b, 0xf7, 0x7b, 0xf7, 0x7b, 0xf7, 0x7b, 0xf7, 0x7b, 0xf7,
    0x7b, 0xf7, 0x7b, 0xf7, 0x7b, 0xf7, 0x7b, 0xf7, 0x7b, 0xf7, 0x7b, 0xf7, 0x7b, 0xf7, 0x7b, 0xf7,
    0x7b, 0xf7, 0x7b, 0xf7, 0x7b, 0xf7, 0x7b, 0xf7, 0x7b, 0xf7, 0x7b, 0xf7, 0x7b, 0xf7, 0x7b, 0xf7,
    0x7b, 0xf7, 0x7b, 0xf7, 0x7b, 0xf7, 0x7b, 0xf7, 0x7b, 0xf7, 0x7b, 0xf7, 0x7b, 0xf7, 0x7b, 0xf7,
    0x7b, 0xf7, 0x7b, 0xf7, 0x7b, 0xf7, 0x7b, 0xf7, 0x7b, 0xf7, 0x7b, 0xf7, 0x7b, 0xf7, 0x7b, 0xf7,
    0x7b, 0xf7, 0x7b, 0xf7, 0x7b, 0xf7, 0x7b, 0xf7, 0x7b, 0xf7, 0x7b, 0xf7, 0x7b, 0xf7, 0x7b, 0xf7,
    0x7b, 0xf7, 0x7b, 0xf7, 0x7b, 0xf7, 0x7b, 0xf7, 0x7b, 0xf7, 0x7b, 0xf7, 0x7b, 0xf7, 0x7b, 0xf7,
    0x7b, 0xf7, 0x7b, 0xf7, 0x7b, 0xf7, 0x7b, 0xf7, 0x7b, 0xf7, 0x7b, 0xf7, 0x71, 0x53, 0x71, 0x53,
    0x71, 0x4b, 0x71, 0x4b, 0x7b, 0xf7, 0x7b, 0xf7, 0x71, 0x4b, 0x71, 0x4b, 0x71, 0x4b, 0x71, 0x4b,
    0x71, 0x4b, 0x71, 0x4b, 0x71, 0x4b, 0x71, 0x4b, 0x71, 0x4b, 0x71, 0x4b, 0x71, 0x4b, 0x71, 0x4b,
    0x71, 0x4b, 0x71, 0x4b, 0x71, 0x4b, 0x71, 0x4b, 0x71, 0x4b, 0x71, 0x4b, 0x71, 0x4b, 0x71, 0x4b,
    0x71, 0x4b, 0x71, 0x4b, 0x71, 0x4b, 0x71, 0x4b, 0x71, 0x4b, 0x71, 0x4b, 0x71, 0x4b, 0x71, 0x4b,
    0x71, 0x4b, 0x71, 0x4b, 0x71, 0x4b, 0x71, 0x4b, 0x71, 0x4b, 0x71, 0x4b, 0x71, 0x4b, 0x71, 0x4b,
    0x71, 0x4b, 0x71, 0x4b, 0x71, 0x4b, 0x71, 0x4b, 0x71, 0x4b, 0x71, 0x4b, 0x71, 0x4b, 0x71, 0x4b,
    0x71, 0x4b, 0x71, 0x4b, 0x71, 0x4b, 0x71, 0x4b, 0x71, 0x4b, 0x71, 0x4b, 0x71, 0x4b, 0x71, 0x4b,
    0x71, 0x4b, 0x71, 0x4b, 0x71, 0x4b, 0x71, 0x4b, 0x7b, 0xf7, 0x7b, 0xf7, 0x71, 0x4b, 0x71, 0x4b,
    0x71, 0x4b, 0x71, 0x4b, 0x7b, 0xf7, 0x7b, 0xf7, 0x71, 0x4b, 0x71, 0x4b, 0x71, 0x4b, 0x71, 0x4b,
    0x71, 0x4b, 0x71, 0x4b, 0x71, 0x4b, 0x71, 0x4b, 0x71, 0x4b, 0x71, 0x4b, 0x71, 0x4b, 0x71, 0x4b,
    0x71, 0x4b, 0x71, 0x4b, 0x71, 0x4b, 0x71, 0x4b, 0x71, 0x4b, 0x71, 0x4b, 0x71, 0x4b, 0x71, 0x4b,
    0x71, 0x4b, 0x71, 0x4b, 0x71, 0x4b, 0x71, 0x4b, 0x71, 0x4b, 0x71, 0x4b, 0x71, 0x4b, 0x71, 0x4b,
    0x71, 0x4b, 0x71, 0x4b, 0x71, 0x4b, 0x71, 0x4b, 0x71, 0x4b, 0x71, 0x4b, 0x71, 0x4b, 0x71, 0x4b,
    0x71, 0x4b, 0x71, 0x4b, 0x71, 0x4b, 0x71, 0x4b, 0x71, 0x4b, 0x71, 0x4b, 0x71, 0x4b, 0x71, 0x4b,
    0x71, 0x4b, 0x71, 0x4b, 0x71, 0x4b, 0x71, 0x4b, 0x71, 0x4b, 0x71, 0x4b, 0x71, 0x4b, 0x71, 0x4b,
    0x71, 0x4b, 0x71, 0x4b, 0x71, 0x4b, 0x71, 0x4b, 0x7b, 0xf7, 0x7b, 0xf7, 0x71, 0x4b, 0x71, 0x4b,
    0x51, 0x4b, 0x51, 0x4b, 0x7b, 0xf7, 0x7b, 0xf7, 0x51, 0x4b, 0x51, 0x4b, 0x51, 0x4b, 0x51, 0x4b,
    0x51, 0x4b, 0x51, 0x4b, 0x51, 0x4b, 0x51, 0x4b, 0x51, 0x4b, 0x51, 0x4b, 0x51, 0x4b, 0x51, 0x4b,
    0x51, 0x4b, 0x51, 0x4b, 0x51, 0x4b, 0x51, 0x4b, 0x51, 0x4b, 0x51, 0x4b, 0x51, 0x4b, 0x51, 0x4b,
    0x51, 0x4b, 0x51, 0x4b, 0x51, 0x4b, 0x51, 0x4b, 0x51, 0x4b, 0x51, 0x4b, 0x51, 0x4b, 0x51, 0x4b,
    0x51, 0x4b, 0x51, 0x4b, 0x51, 0x4b, 0x51, 0x4b, 0x51, 0x4b, 0x51, 0x4b, 0x51, 0x4b, 0x51, 0x4b,
    0x51, 0x4b, 0x51, 0x4b, 0x51, 0x4b, 0x51, 0x4b, 0x51, 0x4b, 0x51, 0x4b, 0x51, 0x4b, 0x51, 0x4b,
    0x51, 0x4b, 0x51, 0x4b, 0x51, 0x4b, 0x51, 0x4b, 0x51, 0x4b, 0x51, 0x4b, 0x51, 0x4b, 0x51, 0x4b,
    0x51, 0x4b, 0x51, 0x4b, 0x51, 0x4b, 0x51, 0x4b, 0x7b, 0xf7, 0x7b, 0xf7, 0x51, 0x4b, 0x51, 0x4b,
    0x51, 0x4b, 0x51, 0x4b, 0x7b, 0xf7, 0x7b, 0xf7, 0x51, 0x4b, 0x51, 0x4b, 0x51, 0x4b, 0x51, 0x4b,
    0x51, 0x4b, 0x51, 0x4b, 0x51, 0x4b, 0x51, 0x4b, 0x51, 0x4b, 0x51, 0x4b, 0x51, 0x4b, 0x51, 0x4b,
    0x51, 0x4b, 0x51, 0x4b, 0x51, 0x4b, 0x51, 0x4b, 0x51, 0x4b, 0x51, 0x4b, 0x51, 0x4b, 0x51, 0x4b,
    0x51, 0x4b, 0x51, 0x4b, 0x51, 0x4b, 0x51, 0x4b, 0x51, 0x4b, 0x51, 0x4b, 0x51, 0x4b, 0x51, 0x4b,
    0x51, 0x4b, 0x51, 0x4b, 0x51, 0x4b, 0x51, 0x4b, 0x51, 0x4b, 0x51, 0x4b, 0x51, 0x4b, 0x51, 0x4b,
    0x51, 0x4b, 0x51, 0x4b, 0x51, 0x4b, 0x51, 0x4b, 0x51, 0x4b, 0x51, 0x4b, 0x51, 0x4b, 0x51, 0x4b,
    0x51, 0x4b, 0x51, 0x4b, 0x51, 0x4b, 0x51, 0x4b, 0x51, 0x4b, 0x51, 0x4b, 0x51, 0x4b, 0x51, 0x4b,
    0x51, 0x4b, 0x51, 0x4b, 0x51, 0x4b, 0x51, 0x4b, 0x7b, 0xf7, 0x7b, 0xf7, 0x51, 0x4b, 0x51, 0x4b,
    0x30, 0x4b, 0x30, 0x4b, 0x7b, 0xf7, 0x7b, 0xf7, 0x30, 0x4b, 0x30, 0x4b, 0x30, 0x4b, 0x30, 0x4b,
    0xff, 0xb6, 0xff, 0xb6, 0x30, 0x4b, 0x30, 0x4b, 0x30, 0x4b, 0x30, 0x4b, 0xff, 0xb6, 0xff, 0xb6,
    0x30, 0x4b, 0x30, 0x4b, 0x30, 0x4b, 0x30, 0x4b, 0xff, 0xb6, 0xff, 0xb6, 0x30, 0x4b, 0x30, 0x4b,
    0x30, 0x4b, 0x30, 0x4b, 0xff, 0xb6, 0xff, 0xb6, 0x30, 0x4b, 0x30, 0x4b, 0x30, 0x4b, 0x30, 0x4b,
    0xff, 0xb6, 0xff, 0xb6, 0x30, 0x4b, 0x30, 0x4b, 0x30, 0x4b, 0x30, 0x4b, 0xff, 0xb6, 0xff, 0xb6,
    0x30, 0x4b, 0x30, 0x4b, 0x30, 0x4b, 0x30, 0x4b, 0xff, 0xb6, 0xff, 0xb6, 0x30, 0x4b, 0x30, 0x4b,
    0x30, 0x4b, 0x30, 0x4b, 0xff, 0xb6, 0xff, 0xb6, 0x30, 0x4b, 0x30, 0x4b, 0x30, 0x4b, 0x30, 0x4b,
    0xff, 0xb6, 0xff, 0xb6, 0x30, 0x4b, 0x30, 0x4b, 0x7b, 0xf7, 0x7b, 0xf7, 0xff, 0xb6, 0xff, 0xb6,
    0x30, 0x4b, 0x30, 0x4b, 0x7b, 0xf7, 0x7b, 0xf7, 0x30, 0x4b, 0x30, 0x4b, 0x30, 0x4b, 0x30, 0x4b,
    0xff, 0xb6, 0xff, 0xb6, 0x30, 0x4b, 0x30, 0x4b, 0x30, 0x4b, 0x30, 0x4b, 0xff, 0xb6, 0xff, 0xb6,
    0x30, 0x4b, 0x30, 0x4b, 0x30, 0x4b, 0x30, 0x4b, 0xff, 0xb6, 0xff, 0xb6, 0x30, 0x4b, 0x30, 0x4b,
    0x30, 0x4b, 0x30, 0x4b, 0xff, 0xb6, 0xff, 0xb6, 0x30, 0x4b, 0x30, 0x4b, 0x30, 0x4b, 0x30, 0x4b,
    0xff, 0xb6, 0xff, 0xb6, 0x30, 0x4b, 0x30, 0x4b, 0x30, 0x4b, 0x30, 0x4b, 0xff, 0xb6, 0xff, 0xb6,
    0x30, 0x4b, 0x30, 0x4b, 0x30, 0x4b, 0x30, 0x4b, 0xff, 0xb6, 0xff, 0xb6, 0x30, 0x4b, 0x30, 0x4b,
    0x30, 0x4b, 0x30, 0x4b, 0xff, 0xb6, 0xff, 0xb6, 0x30, 0x4b, 0x30, 0x4b, 0x30, 0x4b, 0x30, 0x4b,
    0xff, 0xb6, 0xff, 0xb6, 0x30, 0x4b, 0x30, 0x4b, 0x7b, 0xf7, 0x7b, 0xf7, 0xff, 0xb6, 0xff, 0xb6,
    0x30, 0x4b, 0x30, 0x4b, 0x7b, 0xf7, 0x7b, 0xf7, 0x30, 0x4b, 0x30, 0x4b, 0x30, 0x4b, 0x30, 0x4b,
    0xff, 0xb6, 0xff, 0xb6, 0x30, 0x4b, 0x30, 0x4b, 0x30, 0x4b, 0x30, 0x4b, 0xff, 0xb6, 0xff, 0xb6,
    0x30, 0x4b, 0x30, 0x4b, 0x30, 0x4b, 0x30, 0x4b, 0xff, 0xb6, 0xff, 0xb6, 0x30, 0x4b, 0x30, 0x4b,
    0x30, 0x4b, 0x30, 0x4b, 0xff, 0xb6, 0xff, 0xb6, 0x30, 0x4b, 0x30, 0x4b, 0x30, 0x4b, 0x30, 0x4b,
    0xff, 0xb6, 0xff, 0xb6, 0x30, 0x4b, 0x30, 0x4b, 0x30, 0x4b, 0x30, 0x4b, 0xff, 0xb6, 0xff, 0xb6,
    0x30, 0x4b, 0x30, 0x4b, 0x30, 0x4b, 0x30, 0x4b, 0xff, 0xb6, 0xff, 0xb6, 0x30, 0x4b, 0x30, 0x4b,
    0x30, 0x4b, 0x30, 0x4b, 0xff, 0xb6, 0xff, 0xb6, 0x30, 0x4b, 0x30, 0x4b, 0x30, 0x4b, 0x30, 0x4b,
    0xff, 0xb6, 0xff, 0xb6, 0x30, 0x4b, 0x30, 0x4b, 0x7b, 0xf7, 0x7b, 0xf7, 0xff, 0xb6, 0xff, 0xb6,
    0x30, 0x4b, 0x30, 0x4b, 0x7b, 0xf7, 0x7b, 0xf7, 0x30, 0x4b, 0x30, 0x4b, 0x30, 0x4b, 0x30, 0x4b,
    0xff, 0xb6, 0xff, 0xb6, 0x30, 0x4b, 0x30, 0x4b, 0x30, 0x4b, 0x30, 0x4b, 0xff, 0xb6, 0xff, 0xb6,
    0x30, 0x4b, 0x30, 0x4b, 0x30, 0x4b, 0x30, 0x4b, 0xff, 0xb6, 0xff, 0xb6, 0x30, 0x4b, 0x30, 0x4b,
    0x30, 0x4b, 0x30, 0x4b, 0xff, 0xb6, 0xff, 0xb6, 0x30, 0x4b, 0x30, 0x4b, 0x30, 0x4b, 0x30, 0x4b,
    0xff, 0xb6, 0xff, 0xb6, 0x30, 0x4b, 0x30, 0x4b, 0x30, 0x4b, 0x30, 0x4b, 0xff, 0xb6, 0xff, 0xb6,
    0x30, 0x4b, 0x30, 0x4b, 0x30, 0x4b, 0x30, 0x4b, 0xff, 0xb6, 0xff, 0xb6, 0x30, 0x4b, 0x30, 0x4b,
    0x30, 0x4b, 0x30, 0x4b, 0xff, 0xb6, 0xff, 0xb6, 0x30, 0x4b, 0x30, 0x4b, 0x30, 0x4b, 0x30, 0x4b,
    0xff, 0xb6, 0xff, 0xb6, 0x30, 0x4b, 0x30, 0x4b, 0x7b, 0xf7, 0x7b, 0xf7, 0xff, 0xb6, 0xff, 0xb6,
    0x10, 0x43, 0x10, 0x43, 0x7b, 0xf7, 0x7b, 0xf7, 0x10, 0x43, 0x10, 0x43, 0x10, 0x43, 0x10, 0x43,
    0xff, 0xb6, 0xff, 0xb6, 0x10, 0x43, 0x10, 0x43, 0x10, 0x43, 0x10, 0x43, 0xff, 0xb6, 0xff, 0xb6,
    0x10, 0x43, 0x10, 0x43, 0x10, 0x43, 0x10, 0x43, 0xff, 0xb6, 0xff, 0xb6, 0x10, 0x43, 0x10, 0x43,
    0x10, 0x43, 0x10, 0x43, 0xff, 0xb6, 0xff, 0xb6, 0x27, 0xd3, 0x27, 0xd3, 0x10, 0x43, 0x10, 0x43,
    0xff, 0xb6, 0xff, 0xb6, 0x10, 0x43, 0x10, 0x43, 0x27, 0xd3, 0x27, 0xd3, 0xff, 0xb6, 0xff, 0xb6,
    0x10, 0x43, 0x10, 0x43, 0x10, 0x43, 0x10, 0x43, 0xff, 0xb6, 0xff, 0xb6, 0x10, 0x43, 0x10, 0x43,
    0x10, 0x43, 0x10, 0x43, 0xff, 0xb6, 0xff, 0xb6, 0x10, 0x43, 0x10, 0x43, 0x10, 0x43, 0x10, 0x43,
    0xff, 0xb6, 0xff, 0xb6, 0x10, 0x43, 0x10, 0x43, 0x7b, 0xf7, 0x7b, 0xf7, 0xff, 0xb6, 0xff, 0xb6,
    0x10, 0x43, 0x10, 0x43, 0x7b, 0xf7, 0x7b, 0xf7, 0x10, 0x43, 0x10, 0x43, 0x10, 0x43, 0x10, 0x43,
    0xff, 0xb6, 0xff, 0xb6, 0x10, 0x43, 0x10, 0x43, 0x10, 0x43, 0x10, 0x43, 0xff, 0xb6, 0xff, 0xb6,
    0x10, 0x43, 0x10, 0x43, 0x10, 0x43, 0x10, 0x43, 0xff, 0xb6, 0xff, 0xb6, 0x10, 0x43, 0x10, 0x43,
    0x10, 0x43, 0x10, 0x43, 0xff, 0xb6, 0xff, 0xb6, 0x27, 0xd3, 0x27, 0xd3, 0x10, 0x43, 0x10, 0x43,
    0xff, 0xb6, 0xff, 0xb6, 0x10, 0x43, 0x10, 0x43, 0x27, 0xd3, 0x27, 0xd3, 0xff, 0xb6, 0xff, 0xb6,
    0x10, 0x43, 0x10, 0x43, 0x10, 0x43, 0x10, 0x43, 0xff, 0xb6, 0xff, 0xb6, 0x10, 0x43, 0x10, 0x43,
    0x10, 0x43, 0x10, 0x43, 0xff, 0xb6, 0xff, 0xb6, 0x10, 0x43, 0x10, 0x43, 0x10, 0x43, 0x10, 0x43,
    0xff, 0xb6, 0xff, 0xb6, 0x10, 0x43, 0x10, 0x43, 0x7b, 0xf7, 0x7b, 0xf7, 0xff, 0xb6, 0xff, 0xb6,
    0xff, 0xb6, 0xff, 0xb6, 0x7b, 0xf7, 0x7b, 0xf7, 0x0f, 0x43, 0x0f, 0x43, 0xff, 0xb6, 0xff, 0xb6,
    0x0f, 0x43, 0x0f, 0x43, 0x0f, 0x43, 0x0f, 0x43, 0xff, 0xb6, 0xff, 0xb6, 0x0f, 0x43, 0x0f, 0x43,
    0x0f, 0x43, 0x0f, 0x43, 0xff, 0xb6, 0xff, 0xb6, 0x0f, 0x43, 0x0f, 0x43, 0x0f, 0x43, 0x0f, 0x43,
    0xff, 0xb6, 0xff, 0xb6, 0x27, 0xd3, 0x27, 0xd3, 0x5a, 0xf7, 0x5a, 0xf7, 0xff, 0xb6, 0xff, 0xb6,
    0x0f, 0x43, 0x0f, 0x43, 0x0f, 0x43, 0x0f, 0x43, 0x5a, 0xf7, 0x5a, 0xf7, 0x27, 0xd3, 0x27, 0xd3,
    0x0f, 0x43, 0x0f, 0x43, 0xff, 0xb6, 0xff, 0xb6, 0x0f, 0x43, 0x0f, 0x43, 0x0f, 0x43, 0x0f, 0x43,
    0xff, 0xb6, 0xff, 0xb6, 0x0f, 0x43, 0x0f, 0x43, 0x0f, 0x43, 0x0f, 0x43, 0xff, 0xb6, 0xff, 0xb6,
    0x0f, 0x43, 0x0f, 0x43, 0x0f, 0x43, 0x0f, 0x43, 0x7b, 0xf7, 0x7b, 0xf7, 0x0f, 0x43, 0x0f, 0x43,
    0xff, 0xb6, 0xff, 0xb6, 0x7b, 0xf7, 0x7b, 0xf7, 0x0f, 0x43, 0x0f, 0x43, 0xff, 0xb6, 0xff, 0xb6,
    0x0f, 0x43, 0x0f, 0x43, 0x0f, 0x43, 0x0f, 0x43, 0xff, 0xb6, 0xff, 0xb6, 0x0f, 0x43, 0x0f, 0x43,
    0x0f, 0x43, 0x0f, 0x43, 0xff, 0xb6, 0xff, 0xb6, 0x0f, 0x43, 0x0f, 0x43, 0x0f, 0x43, 0x0f, 0x43,
    0xff, 0xb6, 0xff, 0xb6, 0x27, 0xd3, 0x27, 0xd3, 0x5a, 0xf7, 0x5a, 0xf7, 0xff, 0xb6, 0xff, 0xb6,
    0x0f, 0x43, 0x0f, 0x43, 0x0f, 0x43, 0x0f, 0x43, 0x5a, 0xf7, 0x5a, 0xf7, 0x27, 0xd3, 0x27, 0xd3,
    0x0f, 0x43, 0x0f, 0x43, 0xff, 0xb6, 0xff, 0xb6, 0x0f, 0x43, 0x0f, 0x43, 0x0f, 0x43, 0x0f, 0x43,
    0xff, 0xb6, 0xff, 0xb6, 0x0f, 0x43, 0x0f, 0x43, 0x0f, 0x43, 0x0f, 0x43, 0xff, 0xb6, 0xff, 0xb6,
    0x0f, 0x43, 0x0f, 0x43, 0x0f, 0x43, 0x0f, 0x43, 0x7b, 0xf7, 0x7b, 0xf7, 0x0f, 0x43, 0x0f, 0x43,
    0xff, 0xb6, 0xff, 0xb6, 0x7b, 0xf7, 0x7b, 0xf7, 0xef, 0x42, 0xef, 0x42, 0xff, 0xb6, 0xff, 0xb6,
    0xef, 0x42, 0xef, 0x42, 0xef, 0x42, 0xef, 0x42, 0x0b, 0xcd, 0x0b, 0xcd, 0x0b, 0xcd, 0x0b, 0xcd,
    0x0b, 0xcd, 0x0b, 0xcd, 0x0b, 0xcd, 0x0b, 0xcd, 0x0b, 0xcd, 0x0b, 0xcd, 0x27, 0xd3, 0x27, 0xd3,
    0x27, 0xd3, 0x27, 0xd3, 0x5a, 0xf7, 0x5a, 0xf7, 0x5a, 0xf7, 0x5a, 0xf7, 0x27, 0xd3, 0x27, 0xd3,
    0x27, 0xd3, 0x27, 0xd3, 0x27, 0xd3, 0x27, 0xd3, 0x5a, 0xf7, 0x5a, 0xf7, 0x27, 0xd3, 0x27, 0xd3,
    0x27, 0xd3, 0x27, 0xd3, 0xff, 0xb6, 0xff, 0xb6, 0xef, 0x42, 0xef, 0x42, 0xef, 0x42, 0xef, 0x42,
    0xff, 0xb6, 0xff, 0xb6, 0xef, 0x42, 0xef, 0x42, 0xef, 0x42, 0xef, 0x42, 0xff, 0xb6, 0xff, 0xb6,
    0xef, 0x42, 0xef, 0x42, 0xef, 0x42, 0xef, 0x42, 0x7b, 0xf7, 0x7b, 0xf7, 0xef, 0x42, 0xef, 0x42,
    0xff, 0xb6, 0xff, 0xb6, 0x7b, 0xf7, 0x7b, 0xf7, 0xef, 0x42, 0xef, 0x42, 0xff, 0xb6, 0xff, 0xb6,
    0xef, 0x42, 0xef, 0x42, 0xef, 0x42, 0xef, 0x42, 0x0b, 0xcd, 0x0b, 0xcd, 0x0b, 0xcd, 0x0b, 0xcd,
    0x0b, 0xcd, 0x0b, 0xcd, 0x0b, 0xcd, 0x0b, 0xcd, 0x0b, 0xcd, 0x0b, 0xcd, 0x27, 0xd3, 0x27, 0xd3,
    0x27, 0xd3, 0x27, 0xd3, 0x5a, 0xf7, 0x5a, 0xf7, 0x5a, 0xf7, 0x5a, 0xf7, 0x27, 0xd3, 0x27, 0xd3,
    0x27, 0xd3, 0x27, 0xd3, 0x27, 0xd3, 0x27, 0xd3, 0x5a, 0xf7, 0x5a, 0xf7, 0x27, 0xd3, 0x27, 0xd3,
    0x27, 0xd3, 0x27, 0xd3, 0xff, 0xb6, 0xff, 0xb6, 0xef, 0x42, 0xef, 0x42, 0xef, 0x42, 0xef, 0x42,
    0xff, 0xb6, 0xff, 0xb6, 0xef, 0x42, 0xef, 0x42, 0xef, 0x42, 0xef, 0x42, 0xff, 0xb6, 0xff, 0xb6,
    0xef, 0x42, 0xef, 0x42, 0xef, 0x42, 0xef, 0x42, 0x7b, 0xf7, 0x7b, 0xf7, 0xef, 0x42, 0xef, 0x42,
    0xff, 0xb6, 0xff, 0xb6, 0x7b, 0xf7, 0x7b, 0xf7, 0xcf, 0x42, 0xcf, 0x42, 0xff, 0xb6, 0xff, 0xb6,
    0xcf, 0x42, 0xcf, 0x42, 0xcf, 0x42, 0xcf, 0x42, 0x0b, 0xcd, 0x0b, 0xcd, 0x15, 0xf7, 0x15, 0xf7,
    0x15, 0xf7, 0x15, 0xf7, 0x15, 0xf7, 0x15, 0xf7, 0x15, 0xf7, 0x15, 0xf7, 0x27, 0xd3, 0x27, 0xd3,
    0x27, 0xd3, 0x27, 0xd3, 0x27, 0xd3, 0x27, 0xd3, 0x5a, 0xf7, 0x5a, 0xf7, 0x27, 0xd3, 0x27, 0xd3,
    0x27, 0xd3, 0x27, 0xd3, 0x5a, 0xf7, 0x5a, 0xf7, 0x5a, 0xf7, 0x5a, 0xf7, 0x27, 0xd3, 0x27, 0xd3,
    0x27, 0xd3, 0x27, 0xd3, 0xff, 0xb6, 0xff, 0xb6, 0xcf, 0x42, 0xcf, 0x42, 0xcf, 0x42, 0xcf, 0x42,
    0xff, 0xb6, 0xff, 0xb6, 0xcf, 0x42, 0xcf, 0x42, 0xcf, 0x42, 0xcf, 0x42, 0xff, 0xb6, 0xff, 0xb6,
    0xcf, 0x42, 0xcf, 0x42, 0xcf, 0x42, 0xcf, 0x42, 0x7b, 0xf7, 0x7b, 0xf7, 0xcf, 0x42, 0xcf, 0x42,
    0xff, 0xb6, 0xff, 0xb6, 0x7b, 0xf7, 0x7b, 0xf7, 0xcf, 0x42, 0xcf, 0x42, 0xff, 0xb6, 0xff, 0xb6,
    0xcf, 0x42, 0xcf, 0x42, 0xcf, 0x42, 0xcf, 0x42, 0x0b, 0xcd, 0x0b, 0xcd, 0x15, 0xf7, 0x15, 0xf7,
    0x15, 0xf7, 0x15, 0xf7, 0x15, 0xf7, 0x15, 0xf7, 0x15, 0xf7, 0x15, 0xf7, 0x27, 0xd3, 0x27, 0xd3,
    0x27, 0xd3, 0x27, 0xd3, 0x27, 0xd3, 0x27, 0xd3, 0x5a, 0xf7, 0x5a, 0xf7, 0x27, 0xd3, 0x27, 0xd3,
    0x27, 0xd3, 0x27, 0xd3, 0x5a, 0xf7, 0x5a, 0xf7, 0x5a, 0xf7, 0x5a, 0xf7, 0x27, 0xd3, 0x27, 0xd3,
    0x27, 0xd3, 0x27, 0xd3, 0xff, 0xb6, 0xff, 0xb6, 0xcf, 0x42, 0xcf, 0x42, 0xcf, 0x42, 0xcf, 0x42,
    0xff, 0xb6, 0xff, 0xb6, 0xcf, 0x42, 0xcf, 0x42, 0xcf, 0x42, 0xcf, 0x42, 0xff, 0xb6, 0xff, 0xb6,
    0xcf, 0x42, 0xcf, 0x42, 0xcf, 0x42, 0xcf, 0x42, 0x7b, 0xf7, 0x7b, 0xf7, 0xcf, 0x42, 0xcf, 0x42,
    0xff, 0xb6, 0xff, 0xb6, 0x7b, 0xf7, 0x7b, 0xf7, 0xce, 0x3a, 0xce, 0x3a, 0xff, 0xb6, 0xff, 0xb6,
    0xce, 0x3a, 0xce, 0x3a, 0xce, 0x3a, 0xce, 0x3a, 0x0b, 0xcd, 0x0b, 0xcd, 0x15, 0xf7, 0x15, 0xf7,
    0x15, 0xf7, 0x15, 0xf7, 0x15, 0xf7, 0x15, 0xf7, 0x15, 0xf7, 0x15, 0xf7, 0x27, 0xd3, 0x27, 0xd3,
    0x27, 0xd3, 0x27, 0xd3, 0x27, 0xd3, 0x27, 0xd3, 0x27, 0xd3, 0x27, 0xd3, 0x27, 0xd3, 0x27, 0xd3,
    0x27, 0xd3, 0x27, 0xd3, 0x27, 0xd3, 0x27, 0xd3, 0x27, 0xd3, 0x27, 0xd3, 0x27, 0xd3, 0x27, 0xd3,
    0x27, 0xd3, 0x27, 0xd3, 0xff, 0xb6, 0xff, 0xb6, 0xce, 0x3a, 0xce, 0x3a, 0xce, 0x3a, 0xce, 0x3a,
    0xff, 0xb6, 0xff, 0xb6, 0xce, 0x3a, 0xce, 0x3a, 0xce, 0x3a, 0xce, 0x3a, 0xff, 0xb6, 0xff, 0xb6,
    0xce, 0x3a, 0xce, 0x3a, 0xce, 0x3a, 0xce, 0x3a, 0x7b, 0xf7, 0x7b, 0xf7, 0xce, 0x3a, 0xce, 0x3a,
    0xff, 0xb6, 0xff, 0xb6, 0x7b, 0xf7, 0x7b, 0xf7, 0xce, 0x3a, 0xce, 0x3a, 0xff, 0xb6, 0xff, 0xb6,
    0xce, 0x3a, 0xce, 0x3a, 0xce, 0x3a, 0xce, 0x3a, 0x0b, 0xcd, 0x0b, 0xcd, 0x15, 0xf7, 0x15, 0xf7,
    0x15, 0xf7, 0x15, 0xf7, 0x15, 0xf7, 0x15, 0xf7, 0x15, 0xf7, 0x15, 0xf7, 0x27, 0xd3, 0x27, 0xd3,
    0x27, 0xd3, 0x27, 0xd3, 0x27, 0xd3, 0x27, 0xd3, 0x27, 0xd3, 0x27, 0xd3, 0x27, 0xd3, 0x27, 0xd3,
    0x27, 0xd3, 0x27, 0xd3, 0x27, 0xd3, 0x27, 0xd3, 0x27, 0xd3, 0x27, 0xd3, 0x27, 0xd3, 0x27, 0xd3,
    0x27, 0xd3, 0x27, 0xd3, 0xff, 0xb6, 0xff, 0xb6, 0xce, 0x3a, 0xce, 0x3a, 0xce, 0x3a, 0xce, 0x3a,
    0xff, 0xb6, 0xff, 0xb6, 0xce, 0x3a, 0xce, 0x3a, 0xce, 0x3a, 0xce, 0x3a, 0xff, 0xb6, 0xff, 0xb6,
    0xce, 0x3a, 0xce, 0x3a, 0xce, 0x3a, 0xce, 0x3a, 0x7b, 0xf7, 0x7b, 0xf7, 0xce, 0x3a, 0xce, 0x3a,
    0xae, 0x3a, 0xae, 0x3a, 0x7b, 0xf7, 0x7b, 0xf7, 0xff, 0xb6, 0xff, 0xb6, 0xae, 0x3a, 0xae, 0x3a,
    0xae, 0x3a, 0xae, 0x3a, 0xff, 0xb6, 0xff, 0xb6, 0x0b, 0xcd, 0x0b, 0xcd, 0x15, 0xf7, 0x15, 0xf7,
    0x15, 0xf7, 0x15, 0xf7, 0x15, 0xf7, 0x15, 0xf7, 0x15, 0xf7, 0x15, 0xf7, 0x27, 0xd3, 0x27, 0xd3,
    0x27, 0xd3, 0x27, 0xd3, 0xa2, 0x10, 0xa2, 0x10, 0x27, 0xd3, 0x27, 0xd3, 0x27, 0xd3, 0x27, 0xd3,
    0x27, 0xd3, 0x27, 0xd3, 0x27, 0xd3, 0x27, 0xd3, 0xa2, 0x10, 0xa2, 0x10, 0x27, 0xd3, 0x27, 0xd3,
    0x27, 0xd3, 0x27, 0xd3, 0xae, 0x3a, 0xae, 0x3a, 0xae, 0x3a, 0xae, 0x3a, 0xff, 0xb6, 0xff, 0xb6,
    0xae, 0x3a, 0xae, 0x3a, 0xae, 0x3a, 0xae, 0x3a, 0xff, 0xb6, 0xff, 0xb6, 0xae, 0x3a, 0xae, 0x3a,
    0xae, 0x3a, 0xae, 0x3a, 0xff, 0xb6, 0xff, 0xb6, 0x7b, 0xf7, 0x7b, 0xf7, 0xae, 0x3a, 0xae, 0x3a,
    0xae, 0x3a, 0xae, 0x3a, 0x7b, 0xf7, 0x7b, 0xf7, 0xff, 0xb6, 0xff, 0xb6, 0xae, 0x3a, 0xae, 0x3a,
    0xae, 0x3a, 0xae, 0x3a, 0xff, 0xb6, 0xff, 0xb6, 0x0b, 0xcd, 0x0b, 0xcd, 0x15, 0xf7, 0x15, 0xf7,
    0x15, 0xf7, 0x15, 0xf7, 0x15, 0xf7, 0x15, 0xf7, 0x15, 0xf7, 0x15, 0xf7, 0x27, 0xd3, 0x27, 0xd3,
    0x27, 0xd3, 0x27, 0xd3, 0xa2, 0x10, 0xa2, 0x10, 0x27, 0xd3, 0x27, 0xd3, 0x27, 0xd3, 0x27, 0xd3,
    0x27, 0xd3, 0x27, 0xd3, 0x27, 0xd3, 0x27, 0xd3, 0xa2, 0x10, 0xa2, 0x10, 0x27, 0xd3, 0x27, 0xd3,
    0x27, 0xd3, 0x27, 0xd3, 0xae, 0x3a, 0xae, 0x3a, 0xae, 0x3a, 0xae, 0x3a, 0xff, 0xb6, 0xff, 0xb6,
    0xae, 0x3a, 0xae, 0x3a, 0xae, 0x3a, 0xae, 0x3a, 0xff, 0xb6, 0xff, 0xb6, 0xae, 0x3a, 0xae, 0x3a,
    0xae, 0x3a, 0xae, 0x3a, 0xff, 0xb6, 0xff, 0xb6, 0x7b, 0xf7, 0x7b, 0xf7, 0xae, 0x3a, 0xae, 0x3a,
    0xae, 0x3a, 0xae, 0x3a, 0x7b, 0xf7, 0x7b, 0xf7, 0xff, 0xb6, 0xff, 0xb6, 0xae, 0x3a, 0xae, 0x3a,
    0xae, 0x3a, 0xae, 0x3a, 0xff, 0xb6, 0xff, 0xb6, 0x0b, 0xcd, 0x0b, 0xcd, 0x15, 0xf7, 0x15, 0xf7,
    0x15, 0xf7, 0x15, 0xf7, 0x15, 0xf7, 0x15, 0xf7, 0x15, 0xf7, 0x15, 0xf7, 0x27, 0xd3, 0x27, 0xd3,
    0x27, 0xd3, 0x27, 0xd3, 0x27, 0xd3, 0x27, 0xd3, 0x5a, 0xf7, 0x5a, 0xf7, 0x5a, 0xf7, 0x5a, 0xf7,
    0x5a, 0xf7, 0x5a, 0xf7, 0x5a, 0xf7, 0x5a, 0xf7, 0x27, 0xd3, 0x27, 0xd3, 0x27, 0xd3, 0x27, 0xd3,
    0x27, 0xd3, 0x27, 0xd3, 0xae, 0x3a, 0xae, 0x3a, 0xae, 0x3a, 0xae, 0x3a, 0xff, 0xb6, 0xff, 0xb6,
    0xae, 0x3a, 0xae, 0x3a, 0xae, 0x3a, 0xae, 0x3a, 0xff, 0xb6, 0xff, 0xb6, 0xae, 0x3a, 0xae, 0x3a,
    0xae, 0x3a, 0xae, 0x3a, 0xff, 0xb6, 0xff, 0xb6, 0x7b, 0xf7, 0x7b, 0xf7, 0xae, 0x3a, 0xae, 0x3a,
    0xae, 0x3a, 0xae, 0x3a, 0x7b, 0xf7, 0x7b, 0xf7, 0xff, 0xb6, 0xff, 0xb6, 0xae, 0x3a, 0xae, 0x3a,
    0xae, 0x3a, 0xae, 0x3a, 0xff, 0xb6, 0xff, 0xb6, 0x0b, 0xcd, 0x0b, 0xcd, 0x15, 0xf7, 0x15, 0xf7,
    0x15, 0xf7, 0x15, 0xf7, 0x15, 0xf7, 0x15, 0xf7, 0x15, 0xf7, 0x15, 0xf7, 0x27, 0xd3, 0x27, 0xd3,
    0x27, 0xd3, 0x27, 0xd3, 0x27, 0xd3, 0x27, 0xd3, 0x5a, 0xf7, 0x5a, 0xf7, 0x5a, 0xf7, 0x5a, 0xf7,
    0x5a, 0xf7, 0x5a, 0xf7, 0x5a, 0xf7, 0x5a, 0xf7, 0x27, 0xd3, 0x27, 0xd3, 0x27, 0xd3, 0x27, 0xd3,
    0x27, 0xd3, 0x27, 0xd3, 0xae, 0x3a, 0xae, 0x3a, 0xae, 0x3a, 0xae, 0x3a, 0xff, 0xb6, 0xff, 0xb6,
    0xae, 0x3a, 0xae, 0x3a, 0xae, 0x3a, 0xae, 0x3a, 0xff, 0xb6, 0xff, 0xb6, 0xae, 0x3a, 0xae, 0x3a,
    0xae, 0x3a, 0xae, 0x3a, 0xff, 0xb6, 0xff, 0xb6, 0x7b, 0xf7, 0x7b, 0xf7, 0xae, 0x3a, 0xae, 0x3a,
    0x8d, 0x3a, 0x8d, 0x3a, 0x7b, 0xf7, 0x7b, 0xf7, 0xff, 0xb6, 0xff, 0xb6, 0x8d, 0x3a, 0x8d, 0x3a,
    0x8d, 0x3a, 0x8d, 0x3a, 0xff, 0xb6, 0xff, 0xb6, 0x0b, 0xcd, 0x0b, 0xcd, 0x15, 0xf7, 0x15, 0xf7,
    0x15, 0xf7, 0x15, 0xf7, 0x15, 0xf7, 0x15, 0xf7, 0x15, 0xf7, 0x15, 0xf7, 0x27, 0xd3, 0x27, 0xd3,
    0x27, 0xd3, 0x27, 0xd3, 0x27, 0xd3, 0x27, 0xd3, 0x5a, 0xf7, 0x5a, 0xf7, 0x45, 0x29, 0x45, 0x29,
    0x5a, 0xf7, 0x5a, 0xf7, 0x5a, 0xf7, 0x5a, 0xf7, 0x27, 0xd3, 0x27, 0xd3, 0x27, 0xd3, 0x27, 0xd3,
    0x27, 0xd3, 0x27, 0xd3, 0x8d, 0x3a, 0x8d, 0x3a, 0x8d, 0x3a, 0x8d, 0x3a, 0xff, 0xb6, 0xff, 0xb6,
    0x8d, 0x3a, 0x8d, 0x3a, 0x8d, 0x3a, 0x8d, 0x3a, 0xff, 0xb6, 0xff, 0xb6, 0x8d, 0x3a, 0x8d, 0x3a,
    0x8d, 0x3a, 0x8d, 0x3a, 0xff, 0xb6, 0xff, 0xb6, 0x7b, 0xf7, 0x7b, 0xf7, 0x8d, 0x3a, 0x8d, 0x3a,
    0x8d, 0x3a, 0x8d, 0x3a, 0x7b, 0xf7, 0x7b, 0xf7, 0xff, 0xb6, 0xff, 0xb6, 0x8d, 0x3a, 0x8d, 0x3a,
    0x8d, 0x3a, 0x8d, 0x3a, 0xff, 0xb6, 0xff, 0xb6, 0x0b, 0xcd, 0x0b, 0xcd, 0x15, 0xf7, 0x15, 0xf7,
    0x15, 0xf7, 0x15, 0xf7, 0x15, 0xf7, 0x15, 0xf7, 0x15, 0xf7, 0x15, 0xf7, 0x27, 0xd3, 0x27, 0xd3,
    0x27, 0xd3, 0x27, 0xd3, 0x27, 0xd3, 0x27, 0xd3, 0x5a, 0xf7, 0x5a, 0xf7, 0x45, 0x29, 0x45, 0x29,
    0x5a, 0xf7, 0x5a, 0xf7, 0x5a, 0xf7, 0x5a, 0xf7, 0x27, 0xd3, 0x27, 0xd3, 0x27, 0xd3, 0x27, 0xd3,
    0x27, 0xd3, 0x27, 0xd3, 0x8d, 0x3a, 0x8d, 0x3a, 0x8d, 0x3a, 0x8d, 0x3a, 0xff, 0xb6, 0xff, 0xb6,
    0x8d, 0x3a, 0x8d, 0x3a, 0x8d, 0x3a, 0x8d, 0x3a, 0xff, 0xb6, 0xff, 0xb6, 0x8d, 0x3a, 0x8d, 0x3a,
    0x8d, 0x3a, 0x8d, 0x3a, 0xff, 0xb6, 0xff, 0xb6, 0x7b, 0xf7, 0x7b, 0xf7, 0x8d, 0x3a, 0x8d, 0x3a,
    0x8d, 0x3a, 0x8d, 0x3a, 0x7b, 0xf7, 0x7b, 0xf7, 0x8d, 0x3a, 0x8d, 0x3a, 0x8d, 0x3a, 0x8d, 0x3a,
    0xff, 0xb6, 0xff, 0xb6, 0x8d, 0x3a, 0x8d, 0x3a, 0x0b, 0xcd, 0x0b, 0xcd, 0x15, 0xf7, 0x15, 0xf7,
    0x15, 0xf7, 0x15, 0xf7, 0x15, 0xf7, 0x15, 0xf7, 0x15, 0xf7, 0x15, 0xf7, 0x27, 0xd3, 0x27, 0xd3,
    0x27, 0xd3, 0x27, 0xd3, 0x27, 0xd3, 0x27, 0xd3, 0x5a, 0xf7, 0x5a, 0xf7, 0x5a, 0xf7, 0x5a, 0xf7,
    0x5a, 0xf7, 0x5a, 0xf7, 0x5a, 0xf7, 0x5a, 0xf7, 0x27, 0xd3, 0x27, 0xd3, 0x27, 0xd3, 0x27, 0xd3,
    0x27, 0xd3, 0x27, 0xd3, 0x27, 0xd3, 0x27, 0xd3, 0x27, 0xd3, 0x27, 0xd3, 0x8d, 0x3a, 0x8d, 0x3a,
    0x8d, 0x3a, 0x8d, 0x3a, 0xff, 0xb6, 0xff, 0xb6, 0x8d, 0x3a, 0x8d, 0x3a, 0x8d, 0x3a, 0x8d, 0x3a,
    0xff, 0xb6, 0xff, 0xb6, 0x8d, 0x3a, 0x8d, 0x3a, 0x7b, 0xf7, 0x7b, 0xf7, 0xff, 0xb6, 0xff, 0xb6,
    0x8d, 0x3a, 0x8d, 0x3a, 0x7b, 0xf7, 0x7b, 0xf7, 0x8d, 0x3a, 0x8d, 0x3a, 0x8d, 0x3a, 0x8d, 0x3a,
    0xff, 0xb6, 0xff, 0xb6, 0x8d, 0x3a, 0x8d, 0x3a, 0x0b, 0xcd, 0x0b, 0xcd, 0x15, 0xf7, 0x15, 0xf7,
    0x15, 0xf7, 0x15, 0xf7, 0x15, 0xf7, 0x15, 0xf7, 0x15, 0xf7, 0x15, 0xf7, 0x27, 0xd3, 0x27, 0xd3,
    0x27, 0xd3, 0x27, 0xd3, 0x27, 0xd3, 0x27, 0xd3, 0x5a, 0xf7, 0x5a, 0xf7, 0x5a, 0xf7, 0x5a, 0xf7,
    0x5a, 0xf7, 0x5a, 0xf7, 0x5a, 0xf7, 0x5a, 0xf7, 0x27, 0xd3, 0x27, 0xd3, 0x27, 0xd3, 0x27, 0xd3,
    0x27, 0xd3, 0x27, 0xd3, 0x27, 0xd3, 0x27, 0xd3, 0x27, 0xd3, 0x27, 0xd3, 0x8d, 0x3a, 0x8d, 0x3a,
    0x8d, 0x3a, 0x8d, 0x3a, 0xff, 0xb6, 0xff, 0xb6, 0x8d, 0x3a, 0x8d, 0x3a, 0x8d, 0x3a, 0x8d, 0x3a,
    0xff, 0xb6, 0xff, 0xb6, 0x8d, 0x3a, 0x8d, 0x3a, 0x7b, 0xf7, 0x7b, 0xf7, 0xff, 0xb6, 0xff, 0xb6,
    0x0d, 0x53, 0x0d, 0x53, 0x7b, 0xf7, 0x7b, 0xf7, 0x0d, 0x53, 0x0d, 0x53, 0x0d, 0x53, 0x0d, 0x53,
    0xff, 0xb6, 0xff, 0xb6, 0x0d, 0x53, 0x0d, 0x53, 0x0b, 0xcd, 0x0b, 0xcd, 0x15, 0xf7, 0x15, 0xf7,
    0x15, 0xf7, 0x15, 0xf7, 0x15, 0xf7, 0x15, 0xf7, 0x15, 0xf7, 0x15, 0xf7, 0x27, 0xd3, 0x27, 0xd3,
    0x27, 0xd3, 0x27, 0xd3, 0x27, 0xd3, 0x27, 0xd3, 0x5a, 0xf7, 0x5a, 0xf7, 0x5a, 0xf7, 0x5a, 0xf7,
    0x5a, 0xf7, 0x5a, 0xf7, 0x5a, 0xf7, 0x5a, 0xf7, 0x27, 0xd3, 0x27, 0xd3, 0x27, 0xd3, 0x27, 0xd3,
    0x27, 0xd3, 0x27, 0xd3, 0x27, 0xd3, 0x27, 0xd3, 0x27, 0xd3, 0x27, 0xd3, 0x0d, 0x53, 0x0d, 0x53,
    0x0d, 0x53, 0x0d, 0x53, 0xff, 0xb6, 0xff, 0xb6, 0x0d, 0x53, 0x0d, 0x53, 0x0d, 0x53, 0x0d, 0x53,
    0xff, 0xb6, 0xff, 0xb6, 0x0d, 0x53, 0x0d, 0x53, 0x7b, 0xf7, 0x7b, 0xf7, 0xff, 0xb6, 0xff, 0xb6,
    0x0d, 0x53, 0x0d, 0x53, 0x7b, 0xf7, 0x7b, 0xf7, 0x0d, 0x53, 0x0d, 0x53, 0x0d, 0x53, 0x0d, 0x53,
    0xff, 0xb6, 0xff, 0xb6, 0x0d, 0x53, 0x0d, 0x53, 0x0b, 0xcd, 0x0b, 0xcd, 0x15, 0xf7, 0x15, 0xf7,
    0x15, 0xf7, 0x15, 0xf7, 0x15, 0xf7, 0x15, 0xf7, 0x15, 0xf7, 0x15, 0xf7, 0x27, 0xd3, 0x27, 0xd3,
    0x27, 0xd3, 0x27, 0xd3, 0x27, 0xd3, 0x27, 0xd3, 0x5a, 0xf7, 0x5a, 0xf7, 0x5a, 0xf7, 0x5a, 0xf7,
    0x5a, 0xf7, 0x5a, 0xf7, 0x5a, 0xf7, 0x5a, 0xf7, 0x27, 0xd3, 0x27, 0xd3, 0x27, 0xd3, 0x27, 0xd3,
    0x27, 0xd3, 0x27, 0xd3, 0x27, 0xd3, 0x27, 0xd3, 0x27, 0xd3, 0x27, 0xd3, 0x0d, 0x53, 0x0d, 0x53,
    0x0d, 0x53, 0x0d, 0x53, 0xff, 0xb6, 0xff, 0xb6, 0x0d, 0x53, 0x0d, 0x53, 0x0d, 0x53, 0x0d, 0x53,
    0xff, 0xb6, 0xff, 0xb6, 0x0d, 0x53, 0x0d, 0x53, 0x7b, 0xf7, 0x7b, 0xf7, 0xff, 0xb6, 0xff, 0xb6,
    0x0d, 0x53, 0x0d, 0x53, 0x7b, 0xf7, 0x7b, 0xf7, 0x0d, 0x53, 0x0d, 0x53, 0x0d, 0x53, 0x0d, 0x53,
    0xff, 0xb6, 0xff, 0xb6, 0x0d, 0x53, 0x0d, 0x53, 0x0b, 0xcd, 0x0b, 0xcd, 0x15, 0xf7, 0x15, 0xf7,
    0x15, 0xf7, 0x15, 0xf7, 0x15, 0xf7, 0x15, 0xf7, 0x15, 0xf7, 0x15, 0xf7, 0x27, 0xd3, 0x27, 0xd3,
    0x27, 0xd3, 0x27, 0xd3, 0x27, 0xd3, 0x27, 0xd3, 0x27, 0xd3, 0x27, 0xd3, 0x27, 0xd3, 0x27, 0xd3,
    0x27, 0xd3, 0x27, 0xd3, 0x27, 0xd3, 0x27, 0xd3, 0x27, 0xd3, 0x27, 0xd3, 0x27, 0xd3, 0x27, 0xd3,
    0x27, 0xd3, 0x27, 0xd3, 0x27, 0xd3, 0x27, 0xd3, 0x27, 0xd3, 0x27, 0xd3, 0x0d, 0x53, 0x0d, 0x53,
    0x0d, 0x53, 0x0d, 0x53, 0xff, 0xb6, 0xff, 0xb6, 0x0d, 0x53, 0x0d, 0x53, 0x0d, 0x53, 0x0d, 0x53,
    0xff, 0xb6, 0xff, 0xb6, 0x0d, 0x53, 0x0d, 0x53, 0x7b, 0xf7, 0x7b, 0xf7, 0xff, 0xb6, 0xff, 0xb6,
    0x0d, 0x53, 0x0d, 0x53, 0x7b, 0xf7, 0x7b, 0xf7, 0x0d, 0x53, 0x0d, 0x53, 0x0d, 0x53, 0x0d, 0x53,
    0xff, 0xb6, 0xff, 0xb6, 0x0d, 0x53, 0x0d, 0x53, 0x0b, 0xcd, 0x0b, 0xcd, 0x15, 0xf7, 0x15, 0xf7,
    0x15, 0xf7, 0x15, 0xf7, 0x15, 0xf7, 0x15, 0xf7, 0x15, 0xf7, 0x15, 0xf7, 0x27, 0xd3, 0x27, 0xd3,
    0x27, 0xd3, 0x27, 0xd3, 0x27, 0xd3, 0x27, 0xd3, 0x27, 0xd3, 0x27, 0xd3, 0x27, 0xd3, 0x27, 0xd3,
    0x27, 0xd3, 0x27, 0xd3, 0x27, 0xd3, 0x27, 0xd3, 0x27, 0xd3, 0x27, 0xd3, 0x27, 0xd3, 0x27, 0xd3,
    0x27, 0xd3, 0x27, 0xd3, 0x27, 0xd3, 0x27, 0xd3, 0x27, 0xd3, 0x27, 0xd3, 0x0d, 0x53, 0x0d, 0x53,
    0x0d, 0x53, 0x0d, 0x53, 0xff, 0xb6, 0xff, 0xb6, 0x0d, 0x53, 0x0d, 0x53, 0x0d, 0x53, 0x0d, 0x53,
    0xff, 0xb6, 0xff, 0xb6, 0x0d, 0x53, 0x0d, 0x53, 0x7b, 0xf7, 0x7b, 0xf7, 0xff, 0xb6, 0xff, 0xb6,
    0x0d, 0x53, 0x0d, 0x53, 0x7b, 0xf7, 0x7b, 0xf7, 0x0d, 0x53, 0x0d, 0x53, 0x0d, 0x53, 0x0d, 0x53,
    0xff, 0xb6, 0xff, 0xb6, 0x0d, 0x53, 0x0d, 0x53, 0x0b, 0xcd, 0x0b, 0xcd, 0x15, 0xf7, 0x15, 0xf7,
    0x15, 0xf7, 0x15, 0xf7, 0x15, 0xf7, 0x15, 0xf7, 0x15, 0xf7, 0x15, 0xf7, 0x15, 0xf7, 0x15, 0xf7,
    0x27, 0xd3, 0x27, 0xd3, 0x27, 0xd3, 0x27, 0xd3, 0x27, 0xd3, 0x27, 0xd3, 0x27, 0xd3, 0x27, 0xd3,
    0x27, 0xd3, 0x27, 0xd3, 0x27, 0xd3, 0x27, 0xd3, 0x27, 0xd3, 0x27, 0xd3, 0x27, 0xd3, 0x27, 0xd3,
    0x27, 0xd3, 0x27, 0xd3, 0x27, 0xd3, 0x27, 0xd3, 0xff, 0xb6, 0xff, 0xb6, 0x0d, 0x53, 0x0d, 0x53,
    0x0d, 0x53, 0x0d, 0x53, 0xff, 0xb6, 0xff, 0xb6, 0x0d, 0x53, 0x0d, 0x53, 0x0d, 0x53, 0x0d, 0x53,
    0xff, 0xb6, 0xff, 0xb6, 0x0d, 0x53, 0x0d, 0x53, 0x7b, 0xf7, 0x7b, 0xf7, 0xff, 0xb6, 0xff, 0xb6,
    0x0d, 0x53, 0x0d, 0x53, 0x7b, 0xf7, 0x7b, 0xf7, 0x0d, 0x53, 0x0d, 0x53, 0x0d, 0x53, 0x0d, 0x53,
    0xff, 0xb6, 0xff, 0xb6, 0x0d, 0x53, 0x0d, 0x53, 0x0b, 0xcd, 0x0b, 0xcd, 0x15, 0xf7, 0x15, 0xf7,
    0x15, 0xf7, 0x15, 0xf7, 0x15, 0xf7, 0x15, 0xf7, 0x15, 0xf7, 0x15, 0xf7, 0x15, 0xf7, 0x15, 0xf7,
    0x27, 0xd3, 0x27, 0xd3, 0x27, 0xd3, 0x27, 0xd3, 0x27, 0xd3, 0x27, 0xd3, 0x27, 0xd3, 0x27, 0xd3,
    0x27, 0xd3, 0x27, 0xd3, 0x27, 0xd3, 0x27, 0xd3, 0x27, 0xd3, 0x27, 0xd3, 0x27, 0xd3, 0x27, 0xd3,
    0x27, 0xd3, 0x27, 0xd3, 0x27, 0xd3, 0x27, 0xd3, 0xff, 0xb6, 0xff, 0xb6, 0x0d, 0x53, 0x0d, 0x53,
    0x0d, 0x53, 0x0d, 0x53, 0xff, 0xb6, 0xff, 0xb6, 0x0d, 0x53, 0x0d, 0x53, 0x0d, 0x53, 0x0d, 0x53,
    0xff, 0xb6, 0xff, 0xb6, 0x0d, 0x53, 0x0d, 0x53, 0x7b, 0xf7, 0x7b, 0xf7, 0xff, 0xb6, 0xff, 0xb6,
    0xe9, 0x31, 0xe9, 0x31, 0x7b, 0xf7, 0x7b, 0xf7, 0xe9, 0x31, 0xe9, 0x31, 0xe9, 0x31, 0xe9, 0x31,
    0xe9, 0x31, 0xe9, 0x31, 0xe9, 0x31, 0xe9, 0x31, 0x0b, 0xcd, 0x0b, 0xcd, 0x0b, 0xcd, 0x0b, 0xcd,
    0x0b, 0xcd, 0x0b, 0xcd, 0x0b, 0xcd, 0x0b, 0xcd, 0x0b, 0xcd, 0x0b, 0xcd, 0x0b, 0xcd, 0x0b, 0xcd,
    0x27, 0xd3, 0x27, 0xd3, 0x27, 0xd3, 0x27, 0xd3, 0x27, 0xd3, 0x27, 0xd3, 0x27, 0xd3, 0x27, 0xd3,
    0x27, 0xd3, 0x27, 0xd3, 0x27, 0xd3, 0x27, 0xd3, 0x27, 0xd3, 0x27, 0xd3, 0x27, 0xd3, 0x27, 0xd3,
    0x27, 0xd3, 0x27, 0xd3, 0x27, 0xd3, 0x27, 0xd3, 0xe9, 0x31, 0xe9, 0x31, 0xe9, 0x31, 0xe9, 0x31,
    0xe9, 0x31, 0xe9, 0x31, 0xe9, 0x31, 0xe9, 0x31, 0xe9, 0x31, 0xe9, 0x31, 0xe9, 0x31, 0xe9, 0x31,
    0xe9, 0x31, 0xe9, 0x31, 0xe9, 0x31, 0xe9, 0x31, 0x7b, 0xf7, 0x7b, 0xf7, 0xe9, 0x31, 0xe9, 0x31,
    0xe9, 0x31, 0xe9, 0x31, 0x7b, 0xf7, 0x7b, 0xf7, 0xe9, 0x31, 0xe9, 0x31, 0xe9, 0x31, 0xe9, 0x31,
    0xe9, 0x31, 0xe9, 0x31, 0xe9, 0x31, 0xe9, 0x31, 0x0b, 0xcd, 0x0b, 0xcd, 0x0b, 0xcd, 0x0b, 0xcd,
    0x0b, 0xcd, 0x0b, 0xcd, 0x0b, 0xcd, 0x0b, 0xcd, 0x0b, 0xcd, 0x0b, 0xcd, 0x0b, 0xcd, 0x0b, 0xcd,
    0x27, 0xd3, 0x27, 0xd3, 0x27, 0xd3, 0x27, 0xd3, 0x27, 0xd3, 0x27, 0xd3, 0x27, 0xd3, 0x27, 0xd3,
    0x27, 0xd3, 0x27, 0xd3, 0x27, 0xd3, 0x27, 0xd3, 0x27, 0xd3, 0x27, 0xd3, 0x27, 0xd3, 0x27, 0xd3,
    0x27, 0xd3, 0x27, 0xd3, 0x27, 0xd3, 0x27, 0xd3, 0xe9, 0x31, 0xe9, 0x31, 0xe9, 0x31, 0xe9, 0x31,
    0xe9, 0x31, 0xe9, 0x31, 0xe9, 0x31, 0xe9, 0x31, 0xe9, 0x31, 0xe9, 0x31, 0xe9, 0x31, 0xe9, 0x31,
    0xe9, 0x31, 0xe9, 0x31, 0xe9, 0x31, 0xe9, 0x31, 0x7b, 0xf7, 0x7b, 0xf7, 0xe9, 0x31, 0xe9, 0x31,
    0xe9, 0x31, 0xe9, 0x31, 0x7b, 0xf7, 0x7b, 0xf7, 0xe9, 0x31, 0xe9, 0x31, 0xe9, 0x31, 0xe9, 0x31,
    0xe9, 0x31, 0xe9, 0x31, 0xe9, 0x31, 0xe9, 0x31, 0xe9, 0x31, 0xe9, 0x31, 0xe9, 0x31, 0xe9, 0x31,
    0xe9, 0x31, 0xe9, 0x31, 0xe9, 0x31, 0xe9, 0x31, 0xe9, 0x31, 0xe9, 0x31, 0xe9, 0x31, 0xe9, 0x31,
    0x27, 0xd3, 0x27, 0xd3, 0x27, 0xd3, 0x27, 0xd3, 0x27, 0xd3, 0x27, 0xd3, 0x27, 0xd3, 0x27, 0xd3,
    0x27, 0xd3, 0x27, 0xd3, 0x27, 0xd3, 0x27, 0xd3, 0x27, 0xd3, 0x27, 0xd3, 0x27, 0xd3, 0x27, 0xd3,
    0x27, 0xd3, 0x27, 0xd3, 0x27, 0xd3, 0x27, 0xd3, 0xe9, 0x31, 0xe9, 0x31, 0xe9, 0x31, 0xe9, 0x31,
    0xe9, 0x31, 0xe9, 0x31, 0xe9, 0x31, 0xe9, 0x31, 0xe9, 0x31, 0xe9, 0x31, 0xe9, 0x31, 0xe9, 0x31,
    0xe9, 0x31, 0xe9, 0x31, 0xe9, 0x31, 0xe9, 0x31, 0x7b, 0xf7, 0x7b, 0xf7, 0xe9, 0x31, 0xe9, 0x31,
    0xe9, 0x31, 0xe9, 0x31, 0x7b, 0xf7, 0x7b, 0xf7, 0xe9, 0x31, 0xe9, 0x31, 0xe9, 0x31, 0xe9, 0x31,
    0xe9, 0x31, 0xe9, 0x31, 0xe9, 0x31, 0xe9, 0x31, 0xe9, 0x31, 0xe9, 0x31, 0xe9, 0x31, 0xe9, 0x31,
    0xe9, 0x31, 0xe9, 0x31, 0xe9, 0x31, 0xe9, 0x31, 0xe9, 0x31, 0xe9, 0x31, 0xe9, 0x31, 0xe9, 0x31,
    0x27, 0xd3, 0x27, 0xd3, 0x27, 0xd3, 0x27, 0xd3, 0x27, 0xd3, 0x27, 0xd3, 0x27, 0xd3, 0x27, 0xd3,
    0x27, 0xd3, 0x27, 0xd3, 0x27, 0xd3, 0x27, 0xd3, 0x27, 0xd3, 0x27, 0xd3, 0x27, 0xd3, 0x27, 0xd3,
    0x27, 0xd3, 0x27, 0xd3, 0x27, 0xd3, 0x27, 0xd3, 0xe9, 0x31, 0xe9, 0x31, 0xe9, 0x31, 0xe9, 0x31,
    0xe9, 0x31, 0xe9, 0x31, 0xe9, 0x31, 0xe9, 0x31, 0xe9, 0x31, 0xe9, 0x31, 0xe9, 0x31, 0xe9, 0x31,
    0xe9, 0x31, 0xe9, 0x31, 0xe9, 0x31, 0xe9, 0x31, 0x7b, 0xf7, 0x7b, 0xf7, 0xe9, 0x31, 0xe9, 0x31,
    0xe9, 0x31, 0xe9, 0x31, 0x7b, 0xf7, 0x7b, 0xf7, 0xe9, 0x31, 0xe9, 0x31, 0xe9, 0x31, 0xe9, 0x31,
    0xe9, 0x31, 0xe9, 0x31, 0xe9, 0x31, 0xe9, 0x31, 0xe9, 0x31, 0xe9, 0x31, 0xe9, 0x31, 0xe9, 0x31,
    0xe9, 0x31, 0xe9, 0x31, 0xe9, 0x31, 0xe9, 0x31, 0xe9, 0x31, 0xe9, 0x31, 0xe9, 0x31, 0xe9, 0x31,
    0x27, 0xd3, 0x27, 0xd3, 0x27, 0xd3, 0x27, 0xd3, 0x27, 0xd3, 0x27, 0xd3, 0x27, 0xd3, 0x27, 0xd3,
    0x27, 0xd3, 0x27, 0xd3, 0x27, 0xd3, 0x27, 0xd3, 0x27, 0xd3, 0x27, 0xd3, 0x27, 0xd3, 0x27, 0xd3,
    0x27, 0xd3, 0x27, 0xd3, 0x27, 0xd3, 0x27, 0xd3, 0xe9, 0x31, 0xe9, 0x31, 0xe9, 0x31, 0xe9, 0x31,
    0xe9, 0x31, 0xe9, 0x31, 0xe9, 0x31, 0xe9, 0x31, 0xe9, 0x31, 0xe9, 0x31, 0xe9, 0x31, 0xe9, 0x31,
    0xe9, 0x31, 0xe9, 0x31, 0xe9, 0x31, 0xe9, 0x31, 0x7b, 0xf7, 0x7b, 0xf7, 0xe9, 0x31, 0xe9, 0x31,
    0xe9, 0x31, 0xe9, 0x31, 0x7b, 0xf7, 0x7b, 0xf7, 0xe9, 0x31, 0xe9, 0x31, 0xe9, 0x31, 0xe9, 0x31,
    0xe9, 0x31, 0xe9, 0x31, 0xe9, 0x31, 0xe9, 0x31, 0xe9, 0x31, 0xe9, 0x31, 0xe9, 0x31, 0xe9, 0x31,
    0xe9, 0x31, 0xe9, 0x31, 0xe9, 0x31, 0xe9, 0x31, 0xe9, 0x31, 0xe9, 0x31, 0xe9, 0x31, 0xe9, 0x31,
    0x27, 0xd3, 0x27, 0xd3, 0x27, 0xd3, 0x27, 0xd3, 0x27, 0xd3, 0x27, 0xd3, 0x27, 0xd3, 0x27, 0xd3,
    0x27, 0xd3, 0x27, 0xd3, 0x27, 0xd3, 0x27, 0xd3, 0x27, 0xd3, 0x27, 0xd3, 0x27, 0xd3, 0x27, 0xd3,
    0x27, 0xd3, 0x27, 0xd3, 0x27, 0xd3, 0x27, 0xd3, 0xe9, 0x31, 0xe9, 0x31, 0xe9, 0x31, 0xe9, 0x31,
    0xe9, 0x31, 0xe9, 0x31, 0xe9, 0x31, 0xe9, 0x31, 0xe9, 0x31, 0xe9, 0x31, 0xe9, 0x31, 0xe9, 0x31,
    0xe9, 0x31, 0xe9, 0x31, 0xe9, 0x31, 0xe9, 0x31, 0x7b, 0xf7, 0x7b, 0xf7, 0xe9, 0x31, 0xe9, 0x31,
    0xe9, 0x31, 0xe9, 0x31, 0x7b, 0xf7, 0x7b, 0xf7, 0xe9, 0x31, 0xe9, 0x31, 0xe9, 0x31, 0xe9, 0x31,
    0xe9, 0x31, 0xe9, 0x31, 0xe9, 0x31, 0xe9, 0x31, 0xe9, 0x31, 0xe9, 0x31, 0xe9, 0x31, 0xe9, 0x31,
    0xe9, 0x31, 0xe9, 0x31, 0xe9, 0x31, 0xe9, 0x31, 0xe9, 0x31, 0xe9, 0x31, 0xe9, 0x31, 0xe9, 0x31,
    0x27, 0xd3, 0x27, 0xd3, 0x5a, 0xf7, 0x5a, 0xf7, 0x5a, 0xf7, 0x5a, 0xf7, 0x27, 0xd3, 0x27, 0xd3,
    0x27, 0xd3, 0x27, 0xd3, 0x5a, 0xf7, 0x5a, 0xf7, 0x5a, 0xf7, 0x5a, 0xf7, 0x27, 0xd3, 0x27, 0xd3,
    0x27, 0xd3, 0x27, 0xd3, 0x27, 0xd3, 0x27, 0xd3, 0xe9, 0x31, 0xe9, 0x31, 0xe9, 0x31, 0xe9, 0x31,
    0xe9, 0x31, 0xe9, 0x31, 0xe9, 0x31, 0xe9, 0x31, 0xe9, 0x31, 0xe9, 0x31, 0xe9, 0x31, 0xe9, 0x31,
    0xe9, 0x31, 0xe9, 0x31, 0xe9, 0x31, 0xe9, 0x31, 0x7b, 0xf7, 0x7b, 0xf7, 0xe9, 0x31, 0xe9, 0x31,
    0xe9, 0x31, 0xe9, 0x31, 0x7b, 0xf7, 0x7b, 0xf7, 0xe9, 0x31, 0xe9, 0x31, 0xe9, 0x31, 0xe9, 0x31,
    0xe9, 0x31, 0xe9, 0x31, 0xe9, 0x31, 0xe9, 0x31, 0xe9, 0x31, 0xe9, 0x31, 0xe9, 0x31, 0xe9, 0x31,
    0xe9, 0x31, 0xe9, 0x31, 0xe9, 0x31, 0xe9, 0x31, 0xe9, 0x31, 0xe9, 0x31, 0xe9, 0x31, 0xe9, 0x31,
    0x27, 0xd3, 0x27, 0xd3, 0x5a, 0xf7, 0x5a, 0xf7, 0x5a, 0xf7, 0x5a, 0xf7, 0x27, 0xd3, 0x27, 0xd3,
    0x27, 0xd3, 0x27, 0xd3, 0x5a, 0xf7, 0x5a, 0xf7, 0x5a, 0xf7, 0x5a, 0xf7, 0x27, 0xd3, 0x27, 0xd3,
    0x27, 0xd3, 0x27, 0xd3, 0x27, 0xd3, 0x27, 0xd3, 0xe9, 0x31, 0xe9, 0x31, 0xe9, 0x31, 0xe9, 0x31,
    0xe9, 0x31, 0xe9, 0x31, 0xe9, 0x31, 0xe9, 0x31, 0xe9, 0x31, 0xe9, 0x31, 0xe9, 0x31, 0xe9, 0x31,
    0xe9, 0x31, 0xe9, 0x31, 0xe9, 0x31, 0xe9, 0x31, 0x7b, 0xf7, 0x7b, 0xf7, 0xe9, 0x31, 0xe9, 0x31,
    0xe9, 0x31, 0xe9, 0x31, 0x7b, 0xf7, 0x7b, 0xf7, 0x7b, 0xf7, 0x7b, 0xf7, 0x7b, 0xf7, 0x7b, 0xf7,
    0x7b, 0xf7, 0x7b, 0xf7, 0x7b, 0xf7, 0x7b, 0xf7, 0x7b, 0xf7, 0x7b, 0xf7, 0x7b, 0xf7, 0x7b, 0xf7,
    0x7b, 0xf7, 0x7b, 0xf7, 0x7b, 0xf7, 0x7b, 0xf7, 0x7b, 0xf7, 0x7b, 0xf7, 0x7b, 0xf7, 0x7b, 0xf7,
    0x7b, 0xf7, 0x7b, 0xf7, 0x7b, 0xf7, 0x7b, 0xf7, 0x7b, 0xf7, 0x7b, 0xf7, 0x7b, 0xf7, 0x7b, 0xf7,
    0x7b, 0xf7, 0x7b, 0xf7, 0x7b, 0xf7, 0x7b, 0xf7, 0x7b, 0xf7, 0x7b, 0xf7, 0x7b, 0xf7, 0x7b, 0xf7,
    0x7b, 0xf7, 0x7b, 0xf7, 0x7b, 0xf7, 0x7b, 0xf7, 0x7b, 0xf7, 0x7b, 0xf7, 0x7b, 0xf7, 0x7b, 0xf7,
    0x7b, 0xf7, 0x7b, 0xf7, 0x7b, 0xf7, 0x7b, 0xf7, 0x7b, 0xf7, 0x7b, 0xf7, 0x7b, 0xf7, 0x7b, 0xf7,
    0x7b, 0xf7, 0x7b, 0xf7, 0x7b, 0xf7, 0x7b, 0xf7, 0x7b, 0xf7, 0x7b, 0xf7, 0xe9, 0x31, 0xe9, 0x31,
    0xe9, 0x31, 0xe9, 0x31, 0x7b, 0xf7, 0x7b, 0xf7, 0x7b, 0xf7, 0x7b, 0xf7, 0x7b, 0xf7, 0x7b, 0xf7,
    0x7b, 0xf7, 0x7b, 0xf7, 0x7b, 0xf7, 0x7b, 0xf7, 0x7b, 0xf7, 0x7b, 0xf7, 0x7b, 0xf7, 0x7b, 0xf7,
    0x7b, 0xf7, 0x7b, 0xf7, 0x7b, 0xf7, 0x7b, 0xf7, 0x7b, 0xf7, 0x7b, 0xf7, 0x7b, 0xf7, 0x7b, 0xf7,
    0x7b, 0xf7, 0x7b, 0xf7, 0x7b, 0xf7, 0x7b, 0xf7, 0x7b, 0xf7, 0x7b, 0xf7, 0x7b, 0xf7, 0x7b, 0xf7,
    0x7b, 0xf7, 0x7b, 0xf7, 0x7b, 0xf7, 0x7b, 0xf7, 0x7b, 0xf7, 0x7b, 0xf7, 0x7b, 0xf7, 0x7b, 0xf7,
    0x7b, 0xf7, 0x7b, 0xf7, 0x7b, 0xf7, 0x7b, 0xf7, 0x7b, 0xf7, 0x7b, 0xf7, 0x7b, 0xf7, 0x7b, 0xf7,
    0x7b, 0xf7, 0x7b, 0xf7, 0x7b, 0xf7, 0x7b, 0xf7, 0x7b, 0xf7, 0x7b, 0xf7, 0x7b, 0xf7, 0x7b, 0xf7,
    0x7b, 0xf7, 0x7b, 0xf7, 0x7b, 0xf7, 0x7b, 0xf7, 0x7b, 0xf7, 0x7b, 0xf7, 0xe9, 0x31, 0xe9, 0x31,
    0xe9, 0x31, 0xe9, 0x31, 0xe9, 0x31, 0xe9, 0x31, 0xe9, 0x31, 0xe9, 0x31, 0xe9, 0x31, 0xe9, 0x31,
    0xe9, 0x31, 0xe9, 0x31, 0xe9, 0x31, 0xe9, 0x31, 0xe9, 0x31, 0xe9, 0x31, 0xe9, 0x31, 0xe9, 0x31,
    0xe9, 0x31, 0xe9, 0x31, 0xe9, 0x31, 0xe9, 0x31, 0xe9, 0x31, 0xe9, 0x31, 0xe9, 0x31, 0xe9, 0x31,
    0xe9, 0x31, 0xe9, 0x31, 0x5a, 0xf7, 0x5a, 0xf7, 0x5a, 0xf7, 0x5a, 0xf7, 0xe9, 0x31, 0xe9, 0x31,
    0xe9, 0x31, 0xe9, 0x31, 0x5a, 0xf7, 0x5a, 0xf7, 0x5a, 0xf7, 0x5a, 0xf7, 0xe9, 0x31, 0xe9, 0x31,
    0xe9, 0x31, 0xe9, 0x31, 0xe9, 0x31, 0xe9, 0x31, 0xe9, 0x31, 0xe9, 0x31, 0xe9, 0x31, 0xe9, 0x31,
    0xe9, 0x31, 0xe9, 0x31, 0xe9, 0x31, 0xe9, 0x31, 0xe9, 0x31, 0xe9, 0x31, 0xe9, 0x31, 0xe9, 0x31,
    0xe9, 0x31, 0xe9, 0x31, 0xe9, 0x31, 0xe9, 0x31, 0xe9, 0x31, 0xe9, 0x31, 0xe9, 0x31, 0xe9, 0x31,
    0xe9, 0x31, 0xe9, 0x31, 0xe9, 0x31, 0xe9, 0x31, 0xe9, 0x31, 0xe9, 0x31, 0xe9, 0x31, 0xe9, 0x31,
    0xe9, 0x31, 0xe9, 0x31, 0xe9, 0x31, 0xe9, 0x31, 0xe9, 0x31, 0xe9, 0x31, 0xe9, 0x31, 0xe9, 0x31,
    0xe9, 0x31, 0xe9, 0x31, 0xe9, 0x31, 0xe9, 0x31, 0xe9, 0x31, 0xe9, 0x31, 0xe9, 0x31, 0xe9, 0x31,
    0xe9, 0x31, 0xe9, 0x31, 0x5a, 0xf7, 0x5a, 0xf7, 0x5a, 0xf7, 0x5a, 0xf7, 0xe9, 0x31, 0xe9, 0x31,
    0xe9, 0x31, 0xe9, 0x31, 0x5a, 0xf7, 0x5a, 0xf7, 0x5a, 0xf7, 0x5a, 0xf7, 0xe9, 0x31, 0xe9, 0x31,
    0xe9, 0x31, 0xe9, 0x31, 0xe9, 0x31, 0xe9, 0x31, 0xe9, 0x31, 0xe9, 0x31, 0xe9, 0x31, 0xe9, 0x31,
    0xe9, 0x31, 0xe9, 0x31, 0xe9, 0x31, 0xe9, 0x31, 0xe9, 0x31, 0xe9, 0x31, 0xe9, 0x31, 0xe9, 0x31,
    0xe9, 0x31, 0xe9, 0x31, 0xe9, 0x31, 0xe9, 0x31, 0xe9, 0x31, 0xe9, 0x31, 0xe9, 0x31, 0xe9, 0x31,
};

const lv_img_dsc_t waveshare_photo_window_rain = {
    {LV_IMG_CF_TRUE_COLOR, 0, 0, WAVESHARE_PHOTO_W, WAVESHARE_PHOTO_H},
    sizeof(waveshare_photo_window_rain_map),
    waveshare_photo_window_rain_map,
};

static const uint8_t waveshare_photo_corner_store_map[WAVESHARE_PHOTO_W * WAVESHARE_PHOTO_H * 2] = {
    0xfe, 0x7d, 0xfe, 0x7d, 0xfe, 0x7d, 0xfe, 0x7d, 0xfe, 0x7d, 0xfe, 0x7d, 0xfe, 0x7d, 0xfe, 0x7d,
    0xfe, 0x7d, 0xfe, 0x7d, 0xfe, 0x7d, 0xfe, 0x7d, 0xfe, 0x7d, 0xfe, 0x7d, 0xfe, 0x7d, 0xfe, 0x7d,
    0xfe, 0x7d, 0xfe, 0x7d, 0xfe, 0x7d, 0xfe, 0x7d, 0xfe, 0x7d, 0xfe, 0x7d, 0xfe, 0x7d, 0xfe, 0x7d,
    0xfe, 0x7d, 0xfe, 0x7d, 0xfe, 0x7d, 0xfe, 0x7d, 0xfe, 0x7d, 0xfe, 0x7d, 0xfe, 0x7d, 0xfe, 0x7d,
    0xfe, 0x7d, 0xfe, 0x7d, 0xfe, 0x7d, 0xfe, 0x7d, 0xfe, 0x7d, 0xfe, 0x7d, 0xfe, 0x7d, 0xfe, 0x7d,
    0xfe, 0x7d, 0xfe, 0x7d, 0xfe, 0x7d, 0xfe, 0x7d, 0xfe, 0x7d, 0xfe, 0x7d, 0xfe, 0x7d, 0xfe, 0x7d,
    0xfe, 0x7d, 0xfe, 0x7d, 0xfe, 0x7d, 0xfe, 0x7d, 0xfe, 0x7d, 0xfe, 0x7d, 0xfe, 0x7d, 0xfe, 0x7d,
    0xfe, 0x7d, 0xfe, 0x7d, 0xfe, 0x7d, 0xfe, 0x7d, 0xfe, 0x7d, 0xfe, 0x7d, 0xfe, 0x7d, 0xfe, 0x7d,
    0xfe, 0x7d, 0xfe, 0x7d, 0xfe, 0x7d, 0xfe, 0x7d, 0xfe, 0x7d, 0xfe, 0x7d, 0xfe, 0x7d, 0xfe, 0x7d,
    0xfe, 0x7d, 0xfe, 0x7d, 0xfe, 0x7d, 0xfe, 0x7d, 0xfe, 0x7d, 0xfe, 0x7d, 0xfe, 0x7d, 0xfe, 0x7d,
    0xfe, 0x7d, 0xfe, 0x7d, 0xfe, 0x7d, 0xfe, 0x7d, 0xfe, 0x7d, 0xfe, 0x7d, 0xfe, 0x7d, 0xfe, 0x7d,
    0xfe, 0x7d, 0xfe, 0x7d, 0xfe, 0x7d, 0xfe, 0x7d, 0xfe, 0x7d, 0xfe, 0x7d, 0xfe, 0x7d, 0xfe, 0x7d,
    0xfe, 0x7d, 0xfe, 0x7d, 0xfe, 0x7d, 0xfe, 0x7d, 0xfe, 0x7d, 0xfe, 0x7d, 0xfe, 0x7d, 0xfe, 0x7d,
    0xfe, 0x7d, 0xfe, 0x7d, 0xfe, 0x7d, 0xfe, 0x7d, 0xfe, 0x7d, 0xfe, 0x7d, 0xfe, 0x7d, 0xfe, 0x7d,
    0xfe, 0x7d, 0xfe, 0x7d, 0xfe, 0x7d, 0xfe, 0x7d, 0xfe, 0x7d, 0xfe, 0x7d, 0xfe, 0x7d, 0xfe, 0x7d,
    0xfe, 0x7d, 0xfe, 0x7d, 0xfe, 0x7d, 0xfe, 0x7d, 0xfe, 0x7d, 0xfe, 0x7d, 0xfe, 0x7d, 0xfe, 0x7d,
    0xfe, 0x85, 0xfe, 0x85, 0x7b, 0xf7, 0x7b, 0xf7, 0x7b, 0xf7, 0x7b, 0xf7, 0x7b, 0xf7, 0x7b, 0xf7,
    0x7b, 0xf7, 0x7b, 0xf7, 0x7b, 0xf7, 0x7b, 0xf7, 0x7b, 0xf7, 0x7b, 0xf7, 0x7b, 0xf7, 0x7b, 0xf7,
    0x7b, 0xf7, 0x7b, 0xf7, 0x7b, 0xf7, 0x7b, 0xf7, 0x7b, 0xf7, 0x7b, 0xf7, 0x7b, 0xf7, 0x7b, 0xf7,
    0x7b, 0xf7, 0x7b, 0xf7, 0x7b, 0xf7, 0x7b, 0xf7, 0x7b, 0xf7, 0x7b, 0xf7, 0x7b, 0xf7, 0x7b, 0xf7,
    0x7b, 0xf7, 0x7b, 0xf7, 0x7b, 0xf7, 0x7b, 0xf7, 0x7b, 0xf7, 0x7b, 0xf7, 0x7b, 0xf7, 0x7b, 0xf7,
    0x7b, 0xf7, 0x7b, 0xf7, 0x7b, 0xf7, 0x7b, 0xf7, 0x7b, 0xf7, 0x7b, 0xf7, 0x7b, 0xf7, 0x7b, 0xf7,
    0x7b, 0xf7, 0x7b, 0xf7, 0x7b, 0xf7, 0x7b, 0xf7, 0x7b, 0xf7, 0x7b, 0xf7, 0x7b, 0xf7, 0x7b, 0xf7,
    0x7b, 0xf7, 0x7b, 0xf7, 0x7b, 0xf7, 0x7b, 0xf7, 0x7b, 0xf7, 0x7b, 0xf7, 0xfe, 0x85, 0xfe, 0x85,
    0xfe, 0x85, 0xfe, 0x85, 0x7b, 0xf7, 0x7b, 0xf7, 0x7b, 0xf7, 0x7b, 0xf7, 0x7b, 0xf7, 0x7b, 0xf7,
    0x7b, 0xf7, 0x7b, 0xf7, 0x7b, 0xf7, 0x7b, 0xf7, 0x7b, 0xf7, 0x7b, 0xf7, 0x7b, 0xf7, 0x7b, 0xf7,
    0x7b, 0xf7, 0x7b, 0xf7, 0x7b, 0xf7, 0x7b, 0xf7, 0x7b, 0xf7, 0x7b, 0xf7, 0x7b, 0xf7, 0x7b, 0xf7,
    0x7b, 0xf7, 0x7b, 0xf7, 0x7b, 0xf7, 0x7b, 0xf7, 0x7b, 0xf7, 0x7b, 0xf7, 0x7b, 0xf7, 0x7b, 0xf7,
    0x7b, 0xf7, 0x7b, 0xf7, 0x7b, 0xf7, 0x7b, 0xf7, 0x7b, 0xf7, 0x7b, 0xf7, 0x7b, 0xf7, 0x7b, 0xf7,
    0x7b, 0xf7, 0x7b, 0xf7, 0x7b, 0xf7, 0x7b, 0xf7, 0x7b, 0xf7, 0x7b, 0xf7, 0x7b, 0xf7, 0x7b, 0xf7,
    0x7b, 0xf7, 0x7b, 0xf7, 0x7b, 0xf7, 0x7b, 0xf7, 0x7b, 0xf7, 0x7b, 0xf7, 0x7b, 0xf7, 0x7b, 0xf7,
    0x7b, 0xf7, 0x7b, 0xf7, 0x7b, 0xf7, 0x7b, 0xf7, 0x7b, 0xf7, 0x7b, 0xf7, 0xfe, 0x85, 0xfe, 0x85,
    0x1e, 0x86, 0x1e, 0x86, 0x7b, 0xf7, 0x7b, 0xf7, 0x1e, 0x86, 0x1e, 0x86, 0x1e, 0x86, 0x1e, 0x86,
    0x1e, 0x86, 0x1e, 0x86, 0x1e, 0x86, 0x1e, 0x86, 0x1e, 0x86, 0x1e, 0x86, 0x1e, 0x86, 0x1e, 0x86,
    0x1e, 0x86, 0x1e, 0x86, 0x1e, 0x86, 0x1e, 0x86, 0x1e, 0x86, 0x1e, 0x86, 0x1e, 0x86, 0x1e, 0x86,
    0x1e, 0x86, 0x1e, 0x86, 0x1e, 0x86, 0x1e, 0x86, 0x1e, 0x86, 0x1e, 0x86, 0x1e, 0x86, 0x1e, 0x86,
    0x1e, 0x86, 0x1e, 0x86, 0x1e, 0x86, 0x1e, 0x86, 0x1e, 0x86, 0x1e, 0x86, 0x1e, 0x86, 0x1e, 0x86,
    0x1e, 0x86, 0x1e, 0x86, 0x1e, 0x86, 0x1e, 0x86, 0x1e, 0x86, 0x1e, 0x86, 0x1e, 0x86, 0x1e, 0x86,
    0x1e, 0x86, 0x1e, 0x86, 0x1e, 0x86, 0x1e, 0x86, 0x1e, 0x86, 0x1e, 0x86, 0x1e, 0x86, 0x1e, 0x86,
    0x1e, 0x86, 0x1e, 0x86, 0x1e, 0x86, 0x1e, 0x86, 0x7b, 0xf7, 0x7b, 0xf7, 0x1e, 0x86, 0x1e, 0x86,
    0x1e, 0x86, 0x1e, 0x86, 0x7b, 0xf7, 0x7b, 0xf7, 0x1e, 0x86, 0x1e, 0x86, 0x1e, 0x86, 0x1e, 0x86,
    0x1e, 0x86, 0x1e, 0x86, 0x1e, 0x86, 0x1e, 0x86, 0x1e, 0x86, 0x1e, 0x86, 0x1e, 0x86, 0x1e, 0x86,
    0x1e, 0x86, 0x1e, 0x86, 0x1e, 0x86, 0x1e, 0x86, 0x1e, 0x86, 0x1e, 0x86, 0x1e, 0x86, 0x1e, 0x86,
    0x1e, 0x86, 0x1e, 0x86, 0x1e, 0x86, 0x1e, 0x86, 0x1e, 0x86, 0x1e, 0x86, 0x1e, 0x86, 0x1e, 0x86,
    0x1e, 0x86, 0x1e, 0x86, 0x1e, 0x86, 0x1e, 0x86, 0x1e, 0x86, 0x1e, 0x86, 0x1e, 0x86, 0x1e, 0x86,
    0x1e, 0x86, 0x1e, 0x86, 0x1e, 0x86, 0x1e, 0x86, 0x1e, 0x86, 0x1e, 0x86, 0x1e, 0x86, 0x1e, 0x86,
    0x1e, 0x86, 0x1e, 0x86, 0x1e, 0x86, 0x1e, 0x86, 0x1e, 0x86, 0x1e, 0x86, 0x1e, 0x86, 0x1e, 0x86,
    0x1e, 0x86, 0x1e, 0x86, 0x1e, 0x86, 0x1e, 0x86, 0x7b, 0xf7, 0x7b, 0xf7, 0x1e, 0x86, 0x1e, 0x86,
    0x1e, 0x8e, 0x1e, 0x8e, 0x7b, 0xf7, 0x7b, 0xf7, 0x1e, 0x8e, 0x1e, 0x8e, 0x1e, 0x8e, 0x1e, 0x8e,
    0x1e, 0x8e, 0x1e, 0x8e, 0x1e, 0x8e, 0x1e, 0x8e, 0x1e, 0x8e, 0x1e, 0x8e, 0x1e, 0x8e, 0x1e, 0x8e,
    0x1e, 0x8e, 0x1e, 0x8e, 0x1e, 0x8e, 0x1e, 0x8e, 0x1e, 0x8e, 0x1e, 0x8e, 0x1e, 0x8e, 0x1e, 0x8e,
    0x1e, 0x8e, 0x1e, 0x8e, 0x1e, 0x8e, 0x1e, 0x8e, 0x1e, 0x8e, 0x1e, 0x8e, 0x1e, 0x8e, 0x1e, 0x8e,
    0x1e, 0x8e, 0x1e, 0x8e, 0x1e, 0x8e, 0x1e, 0x8e, 0x1e, 0x8e, 0x1e, 0x8e, 0x1e, 0x8e, 0x1e, 0x8e,
    0x1e, 0x8e, 0x1e, 0x8e, 0x1e, 0x8e, 0x1e, 0x8e, 0x1e, 0x8e, 0x1e, 0x8e, 0x1e, 0x8e, 0x1e, 0x8e,
    0x1e, 0x8e, 0x1e, 0x8e, 0x1e, 0x8e, 0x1e, 0x8e, 0x1e, 0x8e, 0x1e, 0x8e, 0x1e, 0x8e, 0x1e, 0x8e,
    0x1e, 0x8e, 0x1e, 0x8e, 0x1e, 0x8e, 0x1e, 0x8e, 0x7b, 0xf7, 0x7b, 0xf7, 0x1e, 0x8e, 0x1e, 0x8e,
    0x1e, 0x8e, 0x1e, 0x8e, 0x7b, 0xf7, 0x7b, 0xf7, 0x1e, 0x8e, 0x1e, 0x8e, 0x1e, 0x8e, 0x1e, 0x8e,
    0x1e, 0x8e, 0x1e, 0x8e, 0x1e, 0x8e, 0x1e, 0x8e, 0x1e, 0x8e, 0x1e, 0x8e, 0x1e, 0x8e, 0x1e, 0x8e,
    0x1e, 0x8e, 0x1e, 0x8e, 0x1e, 0x8e, 0x1e, 0x8e, 0x1e, 0x8e, 0x1e, 0x8e, 0x1e, 0x8e, 0x1e, 0x8e,
    0x1e, 0x8e, 0x1e, 0x8e, 0x1e, 0x8e, 0x1e, 0x8e, 0x1e, 0x8e, 0x1e, 0x8e, 0x1e, 0x8e, 0x1e, 0x8e,
    0x1e, 0x8e, 0x1e, 0x8e, 0x1e, 0x8e, 0x1e, 0x8e, 0x1e, 0x8e, 0x1e, 0x8e, 0x1e, 0x8e, 0x1e, 0x8e,
    0x1e, 0x8e, 0x1e, 0x8e, 0x1e, 0x8e, 0x1e, 0x8e, 0x1e, 0x8e, 0x1e, 0x8e, 0x1e, 0x8e, 0x1e, 0x8e,
    0x1e, 0x8e, 0x1e, 0x8e, 0x1e, 0x8e, 0x1e, 0x8e, 0x1e, 0x8e, 0x1e, 0x8e, 0x1e, 0x8e, 0x1e, 0x8e,
    0x1e, 0x8e, 0x1e, 0x8e, 0x1e, 0x8e, 0x1e, 0x8e, 0x7b, 0xf7, 0x7b, 0xf7, 0x1e, 0x8e, 0x1e, 0x8e,
    0x3e, 0x8e, 0x3e, 0x8e, 0x7b, 0xf7, 0x7b, 0xf7, 0x3e, 0x8e, 0x3e, 0x8e, 0x3e, 0x8e, 0x3e, 0x8e,
    0x3e, 0x8e, 0x3e, 0x8e, 0x3e, 0x8e, 0x3e, 0x8e, 0x3e, 0x8e, 0x3e, 0x8e, 0x3e, 0x8e, 0x3e, 0x8e,
    0x3e, 0x8e, 0x3e, 0x8e, 0x3e, 0x8e, 0x3e, 0x8e, 0x3e, 0x8e, 0x3e, 0x8e, 0x3e, 0x8e, 0x3e, 0x8e,
    0x3e, 0x8e, 0x3e, 0x8e, 0x3e, 0x8e, 0x3e, 0x8e, 0x3e, 0x8e, 0x3e, 0x8e, 0x3e, 0x8e, 0x3e, 0x8e,
    0x3e, 0x8e, 0x3e, 0x8e, 0x3e, 0x8e, 0x3e, 0x8e, 0x3e, 0x8e, 0x3e, 0x8e, 0x3e, 0x8e, 0x3e, 0x8e,
    0x3e, 0x8e, 0x3e, 0x8e, 0x3e, 0x8e, 0x3e, 0x8e, 0x3e, 0x8e, 0x3e, 0x8e, 0x3e, 0x8e, 0x3e, 0x8e,
    0x3e, 0x8e, 0x3e, 0x8e, 0x3e, 0x8e, 0x3e, 0x8e, 0x3e, 0x8e, 0x3e, 0x8e, 0x3e, 0x8e, 0x3e, 0x8e,
    0x3e, 0x8e, 0x3e, 0x8e, 0x3e, 0x8e, 0x3e, 0x8e, 0x7b, 0xf7, 0x7b, 0xf7, 0x3e, 0x8e, 0x3e, 0x8e,
    0x3e, 0x8e, 0x3e, 0x8e, 0x7b, 0xf7, 0x7b, 0xf7, 0x3e, 0x8e, 0x3e, 0x8e, 0x3e, 0x8e, 0x3e, 0x8e,
    0x3e, 0x8e, 0x3e, 0x8e, 0x3e, 0x8e, 0x3e, 0x8e, 0x3e, 0x8e, 0x3e, 0x8e, 0x3e, 0x8e, 0x3e, 0x8e,
    0x3e, 0x8e, 0x3e, 0x8e, 0x3e, 0x8e, 0x3e, 0x8e, 0x3e, 0x8e, 0x3e, 0x8e, 0x3e, 0x8e, 0x3e, 0x8e,
    0x3e, 0x8e, 0x3e, 0x8e, 0x3e, 0x8e, 0x3e, 0x8e, 0x3e, 0x8e, 0x3e, 0x8e, 0x3e, 0x8e, 0x3e, 0x8e,
    0x3e, 0x8e, 0x3e, 0x8e, 0x3e, 0x8e, 0x3e, 0x8e, 0x3e, 0x8e, 0x3e, 0x8e, 0x3e, 0x8e, 0x3e, 0x8e,
    0x3e, 0x8e, 0x3e, 0x8e, 0x3e, 0x8e, 0x3e, 0x8e, 0x3e, 0x8e, 0x3e, 0x8e, 0x3e, 0x8e, 0x3e, 0x8e,
    0x3e, 0x8e, 0x3e, 0x8e, 0x3e, 0x8e, 0x3e, 0x8e, 0x3e, 0x8e, 0x3e, 0x8e, 0x3e, 0x8e, 0x3e, 0x8e,
    0x3e, 0x8e, 0x3e, 0x8e, 0x3e, 0x8e, 0x3e, 0x8e, 0x7b, 0xf7, 0x7b, 0xf7, 0x3e, 0x8e, 0x3e, 0x8e,
    0x3e, 0x8e, 0x3e, 0x8e, 0x7b, 0xf7, 0x7b, 0xf7, 0x3e, 0x8e, 0x3e, 0x8e, 0x3e, 0x8e, 0x3e, 0x8e,
    0x3e, 0x8e, 0x3e, 0x8e, 0x3e, 0x8e, 0x3e, 0x8e, 0x3e, 0x8e, 0x3e, 0x8e, 0x3e, 0x8e, 0x3e, 0x8e,
    0x3e, 0x8e, 0x3e, 0x8e, 0x3e, 0x8e, 0x3e, 0x8e, 0x3e, 0x8e, 0x3e, 0x8e, 0x3e, 0x8e, 0x3e, 0x8e,
    0x3e, 0x8e, 0x3e, 0x8e, 0x3e, 0x8e, 0x3e, 0x8e, 0x3e, 0x8e, 0x3e, 0x8e, 0x3e, 0x8e, 0x3e, 0x8e,
    0x3e, 0x8e, 0x3e, 0x8e, 0x3e, 0x8e, 0x3e, 0x8e, 0x3e, 0x8e, 0x3e, 0x8e, 0x3e, 0x8e, 0x3e, 0x8e,
    0x3e, 0x8e, 0x3e, 0x8e, 0x3e, 0x8e, 0x3e, 0x8e, 0x3e, 0x8e, 0x3e, 0x8e, 0x3e, 0x8e, 0x3e, 0x8e,
    0x3e, 0x8e, 0x3e, 0x8e, 0x3e, 0x8e, 0x3e, 0x8e, 0x3e, 0x8e, 0x3e, 0x8e, 0x3e, 0x8e, 0x3e, 0x8e,
    0x3e, 0x8e, 0x3e, 0x8e, 0x3e, 0x8e, 0x3e, 0x8e, 0x7b, 0xf7, 0x7b, 0xf7, 0x3e, 0x8e, 0x3e, 0x8e,
    0x3e, 0x8e, 0x3e, 0x8e, 0x7b, 0xf7, 0x7b, 0xf7, 0x3e, 0x8e, 0x3e, 0x8e, 0x3e, 0x8e, 0x3e, 0x8e,
    0x3e, 0x8e, 0x3e, 0x8e, 0x3e, 0x8e, 0x3e, 0x8e, 0x3e, 0x8e, 0x3e, 0x8e, 0x3e, 0x8e, 0x3e, 0x8e,
    0x3e, 0x8e, 0x3e, 0x8e, 0x3e, 0x8e, 0x3e, 0x8e, 0x3e, 0x8e, 0x3e, 0x8e, 0x3e, 0x8e, 0x3e, 0x8e,
    0x3e, 0x8e, 0x3e, 0x8e, 0x3e, 0x8e, 0x3e, 0x8e, 0x3e, 0x8e, 0x3e, 0x8e, 0x3e, 0x8e, 0x3e, 0x8e,
    0x3e, 0x8e, 0x3e, 0x8e, 0x3e, 0x8e, 0x3e, 0x8e, 0x3e, 0x8e, 0x3e, 0x8e, 0x3e, 0x8e, 0x3e, 0x8e,
    0x3e, 0x8e, 0x3e, 0x8e, 0x3e, 0x8e, 0x3e, 0x8e, 0x3e, 0x8e, 0x3e, 0x8e, 0x3e, 0x8e, 0x3e, 0x8e,
    0x3e, 0x8e, 0x3e, 0x8e, 0x3e, 0x8e, 0x3e, 0x8e, 0x3e, 0x8e, 0x3e, 0x8e, 0x3e, 0x8e, 0x3e, 0x8e,
    0x3e, 0x8e, 0x3e, 0x8e, 0x3e, 0x8e, 0x3e, 0x8e, 0x7b, 0xf7, 0x7b, 0xf7, 0x3e, 0x8e, 0x3e, 0x8e,
    0x5f, 0x96, 0x5f, 0x96, 0x7b, 0xf7, 0x7b, 0xf7, 0x5f, 0x96, 0x5f, 0x96, 0x5f, 0x96, 0x5f, 0x96,
    0x67, 0xda, 0x67, 0xda, 0x67, 0xda, 0x67, 0xda, 0x67, 0xda, 0x67, 0xda, 0x67, 0xda, 0x67, 0xda,
    0x67, 0xda, 0x67, 0xda, 0x67, 0xda, 0x67, 0xda, 0x67, 0xda, 0x67, 0xda, 0x67, 0xda, 0x67, 0xda,
    0x67, 0xda, 0x67, 0xda, 0x67, 0xda, 0x67, 0xda, 0x67, 0xda, 0x67, 0xda, 0x67, 0xda, 0x67, 0xda,
    0x67, 0xda, 0x67, 0xda, 0x67, 0xda, 0x67, 0xda, 0x67, 0xda, 0x67, 0xda, 0x67, 0xda, 0x67, 0xda,
    0x67, 0xda, 0x67, 0xda, 0x67, 0xda, 0x67, 0xda, 0x67, 0xda, 0x67, 0xda, 0x67, 0xda, 0x67, 0xda,
    0x67, 0xda, 0x67, 0xda, 0x67, 0xda, 0x67, 0xda, 0x67, 0xda, 0x67, 0xda, 0x67, 0xda, 0x67, 0xda,
    0x67, 0xda, 0x67, 0xda, 0x5f, 0x96, 0x5f, 0x96, 0x7b, 0xf7, 0x7b, 0xf7, 0x5f, 0x96, 0x5f, 0x96,
    0x5f, 0x96, 0x5f, 0x96, 0x7b, 0xf7, 0x7b, 0xf7, 0x5f, 0x96, 0x5f, 0x96, 0x5f, 0x96, 0x5f, 0x96,
    0x67, 0xda, 0x67, 0xda, 0x67, 0xda, 0x67, 0xda, 0x67, 0xda, 0x67, 0xda, 0x67, 0xda, 0x67, 0xda,
    0x67, 0xda, 0x67, 0xda, 0x67, 0xda, 0x67, 0xda, 0x67, 0xda, 0x67, 0xda, 0x67, 0xda, 0x67, 0xda,
    0x67, 0xda, 0x67, 0xda, 0x67, 0xda, 0x67, 0xda, 0x67, 0xda, 0x67, 0xda, 0x67, 0xda, 0x67, 0xda,
    0x67, 0xda, 0x67, 0xda, 0x67, 0xda, 0x67, 0xda, 0x67, 0xda, 0x67, 0xda, 0x67, 0xda, 0x67, 0xda,
    0x67, 0xda, 0x67, 0xda, 0x67, 0xda, 0x67, 0xda, 0x67, 0xda, 0x67, 0xda, 0x67, 0xda, 0x67, 0xda,
    0x67, 0xda, 0x67, 0xda, 0x67, 0xda, 0x67, 0xda, 0x67, 0xda, 0x67, 0xda, 0x67, 0xda, 0x67, 0xda,
    0x67, 0xda, 0x67, 0xda, 0x5f, 0x96, 0x5f, 0x96, 0x7b, 0xf7, 0x7b, 0xf7, 0x5f, 0x96, 0x5f, 0x96,
    0x5f, 0x96, 0x5f, 0x96, 0x7b, 0xf7, 0x7b, 0xf7, 0x5f, 0x96, 0x5f, 0x96, 0x5f, 0x96, 0x5f, 0x96,
    0x67, 0xda, 0x67, 0xda, 0x67, 0xda, 0x67, 0xda, 0x67, 0xda, 0x67, 0xda, 0x67, 0xda, 0x67, 0xda,
    0x67, 0xda, 0x67, 0xda, 0x67, 0xda, 0x67, 0xda, 0x67, 0xda, 0x67, 0xda, 0x67, 0xda, 0x67, 0xda,
    0x67, 0xda, 0x67, 0xda, 0x67, 0xda, 0x67, 0xda, 0x67, 0xda, 0x67, 0xda, 0x67, 0xda, 0x67, 0xda,
    0x67, 0xda, 0x67, 0xda, 0x67, 0xda, 0x67, 0xda, 0x67, 0xda, 0x67, 0xda, 0x67, 0xda, 0x67, 0xda,
    0x67, 0xdb, 0x67, 0xdb, 0x67, 0xda, 0x67, 0xda, 0x67, 0xda, 0x67, 0xda, 0x67, 0xda, 0x67, 0xda,
    0x67, 0xdb, 0x67, 0xdb, 0x67, 0xda, 0x67, 0xda, 0x67, 0xda, 0x67, 0xda, 0x67, 0xda, 0x67, 0xda,
    0x67, 0xda, 0x67, 0xda, 0x5f, 0x96, 0x5f, 0x96, 0x7b, 0xf7, 0x7b, 0xf7, 0x5f, 0x96, 0x5f, 0x96,
    0x5f, 0x96, 0x5f, 0x96, 0x7b, 0xf7, 0x7b, 0xf7, 0x5f, 0x96, 0x5f, 0x96, 0x5f, 0x96, 0x5f, 0x96,
    0x67, 0xda, 0x67, 0xda, 0x67, 0xda, 0x67, 0xda, 0x67, 0xda, 0x67, 0xda, 0x67, 0xda, 0x67, 0xda,
    0x67, 0xda, 0x67, 0xda, 0x67, 0xda, 0x67, 0xda, 0x67, 0xda, 0x67, 0xda, 0x67, 0xda, 0x67, 0xda,
    0x67, 0xda, 0x67, 0xda, 0x67, 0xda, 0x67, 0xda, 0x67, 0xda, 0x67, 0xda, 0x67, 0xda, 0x67, 0xda,
    0x67, 0xda, 0x67, 0xda, 0x67, 0xda, 0x67, 0xda, 0x67, 0xda, 0x67, 0xda, 0x67, 0xda, 0x67, 0xda,
    0x67, 0xdb, 0x67, 0xdb, 0x67, 0xda, 0x67, 0xda, 0x67, 0xda, 0x67, 0xda, 0x67, 0xda, 0x67, 0xda,
    0x67, 0xdb, 0x67, 0xdb, 0x67, 0xda, 0x67, 0xda, 0x67, 0xda, 0x67, 0xda, 0x67, 0xda, 0x67, 0xda,
    0x67, 0xda, 0x67, 0xda, 0x5f, 0x96, 0x5f, 0x96, 0x7b, 0xf7, 0x7b, 0xf7, 0x5f, 0x96, 0x5f, 0x96,
    0x7f, 0x9e, 0x7f, 0x9e, 0x7b, 0xf7, 0x7b, 0xf7, 0x7f, 0x9e, 0x7f, 0x9e, 0x7f, 0x9e, 0x7f, 0x9e,
    0x67, 0xda, 0x67, 0xda, 0x67, 0xda, 0x67, 0xda, 0x67, 0xda, 0x67, 0xda, 0x67, 0xda, 0x67, 0xda,
    0x67, 0xda, 0x67, 0xda, 0x67, 0xda, 0x67, 0xda, 0x67, 0xda, 0x67, 0xda, 0x67, 0xda, 0x67, 0xda,
    0x67, 0xda, 0x67, 0xda, 0x67, 0xda, 0x67, 0xda, 0x67, 0xda, 0x67, 0xda, 0x67, 0xda, 0x67, 0xda,
    0x67, 0xda, 0x67, 0xda, 0x67, 0xda, 0x67, 0xda, 0x67, 0xda, 0x67, 0xda, 0x67, 0xdb, 0x67, 0xdb,
    0x5a, 0xf7, 0x5a, 0xf7, 0x67, 0xda, 0x67, 0xda, 0x67, 0xda, 0x67, 0xda, 0x67, 0xda, 0x67, 0xda,
    0x5a, 0xf7, 0x5a, 0xf7, 0x67, 0xdb, 0x67, 0xdb, 0x67, 0xda, 0x67, 0xda, 0x67, 0xda, 0x67, 0xda,
    0x67, 0xda, 0x67, 0xda, 0x7f, 0x9e, 0x7f, 0x9e, 0x7b, 0xf7, 0x7b, 0xf7, 0x7f, 0x9e, 0x7f, 0x9e,
    0x7f, 0x9e, 0x7f, 0x9e, 0x7b, 0xf7, 0x7b, 0xf7, 0x7f, 0x9e, 0x7f, 0x9e, 0x7f, 0x9e, 0x7f, 0x9e,
    0x67, 0xda, 0x67, 0xda, 0x67, 0xda, 0x67, 0xda, 0x67, 0xda, 0x67, 0xda, 0x67, 0xda, 0x67, 0xda,
    0x67, 0xda, 0x67, 0xda, 0x67, 0xda, 0x67, 0xda, 0x67, 0xda, 0x67, 0xda, 0x67, 0xda, 0x67, 0xda,
    0x67, 0xda, 0x67, 0xda, 0x67, 0xda, 0x67, 0xda, 0x67, 0xda, 0x67, 0xda, 0x67, 0xda, 0x67, 0xda,
    0x67, 0xda, 0x67, 0xda, 0x67, 0xda, 0x67, 0xda, 0x67, 0xda, 0x67, 0xda, 0x67, 0xdb, 0x67, 0xdb,
    0x5a, 0xf7, 0x5a, 0xf7, 0x67, 0xda, 0x67, 0xda, 0x67, 0xda, 0x67, 0xda, 0x67, 0xda, 0x67, 0xda,
    0x5a, 0xf7, 0x5a, 0xf7, 0x67, 0xdb, 0x67, 0xdb, 0x67, 0xda, 0x67, 0xda, 0x67, 0xda, 0x67, 0xda,
    0x67, 0xda, 0x67, 0xda, 0x7f, 0x9e, 0x7f, 0x9e, 0x7b, 0xf7, 0x7b, 0xf7, 0x7f, 0x9e, 0x7f, 0x9e,
    0x7f, 0x9e, 0x7f, 0x9e, 0x7b, 0xf7, 0x7b, 0xf7, 0x7f, 0x9e, 0x7f, 0x9e, 0x7f, 0x9e, 0x7f, 0x9e,
    0x18, 0xef, 0x18, 0xef, 0x18, 0xef, 0x18, 0xef, 0x18, 0xef, 0x18, 0xef, 0x18, 0xef, 0x18, 0xef,
    0x18, 0xef, 0x18, 0xef, 0x18, 0xef, 0x18, 0xef, 0x18, 0xef, 0x18, 0xef, 0x18, 0xef, 0x18, 0xef,
    0x18, 0xef, 0x18, 0xef, 0x18, 0xef, 0x18, 0xef, 0x18, 0xef, 0x18, 0xef, 0x18, 0xef, 0x18, 0xef,
    0x18, 0xef, 0x18, 0xef, 0x67, 0xdb, 0x67, 0xdb, 0x67, 0xdb, 0x67, 0xdb, 0x5a, 0xf7, 0x5a, 0xf7,
    0x5a, 0xf7, 0x5a, 0xf7, 0x67, 0xdb, 0x67, 0xdb, 0x67, 0xdb, 0x67, 0xdb, 0x67, 0xdb, 0x67, 0xdb,
    0x5a, 0xf7, 0x5a, 0xf7, 0x67, 0xdb, 0x67, 0xdb, 0x67, 0xdb, 0x67, 0xdb, 0x18, 0xef, 0x18, 0xef,
    0x18, 0xef, 0x18, 0xef, 0x7f, 0x9e, 0x7f, 0x9e, 0x7b, 0xf7, 0x7b, 0xf7, 0x7f, 0x9e, 0x7f, 0x9e,
    0x7f, 0x9e, 0x7f, 0x9e, 0x7b, 0xf7, 0x7b, 0xf7, 0x7f, 0x9e, 0x7f, 0x9e, 0x7f, 0x9e, 0x7f, 0x9e,
    0x18, 0xef, 0x18, 0xef, 0x18, 0xef, 0x18, 0xef, 0x18, 0xef, 0x18, 0xef, 0x18, 0xef, 0x18, 0xef,
    0x18, 0xef, 0x18, 0xef, 0x18, 0xef, 0x18, 0xef, 0x18, 0xef, 0x18, 0xef, 0x18, 0xef, 0x18, 0xef,
    0x18, 0xef, 0x18, 0xef, 0x18, 0xef, 0x18, 0xef, 0x18, 0xef, 0x18, 0xef, 0x18, 0xef, 0x18, 0xef,
    0x18, 0xef, 0x18, 0xef, 0x67, 0xdb, 0x67, 0xdb, 0x67, 0xdb, 0x67, 0xdb, 0x5a, 0xf7, 0x5a, 0xf7,
    0x5a, 0xf7, 0x5a, 0xf7, 0x67, 0xdb, 0x67, 0xdb, 0x67, 0xdb, 0x67, 0xdb, 0x67, 0xdb, 0x67, 0xdb,
    0x5a, 0xf7, 0x5a, 0xf7, 0x67, 0xdb, 0x67, 0xdb, 0x67, 0xdb, 0x67, 0xdb, 0x18, 0xef, 0x18, 0xef,
    0x18, 0xef, 0x18, 0xef, 0x7f, 0x9e, 0x7f, 0x9e, 0x7b, 0xf7, 0x7b, 0xf7, 0x7f, 0x9e, 0x7f, 0x9e,
    0x9f, 0xa6, 0x9f, 0xa6, 0x7b, 0xf7, 0x7b, 0xf7, 0x9f, 0xa6, 0x9f, 0xa6, 0x9f, 0xa6, 0x9f, 0xa6,
    0x18, 0xef, 0x18, 0xef, 0x18, 0xef, 0x18, 0xef, 0x18, 0xef, 0x18, 0xef, 0x18, 0xef, 0x18, 0xef,
    0x7a, 0x7d, 0x7a, 0x7d, 0x7a, 0x7d, 0x7a, 0x7d, 0x7a, 0x7d, 0x7a, 0x7d, 0x7a, 0x7d, 0x7a, 0x7d,
    0x7a, 0x7d, 0x7a, 0x7d, 0x7a, 0x7d, 0x7a, 0x7d, 0xc7, 0x72, 0xc7, 0x72, 0xc7, 0x72, 0xc7, 0x72,
    0xc7, 0x72, 0xc7, 0x72, 0x67, 0xdb, 0x67, 0xdb, 0x67, 0xdb, 0x67, 0xdb, 0x67, 0xdb, 0x67, 0xdb,
    0x5a, 0xf7, 0x5a, 0xf7, 0x67, 0xdb, 0x67, 0xdb, 0x67, 0xdb, 0x67, 0xdb, 0x5a, 0xf7, 0x5a, 0xf7,
    0x5a, 0xf7, 0x5a, 0xf7, 0x67, 0xdb, 0x67, 0xdb, 0x67, 0xdb, 0x67, 0xdb, 0x18, 0xef, 0x18, 0xef,
    0x18, 0xef, 0x18, 0xef, 0x9f, 0xa6, 0x9f, 0xa6, 0x7b, 0xf7, 0x7b, 0xf7, 0x9f, 0xa6, 0x9f, 0xa6,
    0x9f, 0xa6, 0x9f, 0xa6, 0x7b, 0xf7, 0x7b, 0xf7, 0x9f, 0xa6, 0x9f, 0xa6, 0x9f, 0xa6, 0x9f, 0xa6,
    0x18, 0xef, 0x18, 0xef, 0x18, 0xef, 0x18, 0xef, 0x18, 0xef, 0x18, 0xef, 0x18, 0xef, 0x18, 0xef,
    0x7a, 0x7d, 0x7a, 0x7d, 0x7a, 0x7d, 0x7a, 0x7d, 0x7a, 0x7d, 0x7a, 0x7d, 0x7a, 0x7d, 0x7a, 0x7d,
    0x7a, 0x7d, 0x7a, 0x7d, 0x7a, 0x7d, 0x7a, 0x7d, 0xc7, 0x72, 0xc7, 0x72, 0xc7, 0x72, 0xc7, 0x72,
    0xc7, 0x72, 0xc7, 0x72, 0x67, 0xdb, 0x67, 0xdb, 0x67, 0xdb, 0x67, 0xdb, 0x67, 0xdb, 0x67, 0xdb,
    0x5a, 0xf7, 0x5a, 0xf7, 0x67, 0xdb, 0x67, 0xdb, 0x67, 0xdb, 0x67, 0xdb, 0x5a, 0xf7, 0x5a, 0xf7,
    0x5a, 0xf7, 0x5a, 0xf7, 0x67, 0xdb, 0x67, 0xdb, 0x67, 0xdb, 0x67, 0xdb, 0x18, 0xef, 0x18, 0xef,
    0x18, 0xef, 0x18, 0xef, 0x9f, 0xa6, 0x9f, 0xa6, 0x7b, 0xf7, 0x7b, 0xf7, 0x9f, 0xa6, 0x9f, 0xa6,
    0x9f, 0xa6, 0x9f, 0xa6, 0x7b, 0xf7, 0x7b, 0xf7, 0x9f, 0xa6, 0x9f, 0xa6, 0x9f, 0xa6, 0x9f, 0xa6,
    0x18, 0xef, 0x18, 0xef, 0x18, 0xef, 0x18, 0xef, 0x18, 0xef, 0x18, 0xef, 0x18, 0xef, 0x18, 0xef,
    0x7a, 0x7d, 0x7a, 0x7d, 0x7a, 0x7d, 0x7a, 0x7d, 0x7a, 0x7d, 0x7a, 0x7d, 0x7a, 0x7d, 0x7a, 0x7d,
    0x7a, 0x7d, 0x7a, 0x7d, 0x7a, 0x7d, 0x7a, 0x7d, 0xc7, 0x72, 0xc7, 0x72, 0xc7, 0x72, 0xc7, 0x72,
    0xc7, 0x72, 0xc7, 0x72, 0x67, 0xdb, 0x67, 0xdb, 0x67, 0xdb, 0x67, 0xdb, 0x67, 0xdb, 0x67, 0xdb,
    0x67, 0xdb, 0x67, 0xdb, 0x67, 0xdb, 0x67, 0xdb, 0x67, 0xdb, 0x67, 0xdb, 0x67, 0xdb, 0x67, 0xdb,
    0x67, 0xdb, 0x67, 0xdb, 0x67, 0xdb, 0x67, 0xdb, 0x67, 0xdb, 0x67, 0xdb, 0x18, 0xef, 0x18, 0xef,
    0x18, 0xef, 0x18, 0xef, 0x9f, 0xa6, 0x9f, 0xa6, 0x7b, 0xf7, 0x7b, 0xf7, 0x9f, 0xa6, 0x9f, 0xa6,
    0x9f, 0xa6, 0x9f, 0xa6, 0x7b, 0xf7, 0x7b, 0xf7, 0x9f, 0xa6, 0x9f, 0xa6, 0x9f, 0xa6, 0x9f, 0xa6,
    0x18, 0xef, 0x18, 0xef, 0x18, 0xef, 0x18, 0xef, 0x18, 0xef, 0x18, 0xef, 0x18, 0xef, 0x18, 0xef,
    0x7a, 0x7d, 0x7a, 0x7d, 0x7a, 0x7d, 0x7a, 0x7d, 0x7a, 0x7d, 0x7a, 0x7d, 0x7a, 0x7d, 0x7a, 0x7d,
    0x7a, 0x7d, 0x7a, 0x7d, 0x7a, 0x7d, 0x7a, 0x7d, 0xc7, 0x72, 0xc7, 0x72, 0xc7, 0x72, 0xc7, 0x72,
    0xc7, 0x72, 0xc7, 0x72, 0x67, 0xdb, 0x67, 0xdb, 0x67, 0xdb, 0x67, 0xdb, 0x67, 0xdb, 0x67, 0xdb,
    0x67, 0xdb, 0x67, 0xdb, 0x67, 0xdb, 0x67, 0xdb, 0x67, 0xdb, 0x67, 0xdb, 0x67, 0xdb, 0x67, 0xdb,
    0x67, 0xdb, 0x67, 0xdb, 0x67, 0xdb, 0x67, 0xdb, 0x67, 0xdb, 0x67, 0xdb, 0x18, 0xef, 0x18, 0xef,
    0x18, 0xef, 0x18, 0xef, 0x9f, 0xa6, 0x9f, 0xa6, 0x7b, 0xf7, 0x7b, 0xf7, 0x9f, 0xa6, 0x9f, 0xa6,
    0xbf, 0xa6, 0xbf, 0xa6, 0x7b, 0xf7, 0x7b, 0xf7, 0xbf, 0xa6, 0xbf, 0xa6, 0xbf, 0xa6, 0xbf, 0xa6,
    0x18, 0xef, 0x18, 0xef, 0x18, 0xef, 0x18, 0xef, 0x18, 0xef, 0x18, 0xef, 0x18, 0xef, 0x18, 0xef,
    0x7a, 0x7d, 0x7a, 0x7d, 0x7a, 0x7d, 0x7a, 0x7d, 0x7a, 0x7d, 0x7a, 0x7d, 0x7a, 0x7d, 0x7a, 0x7d,
    0x7a, 0x7d, 0x7a, 0x7d, 0x7a, 0x7d, 0x7a, 0x7d, 0xc7, 0x72, 0xc7, 0x72, 0xc7, 0x72, 0xc7, 0x72,
    0xc7, 0x72, 0xc7, 0x72, 0x67, 0xdb, 0x67, 0xdb, 0x67, 0xdb, 0x67, 0xdb, 0xa2, 0x10, 0xa2, 0x10,
    0x67, 0xdb, 0x67, 0xdb, 0x67, 0xdb, 0x67, 0xdb, 0x67, 0xdb, 0x67, 0xdb, 0x67, 0xdb, 0x67, 0xdb,
    0xa2, 0x10, 0xa2, 0x10, 0x67, 0xdb, 0x67, 0xdb, 0x67, 0xdb, 0x67, 0xdb, 0x18, 0xef, 0x18, 0xef,
    0x18, 0xef, 0x18, 0xef, 0xbf, 0xa6, 0xbf, 0xa6, 0x7b, 0xf7, 0x7b, 0xf7, 0xbf, 0xa6, 0xbf, 0xa6,
    0xbf, 0xa6, 0xbf, 0xa6, 0x7b, 0xf7, 0x7b, 0xf7, 0xbf, 0xa6, 0xbf, 0xa6, 0xbf, 0xa6, 0xbf, 0xa6,
    0x18, 0xef, 0x18, 0xef, 0x18, 0xef, 0x18, 0xef, 0x18, 0xef, 0x18, 0xef, 0x18, 0xef, 0x18, 0xef,
    0x7a, 0x7d, 0x7a, 0x7d, 0x7a, 0x7d, 0x7a, 0x7d, 0x7a, 0x7d, 0x7a, 0x7d, 0x7a, 0x7d, 0x7a, 0x7d,
    0x7a, 0x7d, 0x7a, 0x7d, 0x7a, 0x7d, 0x7a, 0x7d, 0xc7, 0x72, 0xc7, 0x72, 0xc7, 0x72, 0xc7, 0x72,
    0xc7, 0x72, 0xc7, 0x72, 0x67, 0xdb, 0x67, 0xdb, 0x67, 0xdb, 0x67, 0xdb, 0xa2, 0x10, 0xa2, 0x10,
    0x67, 0xdb, 0x67, 0xdb, 0x67, 0xdb, 0x67, 0xdb, 0x67, 0xdb, 0x67, 0xdb, 0x67, 0xdb, 0x67, 0xdb,
    0xa2, 0x10, 0xa2, 0x10, 0x67, 0xdb, 0x67, 0xdb, 0x67, 0xdb, 0x67, 0xdb, 0x18, 0xef, 0x18, 0xef,
    0x18, 0xef, 0x18, 0xef, 0xbf, 0xa6, 0xbf, 0xa6, 0x7b, 0xf7, 0x7b, 0xf7, 0xbf, 0xa6, 0xbf, 0xa6,
    0xbf, 0xae, 0xbf, 0xae, 0x7b, 0xf7, 0x7b, 0xf7, 0xbf, 0xae, 0xbf, 0xae, 0xbf, 0xae, 0xbf, 0xae,
    0x18, 0xef, 0x18, 0xef, 0x18, 0xef, 0x18, 0xef, 0x18, 0xef, 0x18, 0xef, 0x18, 0xef, 0x18, 0xef,
    0x7a, 0x7d, 0x7a, 0x7d, 0x7a, 0x7d, 0x7a, 0x7d, 0x7a, 0x7d, 0x7a, 0x7d, 0x7a, 0x7d, 0x7a, 0x7d,
    0x7a, 0x7d, 0x7a, 0x7d, 0x7a, 0x7d, 0x7a, 0x7d, 0xc7, 0x72, 0xc7, 0x72, 0xc7, 0x72, 0xc7, 0x72,
    0xc7, 0x72, 0xc7, 0x72, 0x67, 0xdb, 0x67, 0xdb, 0x67, 0xdb, 0x67, 0xdb, 0x67, 0xdb, 0x67, 0xdb,
    0x5a, 0xf7, 0x5a, 0xf7, 0x5a, 0xf7, 0x5a, 0xf7, 0x5a, 0xf7, 0x5a, 0xf7, 0x5a, 0xf7, 0x5a, 0xf7,
    0x67, 0xdb, 0x67, 0xdb, 0x67, 0xdb, 0x67, 0xdb, 0x67, 0xdb, 0x67, 0xdb, 0x18, 0xef, 0x18, 0xef,
    0x18, 0xef, 0x18, 0xef, 0xbf, 0xae, 0xbf, 0xae, 0x7b, 0xf7, 0x7b, 0xf7, 0xbf, 0xae, 0xbf, 0xae,
    0xbf, 0xae, 0xbf, 0xae, 0x7b, 0xf7, 0x7b, 0xf7, 0xbf, 0xae, 0xbf, 0xae, 0xbf, 0xae, 0xbf, 0xae,
    0x18, 0xef, 0x18, 0xef, 0x18, 0xef, 0x18, 0xef, 0x18, 0xef, 0x18, 0xef, 0x18, 0xef, 0x18, 0xef,
    0x7a, 0x7d, 0x7a, 0x7d, 0x7a, 0x7d, 0x7a, 0x7d, 0x7a, 0x7d, 0x7a, 0x7d, 0x7a, 0x7d, 0x7a, 0x7d,
    0x7a, 0x7d, 0x7a, 0x7d, 0x7a, 0x7d, 0x7a, 0x7d, 0xc7, 0x72, 0xc7, 0x72, 0xc7, 0x72, 0xc7, 0x72,
    0xc7, 0x72, 0xc7, 0x72, 0x67, 0xdb, 0x67, 0xdb, 0x67, 0xdb, 0x67, 0xdb, 0x67, 0xdb, 0x67, 0xdb,
    0x5a, 0xf7, 0x5a, 0xf7, 0x5a, 0xf7, 0x5a, 0xf7, 0x5a, 0xf7, 0x5a, 0xf7, 0x5a, 0xf7, 0x5a, 0xf7,
    0x67, 0xdb, 0x67, 0xdb, 0x67, 0xdb, 0x67, 0xdb, 0x67, 0xdb, 0x67, 0xdb, 0x18, 0xef, 0x18, 0xef,
    0x18, 0xef, 0x18, 0xef, 0xbf, 0xae, 0xbf, 0xae, 0x7b, 0xf7, 0x7b, 0xf7, 0xbf, 0xae, 0xbf, 0xae,
    0xdf, 0xae, 0xdf, 0xae, 0x7b, 0xf7, 0x7b, 0xf7, 0xdf, 0xae, 0xdf, 0xae, 0xdf, 0xae, 0xdf, 0xae,
    0x18, 0xef, 0x18, 0xef, 0x18, 0xef, 0x18, 0xef, 0x18, 0xef, 0x18, 0xef, 0x18, 0xef, 0x18, 0xef,
    0x7a, 0x7d, 0x7a, 0x7d, 0x7a, 0x7d, 0x7a, 0x7d, 0x7a, 0x7d, 0x7a, 0x7d, 0x7a, 0x7d, 0x7a, 0x7d,
    0x7a, 0x7d, 0x7a, 0x7d, 0x7a, 0x7d, 0x7a, 0x7d, 0xc7, 0x72, 0xc7, 0x72, 0xc7, 0x72, 0xc7, 0x72,
    0xc7, 0x72, 0xc7, 0x72, 0x67, 0xdb, 0x67, 0xdb, 0x67, 0xdb, 0x67, 0xdb, 0x67, 0xdb, 0x67, 0xdb,
    0x5a, 0xf7, 0x5a, 0xf7, 0x45, 0x29, 0x45, 0x29, 0x5a, 0xf7, 0x5a, 0xf7, 0x5a, 0xf7, 0x5a, 0xf7,
    0x67, 0xdb, 0x67, 0xdb, 0x67, 0xdb, 0x67, 0xdb, 0x67, 0xdb, 0x67, 0xdb, 0x18, 0xef, 0x18, 0xef,
    0x18, 0xef, 0x18, 0xef, 0xdf, 0xae, 0xdf, 0xae, 0x7b, 0xf7, 0x7b, 0xf7, 0xdf, 0xae, 0xdf, 0xae,
    0xdf, 0xae, 0xdf, 0xae, 0x7b, 0xf7, 0x7b, 0xf7, 0xdf, 0xae, 0xdf, 0xae, 0xdf, 0xae, 0xdf, 0xae,
    0x18, 0xef, 0x18, 0xef, 0x18, 0xef, 0x18, 0xef, 0x18, 0xef, 0x18, 0xef, 0x18, 0xef, 0x18, 0xef,
    0x7a, 0x7d, 0x7a, 0x7d, 0x7a, 0x7d, 0x7a, 0x7d, 0x7a, 0x7d, 0x7a, 0x7d, 0x7a, 0x7d, 0x7a, 0x7d,
    0x7a, 0x7d, 0x7a, 0x7d, 0x7a, 0x7d, 0x7a, 0x7d, 0xc7, 0x72, 0xc7, 0x72, 0xc7, 0x72, 0xc7, 0x72,
    0xc7, 0x72, 0xc7, 0x72, 0x67, 0xdb, 0x67, 0xdb, 0x67, 0xdb, 0x67, 0xdb, 0x67, 0xdb, 0x67, 0xdb,
    0x5a, 0xf7, 0x5a, 0xf7, 0x45, 0x29, 0x45, 0x29, 0x5a, 0xf7, 0x5a, 0xf7, 0x5a, 0xf7, 0x5a, 0xf7,
    0x67, 0xdb, 0x67, 0xdb, 0x67, 0xdb, 0x67, 0xdb, 0x67, 0xdb, 0x67, 0xdb, 0x18, 0xef, 0x18, 0xef,
    0x18, 0xef, 0x18, 0xef, 0xdf, 0xae, 0xdf, 0xae, 0x7b, 0xf7, 0x7b, 0xf7, 0xdf, 0xae, 0xdf, 0xae,
    0xdf, 0xb6, 0xdf, 0xb6, 0x7b, 0xf7, 0x7b, 0xf7, 0xdf, 0xb6, 0xdf, 0xb6, 0xdf, 0xb6, 0xdf, 0xb6,
    0x18, 0xef, 0x18, 0xef, 0x18, 0xef, 0x18, 0xef, 0x18, 0xef, 0x18, 0xef, 0x18, 0xef, 0x18, 0xef,
    0x7a, 0x7d, 0x7a, 0x7d, 0x7a, 0x7d, 0x7a, 0x7d, 0x7a, 0x7d, 0x7a, 0x7d, 0x7a, 0x7d, 0x7a, 0x7d,
    0x7a, 0x7d, 0x7a, 0x7d, 0x7a, 0x7d, 0x7a, 0x7d, 0xc7, 0x72, 0xc7, 0x72, 0xc7, 0x72, 0xc7, 0x72,
    0xc7, 0x72, 0xc7, 0x72, 0x67, 0xdb, 0x67, 0xdb, 0x67, 0xdb, 0x67, 0xdb, 0x67, 0xdb, 0x67, 0xdb,
    0x5a, 0xf7, 0x5a, 0xf7, 0x5a, 0xf7, 0x5a, 0xf7, 0x5a, 0xf7, 0x5a, 0xf7, 0x5a, 0xf7, 0x5a, 0xf7,
    0x67, 0xdb, 0x67, 0xdb, 0x67, 0xdb, 0x67, 0xdb, 0x67, 0xdb, 0x67, 0xdb, 0x67, 0xdb, 0x67, 0xdb,
    0x67, 0xdb, 0x67, 0xdb, 0xdf, 0xb6, 0xdf, 0xb6, 0x7b, 0xf7, 0x7b, 0xf7, 0xdf, 0xb6, 0xdf, 0xb6,
    0xdf, 0xb6, 0xdf, 0xb6, 0x7b, 0xf7, 0x7b, 0xf7, 0xdf, 0xb6, 0xdf, 0xb6, 0xdf, 0xb6, 0xdf, 0xb6,
    0x18, 0xef, 0x18, 0xef, 0x18, 0xef, 0x18, 0xef, 0x18, 0xef, 0x18, 0xef, 0x18, 0xef, 0x18, 0xef,
    0x7a, 0x7d, 0x7a, 0x7d, 0x7a, 0x7d, 0x7a, 0x7d, 0x7a, 0x7d, 0x7a, 0x7d, 0x7a, 0x7d, 0x7a, 0x7d,
    0x7a, 0x7d, 0x7a, 0x7d, 0x7a, 0x7d, 0x7a, 0x7d, 0xc7, 0x72, 0xc7, 0x72, 0xc7, 0x72, 0xc7, 0x72,
    0xc7, 0x72, 0xc7, 0x72, 0x67, 0xdb, 0x67, 0xdb, 0x67, 0xdb, 0x67, 0xdb, 0x67, 0xdb, 0x67, 0xdb,
    0x5a, 0xf7, 0x5a, 0xf7, 0x5a, 0xf7, 0x5a, 0xf7, 0x5a, 0xf7, 0x5a, 0xf7, 0x5a, 0xf7, 0x5a, 0xf7,
    0x67, 0xdb, 0x67, 0xdb, 0x67, 0xdb, 0x67, 0xdb, 0x67, 0xdb, 0x67, 0xdb, 0x67, 0xdb, 0x67, 0xdb,
    0x67, 0xdb, 0x67, 0xdb, 0xdf, 0xb6, 0xdf, 0xb6, 0x7b, 0xf7, 0x7b, 0xf7, 0xdf, 0xb6, 0xdf, 0xb6,
    0x95, 0x9d, 0x95, 0x9d, 0x7b, 0xf7, 0x7b, 0xf7, 0x95, 0x9d, 0x95, 0x9d, 0x95, 0x9d, 0x95, 0x9d,
    0x18, 0xef, 0x18, 0xef, 0x18, 0xef, 0x18, 0xef, 0x18, 0xef, 0x18, 0xef, 0x18, 0xef, 0x18, 0xef,
    0x7a, 0x7d, 0x7a, 0x7d, 0x7a, 0x7d, 0x7a, 0x7d, 0x7a, 0x7d, 0x7a, 0x7d, 0x7a, 0x7d, 0x7a, 0x7d,
    0x7a, 0x7d, 0x7a, 0x7d, 0x7a, 0x7d, 0x7a, 0x7d, 0xc7, 0x72, 0xc7, 0x72, 0xc7, 0x72, 0xc7, 0x72,
    0xc7, 0x72, 0xc7, 0x72, 0x67, 0xdb, 0x67, 0xdb, 0x67, 0xdb, 0x67, 0xdb, 0x67, 0xdb, 0x67, 0xdb,
    0x5a, 0xf7, 0x5a, 0xf7, 0x5a, 0xf7, 0x5a, 0xf7, 0x5a, 0xf7, 0x5a, 0xf7, 0x5a, 0xf7, 0x5a, 0xf7,
    0x67, 0xdb, 0x67, 0xdb, 0x67, 0xdb, 0x67, 0xdb, 0x67, 0xdb, 0x67, 0xdb, 0x67, 0xdb, 0x67, 0xdb,
    0x67, 0xdb, 0x67, 0xdb, 0x95, 0x9d, 0x95, 0x9d, 0x7b, 0xf7, 0x7b, 0xf7, 0x95, 0x9d, 0x95, 0x9d,
    0x95, 0x9d, 0x95, 0x9d, 0x7b, 0xf7, 0x7b, 0xf7, 0x95, 0x9d, 0x95, 0x9d, 0x95, 0x9d, 0x95, 0x9d,
    0x18, 0xef, 0x18, 0xef, 0x18, 0xef, 0x18, 0xef, 0x18, 0xef, 0x18, 0xef, 0x18, 0xef, 0x18, 0xef,
    0x7a, 0x7d, 0x7a, 0x7d, 0x7a, 0x7d, 0x7a, 0x7d, 0x7a, 0x7d, 0x7a, 0x7d, 0x7a, 0x7d, 0x7a, 0x7d,
    0x7a, 0x7d, 0x7a, 0x7d, 0x7a, 0x7d, 0x7a, 0x7d, 0xc7, 0x72, 0xc7, 0x72, 0xc7, 0x72, 0xc7, 0x72,
    0xc7, 0x72, 0xc7, 0x72, 0x67, 0xdb, 0x67, 0xdb, 0x67, 0xdb, 0x67, 0xdb, 0x67, 0xdb, 0x67, 0xdb,
    0x5a, 0xf7, 0x5a, 0xf7, 0x5a, 0xf7, 0x5a, 0xf7, 0x5a, 0xf7, 0x5a, 0xf7, 0x5a, 0xf7, 0x5a, 0xf7,
    0x67, 0xdb, 0x67, 0xdb, 0x67, 0xdb, 0x67, 0xdb, 0x67, 0xdb, 0x67, 0xdb, 0x67, 0xdb, 0x67, 0xdb,
    0x67, 0xdb, 0x67, 0xdb, 0x95, 0x9d, 0x95, 0x9d, 0x7b, 0xf7, 0x7b, 0xf7, 0x95, 0x9d, 0x95, 0x9d,
    0x95, 0x9d, 0x95, 0x9d, 0x7b, 0xf7, 0x7b, 0xf7, 0x95, 0x9d, 0x95, 0x9d, 0x95, 0x9d, 0x95, 0x9d,
    0x18, 0xef, 0x18, 0xef, 0x18, 0xef, 0x18, 0xef, 0x18, 0xef, 0x18, 0xef, 0x18, 0xef, 0x18, 0xef,
    0x7a, 0x7d, 0x7a, 0x7d, 0x7a, 0x7d, 0x7a, 0x7d, 0x7a, 0x7d, 0x7a, 0x7d, 0x7a, 0x7d, 0x7a, 0x7d,
    0x7a, 0x7d, 0x7a, 0x7d, 0x7a, 0x7d, 0x7a, 0x7d, 0xc7, 0x72, 0xc7, 0x72, 0xc7, 0x72, 0xc7, 0x72,
    0xc7, 0x72, 0xc7, 0x72, 0x67, 0xdb, 0x67, 0xdb, 0x67, 0xdb, 0x67, 0xdb, 0x67, 0xdb, 0x67, 0xdb,
    0x67, 0xdb, 0x67, 0xdb, 0x67, 0xdb, 0x67, 0xdb, 0x67, 0xdb, 0x67, 0xdb, 0x67, 0xdb, 0x67, 0xdb,
    0x67, 0xdb, 0x67, 0xdb, 0x67, 0xdb, 0x67, 0xdb, 0x67, 0xdb, 0x67, 0xdb, 0x67, 0xdb, 0x67, 0xdb,
    0x67, 0xdb, 0x67, 0xdb, 0x95, 0x9d, 0x95, 0x9d, 0x7b, 0xf7, 0x7b, 0xf7, 0x95, 0x9d, 0x95, 0x9d,
    0x95, 0x9d, 0x95, 0x9d, 0x7b, 0xf7, 0x7b, 0xf7, 0x95, 0x9d, 0x95, 0x9d, 0x95, 0x9d, 0x95, 0x9d,
    0x18, 0xef, 0x18, 0xef, 0x18, 0xef, 0x18, 0xef, 0x18, 0xef, 0x18, 0xef, 0x18, 0xef, 0x18, 0xef,
    0x7a, 0x7d, 0x7a, 0x7d, 0x7a, 0x7d, 0x7a, 0x7d, 0x7a, 0x7d, 0x7a, 0x7d, 0x7a, 0x7d, 0x7a, 0x7d,
    0x7a, 0x7d, 0x7a, 0x7d, 0x7a, 0x7d, 0x7a, 0x7d, 0xc7, 0x72, 0xc7, 0x72, 0xc7, 0x72, 0xc7, 0x72,
    0xc7, 0x72, 0xc7, 0x72, 0x67, 0xdb, 0x67, 0xdb, 0x67, 0xdb, 0x67, 0xdb, 0x67, 0xdb, 0x67, 0xdb,
    0x67, 0xdb, 0x67, 0xdb, 0x67, 0xdb, 0x67, 0xdb, 0x67, 0xdb, 0x67, 0xdb, 0x67, 0xdb, 0x67, 0xdb,
    0x67, 0xdb, 0x67, 0xdb, 0x67, 0xdb, 0x67, 0xdb, 0x67, 0xdb, 0x67, 0xdb, 0x67, 0xdb, 0x67, 0xdb,
    0x67, 0xdb, 0x67, 0xdb, 0x95, 0x9d, 0x95, 0x9d, 0x7b, 0xf7, 0x7b, 0xf7, 0x95, 0x9d, 0x95, 0x9d,
    0x95, 0x9d, 0x95, 0x9d, 0x7b, 0xf7, 0x7b, 0xf7, 0x95, 0x9d, 0x95, 0x9d, 0x95, 0x9d, 0x95, 0x9d,
    0x18, 0xef, 0x18, 0xef, 0x18, 0xef, 0x18, 0xef, 0x18, 0xef, 0x18, 0xef, 0x18, 0xef, 0x18, 0xef,
    0x18, 0xef, 0x18, 0xef, 0x18, 0xef, 0x18, 0xef, 0x18, 0xef, 0x18, 0xef, 0x18, 0xef, 0x18, 0xef,
    0x18, 0xef, 0x18, 0xef, 0x18, 0xef, 0x18, 0xef, 0xc7, 0x72, 0xc7, 0x72, 0xc7, 0x72, 0xc7, 0x72,
    0xc7, 0x72, 0xc7, 0x72, 0xc7, 0x72, 0xc7, 0x72, 0x67, 0xdb, 0x67, 0xdb, 0x67, 0xdb, 0x67, 0xdb,
    0x67, 0xdb, 0x67, 0xdb, 0x67, 0xdb, 0x67, 0xdb, 0x67, 0xdb, 0x67, 0xdb, 0x67, 0xdb, 0x67, 0xdb,
    0x67, 0xdb, 0x67, 0xdb, 0x67, 0xdb, 0x67, 0xdb, 0x67, 0xdb, 0x67, 0xdb, 0x67, 0xdb, 0x67, 0xdb,
    0x18, 0xef, 0x18, 0xef, 0x95, 0x9d, 0x95, 0x9d, 0x7b, 0xf7, 0x7b, 0xf7, 0x95, 0x9d, 0x95, 0x9d,
    0x95, 0x9d, 0x95, 0x9d, 0x7b, 0xf7, 0x7b, 0xf7, 0x95, 0x9d, 0x95, 0x9d, 0x95, 0x9d, 0x95, 0x9d,
    0x18, 0xef, 0x18, 0xef, 0x18, 0xef, 0x18, 0xef, 0x18, 0xef, 0x18, 0xef, 0x18, 0xef, 0x18, 0xef,
    0x18, 0xef, 0x18, 0xef, 0x18, 0xef, 0x18, 0xef, 0x18, 0xef, 0x18, 0xef, 0x18, 0xef, 0x18, 0xef,
    0x18, 0xef, 0x18, 0xef, 0x18, 0xef, 0x18, 0xef, 0xc7, 0x72, 0xc7, 0x72, 0xc7, 0x72, 0xc7, 0x72,
    0xc7, 0x72, 0xc7, 0x72, 0xc7, 0x72, 0xc7, 0x72, 0x67, 0xdb, 0x67, 0xdb, 0x67, 0xdb, 0x67, 0xdb,
    0x67, 0xdb, 0x67, 0xdb, 0x67, 0xdb, 0x67, 0xdb, 0x67, 0xdb, 0x67, 0xdb, 0x67, 0xdb, 0x67, 0xdb,
    0x67, 0xdb, 0x67, 0xdb, 0x67, 0xdb, 0x67, 0xdb, 0x67, 0xdb, 0x67, 0xdb, 0x67, 0xdb, 0x67, 0xdb,
    0x18, 0xef, 0x18, 0xef, 0x95, 0x9d, 0x95, 0x9d, 0x7b, 0xf7, 0x7b, 0xf7, 0x95, 0x9d, 0x95, 0x9d,
    0x95, 0x9d, 0x95, 0x9d, 0x7b, 0xf7, 0x7b, 0xf7, 0x95, 0x9d, 0x95, 0x9d, 0x95, 0x9d, 0x95, 0x9d,
    0x95, 0x9d, 0x95, 0x9d, 0x95, 0x9d, 0x95, 0x9d, 0x95, 0x9d, 0x95, 0x9d, 0x95, 0x9d, 0x95, 0x9d,
    0x95, 0x9d, 0x95, 0x9d, 0x95, 0x9d, 0x95, 0x9d, 0x95, 0x9d, 0x95, 0x9d, 0x95, 0x9d, 0x95, 0x9d,
    0x95, 0x9d, 0x95, 0x9d, 0x95, 0x9d, 0x95, 0x9d, 0x95, 0x9d, 0x95, 0x9d, 0x95, 0x9d, 0x95, 0x9d,
    0x95, 0x9d, 0x95, 0x9d, 0x95, 0x9d, 0x95, 0x9d, 0x67, 0xdb, 0x67, 0xdb, 0x67, 0xdb, 0x67, 0xdb,
    0x67, 0xdb, 0x67, 0xdb, 0x67, 0xdb, 0x67, 0xdb, 0x67, 0xdb, 0x67, 0xdb, 0x67, 0xdb, 0x67, 0xdb,
    0x67, 0xdb, 0x67, 0xdb, 0x67, 0xdb, 0x67, 0xdb, 0x67, 0xdb, 0x67, 0xdb, 0x67, 0xdb, 0x67, 0xdb,
    0x95, 0x9d, 0x95, 0x9d, 0x95, 0x9d, 0x95, 0x9d, 0x7b, 0xf7, 0x7b, 0xf7, 0x95, 0x9d, 0x95, 0x9d,
    0x95, 0x9d, 0x95, 0x9d, 0x7b, 0xf7, 0x7b, 0xf7, 0x95, 0x9d, 0x95, 0x9d, 0x95, 0x9d, 0x95, 0x9d,
    0x95, 0x9d, 0x95, 0x9d, 0x95, 0x9d, 0x95, 0x9d, 0x95, 0x9d, 0x95, 0x9d, 0x95, 0x9d, 0x95, 0x9d,
    0x95, 0x9d, 0x95, 0x9d, 0x95, 0x9d, 0x95, 0x9d, 0x95, 0x9d, 0x95, 0x9d, 0x95, 0x9d, 0x95, 0x9d,
    0x95, 0x9d, 0x95, 0x9d, 0x95, 0x9d, 0x95, 0x9d, 0x95, 0x9d, 0x95, 0x9d, 0x95, 0x9d, 0x95, 0x9d,
    0x95, 0x9d, 0x95, 0x9d, 0x95, 0x9d, 0x95, 0x9d, 0x67, 0xdb, 0x67, 0xdb, 0x67, 0xdb, 0x67, 0xdb,
    0x67, 0xdb, 0x67, 0xdb, 0x67, 0xdb, 0x67, 0xdb, 0x67, 0xdb, 0x67, 0xdb, 0x67, 0xdb, 0x67, 0xdb,
    0x67, 0xdb, 0x67, 0xdb, 0x67, 0xdb, 0x67, 0xdb, 0x67, 0xdb, 0x67, 0xdb, 0x67, 0xdb, 0x67, 0xdb,
    0x95, 0x9d, 0x95, 0x9d, 0x95, 0x9d, 0x95, 0x9d, 0x7b, 0xf7, 0x7b, 0xf7, 0x95, 0x9d, 0x95, 0x9d,
    0x95, 0x9d, 0x95, 0x9d, 0x7b, 0xf7, 0x7b, 0xf7, 0x95, 0x9d, 0x95, 0x9d, 0x95, 0x9d, 0x95, 0x9d,
    0x95, 0x9d, 0x95, 0x9d, 0x95, 0x9d, 0x95, 0x9d, 0x95, 0x9d, 0x95, 0x9d, 0x95, 0x9d, 0x95, 0x9d,
    0x95, 0x9d, 0x95, 0x9d, 0x95, 0x9d, 0x95, 0x9d, 0x95, 0x9d, 0x95, 0x9d, 0x95, 0x9d, 0x95, 0x9d,
    0x95, 0x9d, 0x95, 0x9d, 0x95, 0x9d, 0x95, 0x9d, 0x95, 0x9d, 0x95, 0x9d, 0x95, 0x9d, 0x95, 0x9d,
    0x95, 0x9d, 0x95, 0x9d, 0x95, 0x9d, 0x95, 0x9d, 0x67, 0xdb, 0x67, 0xdb, 0x67, 0xdb, 0x67, 0xdb,
    0x67, 0xdb, 0x67, 0xdb, 0x67, 0xdb, 0x67, 0xdb, 0x67, 0xdb, 0x67, 0xdb, 0x67, 0xdb, 0x67, 0xdb,
    0x67, 0xdb, 0x67, 0xdb, 0x67, 0xdb, 0x67, 0xdb, 0x67, 0xdb, 0x67, 0xdb, 0x67, 0xdb, 0x67, 0xdb,
    0x95, 0x9d, 0x95, 0x9d, 0x95, 0x9d, 0x95, 0x9d, 0x7b, 0xf7, 0x7b, 0xf7, 0x95, 0x9d, 0x95, 0x9d,
    0x95, 0x9d, 0x95, 0x9d, 0x7b, 0xf7, 0x7b, 0xf7, 0x95, 0x9d, 0x95, 0x9d, 0x95, 0x9d, 0x95, 0x9d,
    0x95, 0x9d, 0x95, 0x9d, 0x95, 0x9d, 0x95, 0x9d, 0x95, 0x9d, 0x95, 0x9d, 0x95, 0x9d, 0x95, 0x9d,
    0x95, 0x9d, 0x95, 0x9d, 0x95, 0x9d, 0x95, 0x9d, 0x95, 0x9d, 0x95, 0x9d, 0x95, 0x9d, 0x95, 0x9d,
    0x95, 0x9d, 0x95, 0x9d, 0x95, 0x9d, 0x95, 0x9d, 0x95, 0x9d, 0x95, 0x9d, 0x95, 0x9d, 0x95, 0x9d,
    0x95, 0x9d, 0x95, 0x9d, 0x95, 0x9d, 0x95, 0x9d, 0x67, 0xdb, 0x67, 0xdb, 0x67, 0xdb, 0x67, 0xdb,
    0x67, 0xdb, 0x67, 0xdb, 0x67, 0xdb, 0x67, 0xdb, 0x67, 0xdb, 0x67, 0xdb, 0x67, 0xdb, 0x67, 0xdb,
    0x67, 0xdb, 0x67, 0xdb, 0x67, 0xdb, 0x67, 0xdb, 0x67, 0xdb, 0x67, 0xdb, 0x67, 0xdb, 0x67, 0xdb,
    0x95, 0x9d, 0x95, 0x9d, 0x95, 0x9d, 0x95, 0x9d, 0x7b, 0xf7, 0x7b, 0xf7, 0x95, 0x9d, 0x95, 0x9d,
    0x95, 0x9d, 0x95, 0x9d, 0x7b, 0xf7, 0x7b, 0xf7, 0x95, 0x9d, 0x95, 0x9d, 0x95, 0x9d, 0x95, 0x9d,
    0x95, 0x9d, 0x95, 0x9d, 0x95, 0x9d, 0x95, 0x9d, 0x95, 0x9d, 0x95, 0x9d, 0x95, 0x9d, 0x95, 0x9d,
    0x95, 0x9d, 0x95, 0x9d, 0x95, 0x9d, 0x95, 0x9d, 0x95, 0x9d, 0x95, 0x9d, 0x95, 0x9d, 0x95, 0x9d,
    0x95, 0x9d, 0x95, 0x9d, 0x95, 0x9d, 0x95, 0x9d, 0x95, 0x9d, 0x95, 0x9d, 0x95, 0x9d, 0x95, 0x9d,
    0x95, 0x9d, 0x95, 0x9d, 0x95, 0x9d, 0x95, 0x9d, 0x67, 0xdb, 0x67, 0xdb, 0x67, 0xdb, 0x67, 0xdb,
    0x67, 0xdb, 0x67, 0xdb, 0x67, 0xdb, 0x67, 0xdb, 0x67, 0xdb, 0x67, 0xdb, 0x67, 0xdb, 0x67, 0xdb,
    0x67, 0xdb, 0x67, 0xdb, 0x67, 0xdb, 0x67, 0xdb, 0x67, 0xdb, 0x67, 0xdb, 0x67, 0xdb, 0x67, 0xdb,
    0x95, 0x9d, 0x95, 0x9d, 0x95, 0x9d, 0x95, 0x9d, 0x7b, 0xf7, 0x7b, 0xf7, 0x95, 0x9d, 0x95, 0x9d,
    0x95, 0x9d, 0x95, 0x9d, 0x7b, 0xf7, 0x7b, 0xf7, 0x95, 0x9d, 0x95, 0x9d, 0x95, 0x9d, 0x95, 0x9d,
    0x95, 0x9d, 0x95, 0x9d, 0x95, 0x9d, 0x95, 0x9d, 0x95, 0x9d, 0x95, 0x9d, 0x95, 0x9d, 0x95, 0x9d,
    0x95, 0x9d, 0x95, 0x9d, 0x95, 0x9d, 0x95, 0x9d, 0x95, 0x9d, 0x95, 0x9d, 0x95, 0x9d, 0x95, 0x9d,
    0x95, 0x9d, 0x95, 0x9d, 0x95, 0x9d, 0x95, 0x9d, 0x95, 0x9d, 0x95, 0x9d, 0x95, 0x9d, 0x95, 0x9d,
    0x95, 0x9d, 0x95, 0x9d, 0x95, 0x9d, 0x95, 0x9d, 0x67, 0xdb, 0x67, 0xdb, 0x67, 0xdb, 0x67, 0xdb,
    0x67, 0xdb, 0x67, 0xdb, 0x67, 0xdb, 0x67, 0xdb, 0x67, 0xdb, 0x67, 0xdb, 0x67, 0xdb, 0x67, 0xdb,
    0x67, 0xdb, 0x67, 0xdb, 0x67, 0xdb, 0x67, 0xdb, 0x67, 0xdb, 0x67, 0xdb, 0x67, 0xdb, 0x67, 0xdb,
    0x95, 0x9d, 0x95, 0x9d, 0x95, 0x9d, 0x95, 0x9d, 0x7b, 0xf7, 0x7b, 0xf7, 0x95, 0x9d, 0x95, 0x9d,
    0x95, 0x9d, 0x95, 0x9d, 0x7b, 0xf7, 0x7b, 0xf7, 0x7b, 0xf7, 0x7b, 0xf7, 0x7b, 0xf7, 0x7b, 0xf7,
    0x7b, 0xf7, 0x7b, 0xf7, 0x7b, 0xf7, 0x7b, 0xf7, 0x7b, 0xf7, 0x7b, 0xf7, 0x7b, 0xf7, 0x7b, 0xf7,
    0x7b, 0xf7, 0x7b, 0xf7, 0x7b, 0xf7, 0x7b, 0xf7, 0x7b, 0xf7, 0x7b, 0xf7, 0x7b, 0xf7, 0x7b, 0xf7,
    0x7b, 0xf7, 0x7b, 0xf7, 0x7b, 0xf7, 0x7b, 0xf7, 0x7b, 0xf7, 0x7b, 0xf7, 0x7b, 0xf7, 0x7b, 0xf7,
    0x7b, 0xf7, 0x7b, 0xf7, 0x7b, 0xf7, 0x7b, 0xf7, 0x7b, 0xf7, 0x7b, 0xf7, 0x7b, 0xf7, 0x7b, 0xf7,
    0x7b, 0xf7, 0x7b, 0xf7, 0x7b, 0xf7, 0x7b, 0xf7, 0x7b, 0xf7, 0x7b, 0xf7, 0x7b, 0xf7, 0x7b, 0xf7,
    0x7b, 0xf7, 0x7b, 0xf7, 0x7b, 0xf7, 0x7b, 0xf7, 0x7b, 0xf7, 0x7b, 0xf7, 0x7b, 0xf7, 0x7b, 0xf7,
    0x7b, 0xf7, 0x7b, 0xf7, 0x7b, 0xf7, 0x7b, 0xf7, 0x7b, 0xf7, 0x7b, 0xf7, 0x95, 0x9d, 0x95, 0x9d,
    0x95, 0x9d, 0x95, 0x9d, 0x7b, 0xf7, 0x7b, 0xf7, 0x7b, 0xf7, 0x7b, 0xf7, 0x7b, 0xf7, 0x7b, 0xf7,
    0x7b, 0xf7, 0x7b, 0xf7, 0x7b, 0xf7, 0x7b, 0xf7, 0x7b, 0xf7, 0x7b, 0xf7, 0x7b, 0xf7, 0x7b, 0xf7,
    0x7b, 0xf7, 0x7b, 0xf7, 0x7b, 0xf7, 0x7b, 0xf7, 0x7b, 0xf7, 0x7b, 0xf7, 0x7b, 0xf7, 0x7b, 0xf7,
    0x7b, 0xf7, 0x7b, 0xf7, 0x7b, 0xf7, 0x7b, 0xf7, 0x7b, 0xf7, 0x7b, 0xf7, 0x7b, 0xf7, 0x7b, 0xf7,
    0x7b, 0xf7, 0x7b, 0xf7, 0x7b, 0xf7, 0x7b, 0xf7, 0x7b, 0xf7, 0x7b, 0xf7, 0x7b, 0xf7, 0x7b, 0xf7,
    0x7b, 0xf7, 0x7b, 0xf7, 0x7b, 0xf7, 0x7b, 0xf7, 0x7b, 0xf7, 0x7b, 0xf7, 0x7b, 0xf7, 0x7b, 0xf7,
    0x7b, 0xf7, 0x7b, 0xf7, 0x7b, 0xf7, 0x7b, 0xf7, 0x7b, 0xf7, 0x7b, 0xf7, 0x7b, 0xf7, 0x7b, 0xf7,
    0x7b, 0xf7, 0x7b, 0xf7, 0x7b, 0xf7, 0x7b, 0xf7, 0x7b, 0xf7, 0x7b, 0xf7, 0x95, 0x9d, 0x95, 0x9d,
    0x95, 0x9d, 0x95, 0x9d, 0x95, 0x9d, 0x95, 0x9d, 0x95, 0x9d, 0x95, 0x9d, 0x95, 0x9d, 0x95, 0x9d,
    0x95, 0x9d, 0x95, 0x9d, 0x95, 0x9d, 0x95, 0x9d, 0x95, 0x9d, 0x95, 0x9d, 0x95, 0x9d, 0x95, 0x9d,
    0x95, 0x9d, 0x95, 0x9d, 0x95, 0x9d, 0x95, 0x9d, 0x95, 0x9d, 0x95, 0x9d, 0x95, 0x9d, 0x95, 0x9d,
    0x95, 0x9d, 0x95, 0x9d, 0x95, 0x9d, 0x95, 0x9d, 0x95, 0x9d, 0x95, 0x9d, 0x95, 0x9d, 0x95, 0x9d,
    0x95, 0x9d, 0x95, 0x9d, 0x95, 0x9d, 0x95, 0x9d, 0x95, 0x9d, 0x95, 0x9d, 0x5a, 0xf7, 0x5a, 0xf7,
    0x5a, 0xf7, 0x5a, 0xf7, 0x95, 0x9d, 0x95, 0x9d, 0x95, 0x9d, 0x95, 0x9d, 0x5a, 0xf7, 0x5a, 0xf7,
    0x5a, 0xf7, 0x5a, 0xf7, 0x95, 0x9d, 0x95, 0x9d, 0x67, 0xdb, 0x67, 0xdb, 0x67, 0xdb, 0x67, 0xdb,
    0x95, 0x9d, 0x95, 0x9d, 0x95, 0x9d, 0x95, 0x9d, 0x95, 0x9d, 0x95, 0x9d, 0x95, 0x9d, 0x95, 0x9d,
    0x95, 0x9d, 0x95, 0x9d, 0x95, 0x9d, 0x95, 0x9d, 0x95, 0x9d, 0x95, 0x9d, 0x95, 0x9d, 0x95, 0x9d,
    0x95, 0x9d, 0x95, 0x9d, 0x95, 0x9d, 0x95, 0x9d, 0x95, 0x9d, 0x95, 0x9d, 0x95, 0x9d, 0x95, 0x9d,
    0x95, 0x9d, 0x95, 0x9d, 0x95, 0x9d, 0x95, 0x9d, 0x95, 0x9d, 0x95, 0x9d, 0x95, 0x9d, 0x95, 0x9d,
    0x95, 0x9d, 0x95, 0x9d, 0x95, 0x9d, 0x95, 0x9d, 0x95, 0x9d, 0x95, 0x9d, 0x95, 0x9d, 0x95, 0x9d,
    0x95, 0x9d, 0x95, 0x9d, 0x95, 0x9d, 0x95, 0x9d, 0x95, 0x9d, 0x95, 0x9d, 0x5a, 0xf7, 0x5a, 0xf7,
    0x5a, 0xf7, 0x5a, 0xf7, 0x95, 0x9d, 0x95, 0x9d, 0x95, 0x9d, 0x95, 0x9d, 0x5a, 0xf7, 0x5a, 0xf7,
    0x5a, 0xf7, 0x5a, 0xf7, 0x95, 0x9d, 0x95, 0x9d, 0x67, 0xdb, 0x67, 0xdb, 0x67, 0xdb, 0x67, 0xdb,
    0x95, 0x9d, 0x95, 0x9d, 0x95, 0x9d, 0x95, 0x9d, 0x95, 0x9d, 0x95, 0x9d, 0x95, 0x9d, 0x95, 0x9d,
};

const lv_img_dsc_t waveshare_photo_corner_store = {
    {LV_IMG_CF_TRUE_COLOR, 0, 0, WAVESHARE_PHOTO_W, WAVESHARE_PHOTO_H},
    sizeof(waveshare_photo_corner_store_map),
    waveshare_photo_corner_store_map,
};

static const uint8_t waveshare_photo_seaside_trip_map[WAVESHARE_PHOTO_W * WAVESHARE_PHOTO_H * 2] = {
    0x3f, 0x7e, 0x3f, 0x7e, 0x3f, 0x7e, 0x3f, 0x7e, 0x3f, 0x7e, 0x3f, 0x7e, 0x3f, 0x7e, 0x3f, 0x7e,
    0x3f, 0x7e, 0x3f, 0x7e, 0x3f, 0x7e, 0x3f, 0x7e, 0x3f, 0x7e, 0x3f, 0x7e, 0x3f, 0x7e, 0x3f, 0x7e,
    0x3f, 0x7e, 0x3f, 0x7e, 0x3f, 0x7e, 0x3f, 0x7e, 0x3f, 0x7e, 0x3f, 0x7e, 0x3f, 0x7e, 0x3f, 0x7e,
    0x3f, 0x7e, 0x3f, 0x7e, 0x3f, 0x7e, 0x3f, 0x7e, 0x3f, 0x7e, 0x3f, 0x7e, 0x3f, 0x7e, 0x3f, 0x7e,
    0x3f, 0x7e, 0x3f, 0x7e, 0x3f, 0x7e, 0x3f, 0x7e, 0x3f, 0x7e, 0x3f, 0x7e, 0x3f, 0x7e, 0x3f, 0x7e,
    0x3f, 0x7e, 0x3f, 0x7e, 0x3f, 0x7e, 0x3f, 0x7e, 0x3f, 0x7e, 0x3f, 0x7e, 0x3f, 0x7e, 0x3f, 0x7e,
    0x3f, 0x7e, 0x3f, 0x7e, 0x3f, 0x7e, 0x3f, 0x7e, 0x3f, 0x7e, 0x3f, 0x7e, 0x3f, 0x7e, 0x3f, 0x7e,
    0x3f, 0x7e, 0x3f, 0x7e, 0x3f, 0x7e, 0x3f, 0x7e, 0x3f, 0x7e, 0x3f, 0x7e, 0x3f, 0x7e, 0x3f, 0x7e,
    0x3f, 0x7e, 0x3f, 0x7e, 0x3f, 0x7e, 0x3f, 0x7e, 0x3f, 0x7e, 0x3f, 0x7e, 0x3f, 0x7e, 0x3f, 0x7e,
    0x3f, 0x7e, 0x3f, 0x7e, 0x3f, 0x7e, 0x3f, 0x7e, 0x3f, 0x7e, 0x3f, 0x7e, 0x3f, 0x7e, 0x3f, 0x7e,
    0x3f, 0x7e, 0x3f, 0x7e, 0x3f, 0x7e, 0x3f, 0x7e, 0x3f, 0x7e, 0x3f, 0x7e, 0x3f, 0x7e, 0x3f, 0x7e,
    0x3f, 0x7e, 0x3f, 0x7e, 0x3f, 0x7e, 0x3f, 0x7e, 0x3f, 0x7e, 0x3f, 0x7e, 0x3f, 0x7e, 0x3f, 0x7e,
    0x3f, 0x7e, 0x3f, 0x7e, 0x3f, 0x7e, 0x3f, 0x7e, 0x3f, 0x7e, 0x3f, 0x7e, 0x3f, 0x7e, 0x3f, 0x7e,
    0x3f, 0x7e, 0x3f, 0x7e, 0x3f, 0x7e, 0x3f, 0x7e, 0x3f, 0x7e, 0x3f, 0x7e, 0x3f, 0x7e, 0x3f, 0x7e,
    0x3f, 0x7e, 0x3f, 0x7e, 0x3f, 0x7e, 0x3f, 0x7e, 0x3f, 0x7e, 0x3f, 0x7e, 0x3f, 0x7e, 0x3f, 0x7e,
    0x3f, 0x7e, 0x3f, 0x7e, 0x3f, 0x7e, 0x3f, 0x7e, 0x3f, 0x7e, 0x3f, 0x7e, 0x3f, 0x7e, 0x3f, 0x7e,
    0x5f, 0x7e, 0x5f, 0x7e, 0x7b, 0xf7, 0x7b, 0xf7, 0x7b, 0xf7, 0x7b, 0xf7, 0x7b, 0xf7, 0x7b, 0xf7,
    0x7b, 0xf7, 0x7b, 0xf7, 0x7b, 0xf7, 0x7b, 0xf7, 0x7b, 0xf7, 0x7b, 0xf7, 0x7b, 0xf7, 0x7b, 0xf7,
    0x7b, 0xf7, 0x7b, 0xf7, 0x7b, 0xf7, 0x7b, 0xf7, 0x7b, 0xf7, 0x7b, 0xf7, 0x7b, 0xf7, 0x7b, 0xf7,
    0x7b, 0xf7, 0x7b, 0xf7, 0x7b, 0xf7, 0x7b, 0xf7, 0x7b, 0xf7, 0x7b, 0xf7, 0x7b, 0xf7, 0x7b, 0xf7,
    0x7b, 0xf7, 0x7b, 0xf7, 0x7b, 0xf7, 0x7b, 0xf7, 0x7b, 0xf7, 0x7b, 0xf7, 0x7b, 0xf7, 0x7b, 0xf7,
    0x7b, 0xf7, 0x7b, 0xf7, 0x7b, 0xf7, 0x7b, 0xf7, 0x7b, 0xf7, 0x7b, 0xf7, 0x7b, 0xf7, 0x7b, 0xf7,
    0x7b, 0xf7, 0x7b, 0xf7, 0x7b, 0xf7, 0x7b, 0xf7, 0x7b, 0xf7, 0x7b, 0xf7, 0x7b, 0xf7, 0x7b, 0xf7,
    0x7b, 0xf7, 0x7b, 0xf7, 0x7b, 0xf7, 0x7b, 0xf7, 0x7b, 0xf7, 0x7b, 0xf7, 0x5f, 0x7e, 0x5f, 0x7e,
    0x5f, 0x7e, 0x5f, 0x7e, 0x7b, 0xf7, 0x7b, 0xf7, 0x7b, 0xf7, 0x7b, 0xf7, 0x7b, 0xf7, 0x7b, 0xf7,
    0x7b, 0xf7, 0x7b, 0xf7, 0x7b, 0xf7, 0x7b, 0xf7, 0x7b, 0xf7, 0x7b, 0xf7, 0x7b, 0xf7, 0x7b, 0xf7,
    0x7b, 0xf7, 0x7b, 0xf7, 0x7b, 0xf7, 0x7b, 0xf7, 0x7b, 0xf7, 0x7b, 0xf7, 0x7b, 0xf7, 0x7b, 0xf7,
    0x7b, 0xf7, 0x7b, 0xf7, 0x7b, 0xf7, 0x7b, 0xf7, 0x7b, 0xf7, 0x7b, 0xf7, 0x7b, 0xf7, 0x7b, 0xf7,
    0x7b, 0xf7, 0x7b, 0xf7, 0x7b, 0xf7, 0x7b, 0xf7, 0x7b, 0xf7, 0x7b, 0xf7, 0x7b, 0xf7, 0x7b, 0xf7,
    0x7b, 0xf7, 0x7b, 0xf7, 0x7b, 0xf7, 0x7b, 0xf7, 0x7b, 0xf7, 0x7b, 0xf7, 0x7b, 0xf7, 0x7b, 0xf7,
    0x7b, 0xf7, 0x7b, 0xf7, 0x7b, 0xf7, 0x7b, 0xf7, 0x7b, 0xf7, 0x7b, 0xf7, 0x7b, 0xf7, 0x7b, 0xf7,
    0x7b, 0xf7, 0x7b, 0xf7, 0x7b, 0xf7, 0x7b, 0xf7, 0x7b, 0xf7, 0x7b, 0xf7, 0x5f, 0x7e, 0x5f, 0x7e,
    0x5f, 0x86, 0x5f, 0x86, 0x7b, 0xf7, 0x7b, 0xf7, 0x5f, 0x86, 0x5f, 0x86, 0x5f, 0x86, 0x5f, 0x86,
    0x5f, 0x86, 0x5f, 0x86, 0x5f, 0x86, 0x5f, 0x86, 0x5f, 0x86, 0x5f, 0x86, 0x5f, 0x86, 0x5f, 0x86,
    0x5f, 0x86, 0x5f, 0x86, 0x5f, 0x86, 0x5f, 0x86, 0x5f, 0x86, 0x5f, 0x86, 0x5f, 0x86, 0x5f, 0x86,
    0x5f, 0x86, 0x5f, 0x86, 0x5f, 0x86, 0x5f, 0x86, 0x5f, 0x86, 0x5f, 0x86, 0x5f, 0x86, 0x5f, 0x86,
    0x5f, 0x86, 0x5f, 0x86, 0x5f, 0x86, 0x5f, 0x86, 0x5f, 0x86, 0x5f, 0x86, 0x5f, 0x86, 0x5f, 0x86,
    0x5f, 0x86, 0x5f, 0x86, 0x5f, 0x86, 0x5f, 0x86, 0x5f, 0x86, 0x5f, 0x86, 0x5f, 0x86, 0x5f, 0x86,
    0x5f, 0x86, 0x5f, 0x86, 0x5f, 0x86, 0x5f, 0x86, 0x5f, 0x86, 0x5f, 0x86, 0x5f, 0x86, 0x5f, 0x86,
    0x5f, 0x86, 0x5f, 0x86, 0x5f, 0x86, 0x5f, 0x86, 0x7b, 0xf7, 0x7b, 0xf7, 0x5f, 0x86, 0x5f, 0x86,
    0x5f, 0x86, 0x5f, 0x86, 0x7b, 0xf7, 0x7b, 0xf7, 0x5f, 0x86, 0x5f, 0x86, 0x5f, 0x86, 0x5f, 0x86,
    0x5f, 0x86, 0x5f, 0x86, 0x5f, 0x86, 0x5f, 0x86, 0x5f, 0x86, 0x5f, 0x86, 0x5f, 0x86, 0x5f, 0x86,
    0x5f, 0x86, 0x5f, 0x86, 0x5f, 0x86, 0x5f, 0x86, 0x5f, 0x86, 0x5f, 0x86, 0x5f, 0x86, 0x5f, 0x86,
    0x5f, 0x86, 0x5f, 0x86, 0x5f, 0x86, 0x5f, 0x86, 0x5f, 0x86, 0x5f, 0x86, 0x5f, 0x86, 0x5f, 0x86,
    0x5f, 0x86, 0x5f, 0x86, 0x5f, 0x86, 0x5f, 0x86, 0x5f, 0x86, 0x5f, 0x86, 0x5f, 0x86, 0x5f, 0x86,
    0x5f, 0x86, 0x5f, 0x86, 0x5f, 0x86, 0x5f, 0x86, 0x5f, 0x86, 0x5f, 0x86, 0x5f, 0x86, 0x5f, 0x86,
    0x5f, 0x86, 0x5f, 0x86, 0x5f, 0x86, 0x5f, 0x86, 0x5f, 0x86, 0x5f, 0x86, 0x5f, 0x86, 0x5f, 0x86,
    0x5f, 0x86, 0x5f, 0x86, 0x5f, 0x86, 0x5f, 0x86, 0x7b, 0xf7, 0x7b, 0xf7, 0x5f, 0x86, 0x5f, 0x86,
    0x7f, 0x8e, 0x7f, 0x8e, 0x7b, 0xf7, 0x7b, 0xf7, 0x7f, 0x8e, 0x7f, 0x8e, 0x7f, 0x8e, 0x7f, 0x8e,
    0x7f, 0x8e, 0x7f, 0x8e, 0x7f, 0x8e, 0x7f, 0x8e, 0x7f, 0x8e, 0x7f, 0x8e, 0x7f, 0x8e, 0x7f, 0x8e,
    0x7f, 0x8e, 0x7f, 0x8e, 0x7f, 0x8e, 0x7f, 0x8e, 0x7f, 0x8e, 0x7f, 0x8e, 0x7f, 0x8e, 0x7f, 0x8e,
    0x7f, 0x8e, 0x7f, 0x8e, 0x7f, 0x8e, 0x7f, 0x8e, 0x7f, 0x8e, 0x7f, 0x8e, 0x7f, 0x8e, 0x7f, 0x8e,
    0x7f, 0x8e, 0x7f, 0x8e, 0x7f, 0x8e, 0x7f, 0x8e, 0x7f, 0x8e, 0x7f, 0x8e, 0x7f, 0x8e, 0x7f, 0x8e,
    0xcd, 0x5d, 0xcd, 0x5d, 0xcd, 0x5d, 0xcd, 0x5d, 0xcd, 0x5d, 0xcd, 0x5d, 0xcd, 0x5d, 0xcd, 0x5d,
    0x7f, 0x8e, 0x7f, 0x8e, 0x7f, 0x8e, 0x7f, 0x8e, 0x7f, 0x8e, 0x7f, 0x8e, 0x7f, 0x8e, 0x7f, 0x8e,
    0x7f, 0x8e, 0x7f, 0x8e, 0x7f, 0x8e, 0x7f, 0x8e, 0x7b, 0xf7, 0x7b, 0xf7, 0x7f, 0x8e, 0x7f, 0x8e,
    0x7f, 0x8e, 0x7f, 0x8e, 0x7b, 0xf7, 0x7b, 0xf7, 0x7f, 0x8e, 0x7f, 0x8e, 0x7f, 0x8e, 0x7f, 0x8e,
    0x7f, 0x8e, 0x7f, 0x8e, 0x7f, 0x8e, 0x7f, 0x8e, 0x7f, 0x8e, 0x7f, 0x8e, 0x7f, 0x8e, 0x7f, 0x8e,
    0x7f, 0x8e, 0x7f, 0x8e, 0x7f, 0x8e, 0x7f, 0x8e, 0x7f, 0x8e, 0x7f, 0x8e, 0x7f, 0x8e, 0x7f, 0x8e,
    0x7f, 0x8e, 0x7f, 0x8e, 0x7f, 0x8e, 0x7f, 0x8e, 0x7f, 0x8e, 0x7f, 0x8e, 0x7f, 0x8e, 0x7f, 0x8e,
    0x7f, 0x8e, 0x7f, 0x8e, 0x7f, 0x8e, 0x7f, 0x8e, 0x7f, 0x8e, 0x7f, 0x8e, 0x7f, 0x8e, 0x7f, 0x8e,
    0xcd, 0x5d, 0xcd, 0x5d, 0xcd, 0x5d, 0xcd, 0x5d, 0xcd, 0x5d, 0xcd, 0x5d, 0xcd, 0x5d, 0xcd, 0x5d,
    0x7f, 0x8e, 0x7f, 0x8e, 0x7f, 0x8e, 0x7f, 0x8e, 0x7f, 0x8e, 0x7f, 0x8e, 0x7f, 0x8e, 0x7f, 0x8e,
    0x7f, 0x8e, 0x7f, 0x8e, 0x7f, 0x8e, 0x7f, 0x8e, 0x7b, 0xf7, 0x7b, 0xf7, 0x7f, 0x8e, 0x7f, 0x8e,
    0x7f, 0x8e, 0x7f, 0x8e, 0x7b, 0xf7, 0x7b, 0xf7, 0x7f, 0x8e, 0x7f, 0x8e, 0x7f, 0x8e, 0x7f, 0x8e,
    0x7f, 0x8e, 0x7f, 0x8e, 0x7f, 0x8e, 0x7f, 0x8e, 0x7f, 0x8e, 0x7f, 0x8e, 0x7f, 0x8e, 0x7f, 0x8e,
    0x7f, 0x8e, 0x7f, 0x8e, 0x7f, 0x8e, 0x7f, 0x8e, 0x7f, 0x8e, 0x7f, 0x8e, 0x7f, 0x8e, 0x7f, 0x8e,
    0x7f, 0x8e, 0x7f, 0x8e, 0x7f, 0x8e, 0x7f, 0x8e, 0x7f, 0x8e, 0x7f, 0x8e, 0x7f, 0x8e, 0x7f, 0x8e,
    0x7f, 0x8e, 0x7f, 0x8e, 0x7f, 0x8e, 0x7f, 0x8e, 0x7f, 0x8e, 0x7f, 0x8e, 0xcd, 0x5d, 0xcd, 0x5d,
    0xcd, 0x5d, 0xcd, 0x5d, 0xcd, 0x5d, 0xcd, 0x5d, 0xcd, 0x5d, 0xcd, 0x5d, 0xcd, 0x5d, 0xcd, 0x5d,
    0xcd, 0x5d, 0xcd, 0x5d, 0x7f, 0x8e, 0x7f, 0x8e, 0x7f, 0x8e, 0x7f, 0x8e, 0x7f, 0x8e, 0x7f, 0x8e,
    0x7f, 0x8e, 0x7f, 0x8e, 0x7f, 0x8e, 0x7f, 0x8e, 0x7b, 0xf7, 0x7b, 0xf7, 0x7f, 0x8e, 0x7f, 0x8e,
    0x7f, 0x8e, 0x7f, 0x8e, 0x7b, 0xf7, 0x7b, 0xf7, 0x7f, 0x8e, 0x7f, 0x8e, 0x7f, 0x8e, 0x7f, 0x8e,
    0x7f, 0x8e, 0x7f, 0x8e, 0x7f, 0x8e, 0x7f, 0x8e, 0x7f, 0x8e, 0x7f, 0x8e, 0x7f, 0x8e, 0x7f, 0x8e,
    0x7f, 0x8e, 0x7f, 0x8e, 0x7f, 0x8e, 0x7f, 0x8e, 0x7f, 0x8e, 0x7f, 0x8e, 0x7f, 0x8e, 0x7f, 0x8e,
    0x7f, 0x8e, 0x7f, 0x8e, 0x7f, 0x8e, 0x7f, 0x8e, 0x7f, 0x8e, 0x7f, 0x8e, 0x7f, 0x8e, 0x7f, 0x8e,
    0x7f, 0x8e, 0x7f, 0x8e, 0x7f, 0x8e, 0x7f, 0x8e, 0x7f, 0x8e, 0x7f, 0x8e, 0xcd, 0x5d, 0xcd, 0x5d,
    0xcd, 0x5d, 0xcd, 0x5d, 0xcd, 0x5d, 0xcd, 0x5d, 0xcd, 0x5d, 0xcd, 0x5d, 0xcd, 0x5d, 0xcd, 0x5d,
    0xcd, 0x5d, 0xcd, 0x5d, 0x7f, 0x8e, 0x7f, 0x8e, 0x7f, 0x8e, 0x7f, 0x8e, 0x7f, 0x8e, 0x7f, 0x8e,
    0x7f, 0x8e, 0x7f, 0x8e, 0x7f, 0x8e, 0x7f, 0x8e, 0x7b, 0xf7, 0x7b, 0xf7, 0x7f, 0x8e, 0x7f, 0x8e,
    0x9f, 0x96, 0x9f, 0x96, 0x7b, 0xf7, 0x7b, 0xf7, 0x9f, 0x96, 0x9f, 0x96, 0x9f, 0x96, 0x9f, 0x96,
    0x9f, 0x96, 0x9f, 0x96, 0x9f, 0x96, 0x9f, 0x96, 0x9f, 0x96, 0x9f, 0x96, 0x9f, 0x96, 0x9f, 0x96,
    0x9f, 0x96, 0x9f, 0x96, 0x9f, 0x96, 0x9f, 0x96, 0x9f, 0x96, 0x9f, 0x96, 0x9f, 0x96, 0x9f, 0x96,
    0x9f, 0x96, 0x9f, 0x96, 0x9f, 0x96, 0x9f, 0x96, 0x9f, 0x96, 0x9f, 0x96, 0x9f, 0x96, 0x9f, 0x96,
    0x9f, 0x96, 0x9f, 0x96, 0x9f, 0x96, 0x9f, 0x96, 0xcd, 0x5d, 0xcd, 0x5d, 0xcd, 0x5d, 0xcd, 0x5d,
    0xcd, 0x5d, 0xcd, 0x5d, 0xcd, 0x5d, 0xcd, 0x5d, 0xcd, 0x5d, 0xcd, 0x5d, 0xcd, 0x5d, 0xcd, 0x5d,
    0xcd, 0x5d, 0xcd, 0x5d, 0xcd, 0x5d, 0xcd, 0x5d, 0x9f, 0x96, 0x9f, 0x96, 0x9f, 0x96, 0x9f, 0x96,
    0x9f, 0x96, 0x9f, 0x96, 0x9f, 0x96, 0x9f, 0x96, 0x7b, 0xf7, 0x7b, 0xf7, 0x9f, 0x96, 0x9f, 0x96,
    0x9f, 0x96, 0x9f, 0x96, 0x7b, 0xf7, 0x7b, 0xf7, 0x9f, 0x96, 0x9f, 0x96, 0x9f, 0x96, 0x9f, 0x96,
    0x9f, 0x96, 0x9f, 0x96, 0x9f, 0x96, 0x9f, 0x96, 0x9f, 0x96, 0x9f, 0x96, 0x9f, 0x96, 0x9f, 0x96,
    0x9f, 0x96, 0x9f, 0x96, 0x9f, 0x96, 0x9f, 0x96, 0x9f, 0x96, 0x9f, 0x96, 0x9f, 0x96, 0x9f, 0x96,
    0x9f, 0x96, 0x9f, 0x96, 0x9f, 0x96, 0x9f, 0x96, 0x9f, 0x96, 0x9f, 0x96, 0x9f, 0x96, 0x9f, 0x96,
    0x9f, 0x96, 0x9f, 0x96, 0x9f, 0x96, 0x9f, 0x96, 0xcd, 0x5d, 0xcd, 0x5d, 0xcd, 0x5d, 0xcd, 0x5d,
    0xcd, 0x5d, 0xcd, 0x5d, 0xcd, 0x5d, 0xcd, 0x5d, 0xcd, 0x5d, 0xcd, 0x5d, 0xcd, 0x5d, 0xcd, 0x5d,
    0xcd, 0x5d, 0xcd, 0x5d, 0xcd, 0x5d, 0xcd, 0x5d, 0x9f, 0x96, 0x9f, 0x96, 0x9f, 0x96, 0x9f, 0x96,
    0x9f, 0x96, 0x9f, 0x96, 0x9f, 0x96, 0x9f, 0x96, 0x7b, 0xf7, 0x7b, 0xf7, 0x9f, 0x96, 0x9f, 0x96,
    0x9f, 0x96, 0x9f, 0x96, 0x7b, 0xf7, 0x7b, 0xf7, 0x9f, 0x96, 0x9f, 0x96, 0x9f, 0x96, 0x9f, 0x96,
    0x9f, 0x96, 0x9f, 0x96, 0x9f, 0x96, 0x9f, 0x96, 0x9f, 0x96, 0x9f, 0x96, 0x9f, 0x96, 0x9f, 0x96,
    0x9f, 0x96, 0x9f, 0x96, 0x9f, 0x96, 0x9f, 0x96, 0x9f, 0x96, 0x9f, 0x96, 0x9f, 0x96, 0x9f, 0x96,
    0x9f, 0x96, 0x9f, 0x96, 0x9f, 0x96, 0x9f, 0x96, 0x9f, 0x96, 0x9f, 0x96, 0x9f, 0x96, 0x9f, 0x96,
    0x9f, 0x96, 0x9f, 0x96, 0x9f, 0x96, 0x9f, 0x96, 0x9f, 0x96, 0x9f, 0x96, 0xcd, 0x5d, 0xcd, 0x5d,
    0xcd, 0x5d, 0xcd, 0x5d, 0xcd, 0x5d, 0xcd, 0x5d, 0xcd, 0x5d, 0xcd, 0x5d, 0xcd, 0x5d, 0xcd, 0x5d,
    0xcd, 0x5d, 0xcd, 0x5d, 0x9f, 0x96, 0x9f, 0x96, 0x9f, 0x96, 0x9f, 0x96, 0x9f, 0x96, 0x9f, 0x96,
    0x9f, 0x96, 0x9f, 0x96, 0x9f, 0x96, 0x9f, 0x96, 0x7b, 0xf7, 0x7b, 0xf7, 0x9f, 0x96, 0x9f, 0x96,
    0x9f, 0x96, 0x9f, 0x96, 0x7b, 0xf7, 0x7b, 0xf7, 0x9f, 0x96, 0x9f, 0x96, 0x9f, 0x96, 0x9f, 0x96,
    0x9f, 0x96, 0x9f, 0x96, 0x9f, 0x96, 0x9f, 0x96, 0x9f, 0x96, 0x9f, 0x96, 0x9f, 0x96, 0x9f, 0x96,
    0x9f, 0x96, 0x9f, 0x96, 0x9f, 0x96, 0x9f, 0x96, 0x9f, 0x96, 0x9f, 0x96, 0x9f, 0x96, 0x9f, 0x96,
    0x9f, 0x96, 0x9f, 0x96, 0x9f, 0x96, 0x9f, 0x96, 0x9f, 0x96, 0x9f, 0x96, 0x9f, 0x96, 0x9f, 0x96,
    0x9f, 0x96, 0x9f, 0x96, 0x9f, 0x96, 0x9f, 0x96, 0x9f, 0x96, 0x9f, 0x96, 0xcd, 0x5d, 0xcd, 0x5d,
    0xcd, 0x5d, 0xcd, 0x5d, 0xcd, 0x5d, 0xcd, 0x5d, 0xcd, 0x5d, 0xcd, 0x5d, 0xcd, 0x5d, 0xcd, 0x5d,
    0xcd, 0x5d, 0xcd, 0x5d, 0x9f, 0x96, 0x9f, 0x96, 0x9f, 0x96, 0x9f, 0x96, 0x9f, 0x96, 0x9f, 0x96,
    0x9f, 0x96, 0x9f, 0x96, 0x9f, 0x96, 0x9f, 0x96, 0x7b, 0xf7, 0x7b, 0xf7, 0x9f, 0x96, 0x9f, 0x96,
    0xbf, 0x9e, 0xbf, 0x9e, 0x7b, 0xf7, 0x7b, 0xf7, 0xbf, 0x9e, 0xbf, 0x9e, 0xbf, 0x9e, 0xbf, 0x9e,
    0xbf, 0x9e, 0xbf, 0x9e, 0xbf, 0x9e, 0xbf, 0x9e, 0xbf, 0x9e, 0xbf, 0x9e, 0xbf, 0x9e, 0xbf, 0x9e,
    0xbf, 0x9e, 0xbf, 0x9e, 0xbf, 0x9e, 0xbf, 0x9e, 0xbf, 0x9e, 0xbf, 0x9e, 0xbf, 0x9e, 0xbf, 0x9e,
    0xbf, 0x9e, 0xbf, 0x9e, 0xbf, 0x9e, 0xbf, 0x9e, 0xbf, 0x9e, 0xbf, 0x9e, 0xbf, 0x9e, 0xbf, 0x9e,
    0xbf, 0x9e, 0xbf, 0x9e, 0xbf, 0x9e, 0xbf, 0x9e, 0xbf, 0x9e, 0xbf, 0x9e, 0xbf, 0x9e, 0xbf, 0x9e,
    0xcd, 0x5d, 0xcd, 0x5d, 0xcd, 0x5d, 0xcd, 0x5d, 0xcd, 0x5d, 0xcd, 0x5d, 0xcd, 0x5d, 0xcd, 0x5d,
    0xbf, 0x9e, 0xbf, 0x9e, 0xbf, 0x9e, 0xbf, 0x9e, 0xbf, 0x9e, 0xbf, 0x9e, 0xbf, 0x9e, 0xbf, 0x9e,
    0xbf, 0x9e, 0xbf, 0x9e, 0xbf, 0x9e, 0xbf, 0x9e, 0x7b, 0xf7, 0x7b, 0xf7, 0xbf, 0x9e, 0xbf, 0x9e,
    0xbf, 0x9e, 0xbf, 0x9e, 0x7b, 0xf7, 0x7b, 0xf7, 0xbf, 0x9e, 0xbf, 0x9e, 0xbf, 0x9e, 0xbf, 0x9e,
    0xbf, 0x9e, 0xbf, 0x9e, 0xbf, 0x9e, 0xbf, 0x9e, 0xbf, 0x9e, 0xbf, 0x9e, 0xbf, 0x9e, 0xbf, 0x9e,
    0xbf, 0x9e, 0xbf, 0x9e, 0xbf, 0x9e, 0xbf, 0x9e, 0xbf, 0x9e, 0xbf, 0x9e, 0xbf, 0x9e, 0xbf, 0x9e,
    0xbf, 0x9e, 0xbf, 0x9e, 0xbf, 0x9e, 0xbf, 0x9e, 0xbf, 0x9e, 0xbf, 0x9e, 0xbf, 0x9e, 0xbf, 0x9e,
    0xbf, 0x9e, 0xbf, 0x9e, 0xbf, 0x9e, 0xbf, 0x9e, 0xbf, 0x9e, 0xbf, 0x9e, 0xbf, 0x9e, 0xbf, 0x9e,
    0xcd, 0x5d, 0xcd, 0x5d, 0xcd, 0x5d, 0xcd, 0x5d, 0xcd, 0x5d, 0xcd, 0x5d, 0xcd, 0x5d, 0xcd, 0x5d,
    0xbf, 0x9e, 0xbf, 0x9e, 0xbf, 0x9e, 0xbf, 0x9e, 0xbf, 0x9e, 0xbf, 0x9e, 0xbf, 0x9e, 0xbf, 0x9e,
    0xbf, 0x9e, 0xbf, 0x9e, 0xbf, 0x9e, 0xbf, 0x9e, 0x7b, 0xf7, 0x7b, 0xf7, 0xbf, 0x9e, 0xbf, 0x9e,
    0xbf, 0xa6, 0xbf, 0xa6, 0x7b, 0xf7, 0x7b, 0xf7, 0xbf, 0xa6, 0xbf, 0xa6, 0xbf, 0xa6, 0xbf, 0xa6,
    0xbf, 0xa6, 0xbf, 0xa6, 0xbf, 0xa6, 0xbf, 0xa6, 0xbf, 0xa6, 0xbf, 0xa6, 0xbf, 0xa6, 0xbf, 0xa6,
    0xbf, 0xa6, 0xbf, 0xa6, 0xbf, 0xa6, 0xbf, 0xa6, 0xbf, 0xa6, 0xbf, 0xa6, 0xbf, 0xa6, 0xbf, 0xa6,
    0x67, 0xdb, 0x67, 0xdb, 0xbf, 0xa6, 0xbf, 0xa6, 0xbf, 0xa6, 0xbf, 0xa6, 0xbf, 0xa6, 0xbf, 0xa6,
    0x67, 0xdb, 0x67, 0xdb, 0xbf, 0xa6, 0xbf, 0xa6, 0xbf, 0xa6, 0xbf, 0xa6, 0xbf, 0xa6, 0xbf, 0xa6,
    0xbf, 0xa6, 0xbf, 0xa6, 0xe7, 0x82, 0xe7, 0x82, 0xe7, 0x82, 0xe7, 0x82, 0xbf, 0xa6, 0xbf, 0xa6,
    0xbf, 0xa6, 0xbf, 0xa6, 0xbf, 0xa6, 0xbf, 0xa6, 0xbf, 0xa6, 0xbf, 0xa6, 0xbf, 0xa6, 0xbf, 0xa6,
    0xbf, 0xa6, 0xbf, 0xa6, 0xbf, 0xa6, 0xbf, 0xa6, 0x7b, 0xf7, 0x7b, 0xf7, 0xbf, 0xa6, 0xbf, 0xa6,
    0xbf, 0xa6, 0xbf, 0xa6, 0x7b, 0xf7, 0x7b, 0xf7, 0xbf, 0xa6, 0xbf, 0xa6, 0xbf, 0xa6, 0xbf, 0xa6,
    0xbf, 0xa6, 0xbf, 0xa6, 0xbf, 0xa6, 0xbf, 0xa6, 0xbf, 0xa6, 0xbf, 0xa6, 0xbf, 0xa6, 0xbf, 0xa6,
    0xbf, 0xa6, 0xbf, 0xa6, 0xbf, 0xa6, 0xbf, 0xa6, 0xbf, 0xa6, 0xbf, 0xa6, 0xbf, 0xa6, 0xbf, 0xa6,
    0x67, 0xdb, 0x67, 0xdb, 0xbf, 0xa6, 0xbf, 0xa6, 0xbf, 0xa6, 0xbf, 0xa6, 0xbf, 0xa6, 0xbf, 0xa6,
    0x67, 0xdb, 0x67, 0xdb, 0xbf, 0xa6, 0xbf, 0xa6, 0xbf, 0xa6, 0xbf, 0xa6, 0xbf, 0xa6, 0xbf, 0xa6,
    0xbf, 0xa6, 0xbf, 0xa6, 0xe7, 0x82, 0xe7, 0x82, 0xe7, 0x82, 0xe7, 0x82, 0xbf, 0xa6, 0xbf, 0xa6,
    0xbf, 0xa6, 0xbf, 0xa6, 0xbf, 0xa6, 0xbf, 0xa6, 0xbf, 0xa6, 0xbf, 0xa6, 0xbf, 0xa6, 0xbf, 0xa6,
    0xbf, 0xa6, 0xbf, 0xa6, 0xbf, 0xa6, 0xbf, 0xa6, 0x7b, 0xf7, 0x7b, 0xf7, 0xbf, 0xa6, 0xbf, 0xa6,
    0xdf, 0xa6, 0xdf, 0xa6, 0x7b, 0xf7, 0x7b, 0xf7, 0xdf, 0xa6, 0xdf, 0xa6, 0xdf, 0xa6, 0xdf, 0xa6,
    0xdf, 0xa6, 0xdf, 0xa6, 0xdf, 0xa6, 0xdf, 0xa6, 0xdf, 0xa6, 0xdf, 0xa6, 0xdf, 0xa6, 0xdf, 0xa6,
    0xdf, 0xa6, 0xdf, 0xa6, 0xdf, 0xa6, 0xdf, 0xa6, 0xdf, 0xa6, 0xdf, 0xa6, 0x67, 0xdb, 0x67, 0xdb,
    0x5a, 0xf7, 0x5a, 0xf7, 0xdf, 0xa6, 0xdf, 0xa6, 0xdf, 0xa6, 0xdf, 0xa6, 0xdf, 0xa6, 0xdf, 0xa6,
    0x5a, 0xf7, 0x5a, 0xf7, 0x67, 0xdb, 0x67, 0xdb, 0xdf, 0xa6, 0xdf, 0xa6, 0xdf, 0xa6, 0xdf, 0xa6,
    0xdf, 0xa6, 0xdf, 0xa6, 0xe7, 0x82, 0xe7, 0x82, 0xe7, 0x82, 0xe7, 0x82, 0xdf, 0xa6, 0xdf, 0xa6,
    0xdf, 0xa6, 0xdf, 0xa6, 0xdf, 0xa6, 0xdf, 0xa6, 0xdf, 0xa6, 0xdf, 0xa6, 0xdf, 0xa6, 0xdf, 0xa6,
    0xdf, 0xa6, 0xdf, 0xa6, 0xdf, 0xa6, 0xdf, 0xa6, 0x7b, 0xf7, 0x7b, 0xf7, 0xdf, 0xa6, 0xdf, 0xa6,
    0xdf, 0xa6, 0xdf, 0xa6, 0x7b, 0xf7, 0x7b, 0xf7, 0xdf, 0xa6, 0xdf, 0xa6, 0xdf, 0xa6, 0xdf, 0xa6,
    0xdf, 0xa6, 0xdf, 0xa6, 0xdf, 0xa6, 0xdf, 0xa6, 0xdf, 0xa6, 0xdf, 0xa6, 0xdf, 0xa6, 0xdf, 0xa6,
    0xdf, 0xa6, 0xdf, 0xa6, 0xdf, 0xa6, 0xdf, 0xa6, 0xdf, 0xa6, 0xdf, 0xa6, 0x67, 0xdb, 0x67, 0xdb,
    0x5a, 0xf7, 0x5a, 0xf7, 0xdf, 0xa6, 0xdf, 0xa6, 0xdf, 0xa6, 0xdf, 0xa6, 0xdf, 0xa6, 0xdf, 0xa6,
    0x5a, 0xf7, 0x5a, 0xf7, 0x67, 0xdb, 0x67, 0xdb, 0xdf, 0xa6, 0xdf, 0xa6, 0xdf, 0xa6, 0xdf, 0xa6,
    0xdf, 0xa6, 0xdf, 0xa6, 0xe7, 0x82, 0xe7, 0x82, 0xe7, 0x82, 0xe7, 0x82, 0xdf, 0xa6, 0xdf, 0xa6,
    0xdf, 0xa6, 0xdf, 0xa6, 0xdf, 0xa6, 0xdf, 0xa6, 0xdf, 0xa6, 0xdf, 0xa6, 0xdf, 0xa6, 0xdf, 0xa6,
    0xdf, 0xa6, 0xdf, 0xa6, 0xdf, 0xa6, 0xdf, 0xa6, 0x7b, 0xf7, 0x7b, 0xf7, 0xdf, 0xa6, 0xdf, 0xa6,
    0xdf, 0xae, 0xdf, 0xae, 0x7b, 0xf7, 0x7b, 0xf7, 0xdf, 0xae, 0xdf, 0xae, 0xdf, 0xae, 0xdf, 0xae,
    0xdf, 0xae, 0xdf, 0xae, 0xdf, 0xae, 0xdf, 0xae, 0xdf, 0xae, 0xdf, 0xae, 0xdf, 0xae, 0xdf, 0xae,
    0xdf, 0xae, 0xdf, 0xae, 0x67, 0xdb, 0x67, 0xdb, 0x67, 0xdb, 0x67, 0xdb, 0x5a, 0xf7, 0x5a, 0xf7,
    0x5a, 0xf7, 0x5a, 0xf7, 0x67, 0xdb, 0x67, 0xdb, 0x67, 0xdb, 0x67, 0xdb, 0x67, 0xdb, 0x67, 0xdb,
    0x5a, 0xf7, 0x5a, 0xf7, 0x67, 0xdb, 0x67, 0xdb, 0x67, 0xdb, 0x67, 0xdb, 0xdf, 0xae, 0xdf, 0xae,
    0xdf, 0xae, 0xdf, 0xae, 0xe7, 0x82, 0xe7, 0x82, 0xe7, 0x82, 0xe7, 0x82, 0xdf, 0xae, 0xdf, 0xae,
    0xdf, 0xae, 0xdf, 0xae, 0xdf, 0xae, 0xdf, 0xae, 0xdf, 0xae, 0xdf, 0xae, 0xdf, 0xae, 0xdf, 0xae,
    0xdf, 0xae, 0xdf, 0xae, 0xdf, 0xae, 0xdf, 0xae, 0x7b, 0xf7, 0x7b, 0xf7, 0xdf, 0xae, 0xdf, 0xae,
    0xdf, 0xae, 0xdf, 0xae, 0x7b, 0xf7, 0x7b, 0xf7, 0xdf, 0xae, 0xdf, 0xae, 0xdf, 0xae, 0xdf, 0xae,
    0xdf, 0xae, 0xdf, 0xae, 0xdf, 0xae, 0xdf, 0xae, 0xdf, 0xae, 0xdf, 0xae, 0xdf, 0xae, 0xdf, 0xae,
    0xdf, 0xae, 0xdf, 0xae, 0x67, 0xdb, 0x67, 0xdb, 0x67, 0xdb, 0x67, 0xdb, 0x5a, 0xf7, 0x5a, 0xf7,
    0x5a, 0xf7, 0x5a, 0xf7, 0x67, 0xdb, 0x67, 0xdb, 0x67, 0xdb, 0x67, 0xdb, 0x67, 0xdb, 0x67, 0xdb,
    0x5a, 0xf7, 0x5a, 0xf7, 0x67, 0xdb, 0x67, 0xdb, 0x67, 0xdb, 0x67, 0xdb, 0xdf, 0xae, 0xdf, 0xae,
    0xdf, 0xae, 0xdf, 0xae, 0xe7, 0x82, 0xe7, 0x82, 0xe7, 0x82, 0xe7, 0x82, 0xdf, 0xae, 0xdf, 0xae,
    0xdf, 0xae, 0xdf, 0xae, 0xdf, 0xae, 0xdf, 0xae, 0xdf, 0xae, 0xdf, 0xae, 0xdf, 0xae, 0xdf, 0xae,
    0xdf, 0xae, 0xdf, 0xae, 0xdf, 0xae, 0xdf, 0xae, 0x7b, 0xf7, 0x7b, 0xf7, 0xdf, 0xae, 0xdf, 0xae,
    0xff, 0xb6, 0xff, 0xb6, 0x7b, 0xf7, 0x7b, 0xf7, 0xff, 0xb6, 0xff, 0xb6, 0xff, 0xb6, 0xff, 0xb6,
    0xff, 0xb6, 0xff, 0xb6, 0xff, 0xb6, 0xff, 0xb6, 0xff, 0xb6, 0xff, 0xb6, 0xff, 0xb6, 0xff, 0xb6,
    0xff, 0xb6, 0xff, 0xb6, 0x67, 0xdb, 0x67, 0xdb, 0x67, 0xdb, 0x67, 0xdb, 0x67, 0xdb, 0x67, 0xdb,
    0x5a, 0xf7, 0x5a, 0xf7, 0x67, 0xdb, 0x67, 0xdb, 0x67, 0xdb, 0x67, 0xdb, 0x5a, 0xf7, 0x5a, 0xf7,
    0x5a, 0xf7, 0x5a, 0xf7, 0x67, 0xdb, 0x67, 0xdb, 0x67, 0xdb, 0x67, 0xdb, 0xff, 0xb6, 0xff, 0xb6,
    0xff, 0xb6, 0xff, 0xb6, 0xe7, 0x82, 0xe7, 0x82, 0xe7, 0x82, 0xe7, 0x82, 0xff, 0xb6, 0xff, 0xb6,
    0xff, 0xb6, 0xff, 0xb6, 0xff, 0xb6, 0xff, 0xb6, 0xff, 0xb6, 0xff, 0xb6, 0xff, 0xb6, 0xff, 0xb6,
    0xff, 0xb6, 0xff, 0xb6, 0xff, 0xb6, 0xff, 0xb6, 0x7b, 0xf7, 0x7b, 0xf7, 0xff, 0xb6, 0xff, 0xb6,
    0xff, 0xb6, 0xff, 0xb6, 0x7b, 0xf7, 0x7b, 0xf7, 0xff, 0xb6, 0xff, 0xb6, 0xff, 0xb6, 0xff, 0xb6,
    0xff, 0xb6, 0xff, 0xb6, 0xff, 0xb6, 0xff, 0xb6, 0xff, 0xb6, 0xff, 0xb6, 0xff, 0xb6, 0xff, 0xb6,
    0xff, 0xb6, 0xff, 0xb6, 0x67, 0xdb, 0x67, 0xdb, 0x67, 0xdb, 0x67, 0xdb, 0x67, 0xdb, 0x67, 0xdb,
    0x5a, 0xf7, 0x5a, 0xf7, 0x67, 0xdb, 0x67, 0xdb, 0x67, 0xdb, 0x67, 0xdb, 0x5a, 0xf7, 0x5a, 0xf7,
    0x5a, 0xf7, 0x5a, 0xf7, 0x67, 0xdb, 0x67, 0xdb, 0x67, 0xdb, 0x67, 0xdb, 0xff, 0xb6, 0xff, 0xb6,
    0xff, 0xb6, 0xff, 0xb6, 0xe7, 0x82, 0xe7, 0x82, 0xe7, 0x82, 0xe7, 0x82, 0xff, 0xb6, 0xff, 0xb6,
    0xff, 0xb6, 0xff, 0xb6, 0xff, 0xb6, 0xff, 0xb6, 0xff, 0xb6, 0xff, 0xb6, 0xff, 0xb6, 0xff, 0xb6,
    0xff, 0xb6, 0xff, 0xb6, 0xff, 0xb6, 0xff, 0xb6, 0x7b, 0xf7, 0x7b, 0xf7, 0xff, 0xb6, 0xff, 0xb6,
    0xff, 0xb6, 0xff, 0xb6, 0x7b, 0xf7, 0x7b, 0xf7, 0xff, 0xb6, 0xff, 0xb6, 0xff, 0xb6, 0xff, 0xb6,
    0xff, 0xb6, 0xff, 0xb6, 0xff, 0xb6, 0xff, 0xb6, 0xff, 0xb6, 0xff, 0xb6, 0xff, 0xb6, 0xff, 0xb6,
    0xff, 0xb6, 0xff, 0xb6, 0x67, 0xdb, 0x67, 0xdb, 0x67, 0xdb, 0x67, 0xdb, 0x67, 0xdb, 0x67, 0xdb,
    0x67, 0xdb, 0x67, 0xdb, 0x67, 0xdb, 0x67, 0xdb, 0x67, 0xdb, 0x67, 0xdb, 0x67, 0xdb, 0x67, 0xdb,
    0x67, 0xdb, 0x67, 0xdb, 0x67, 0xdb, 0x67, 0xdb, 0x67, 0xdb, 0x67, 0xdb, 0xff, 0xb6, 0xff, 0xb6,
    0xff, 0xb6, 0xff, 0xb6, 0xff, 0xb6, 0xff, 0xb6, 0xff, 0xb6, 0xff, 0xb6, 0xff, 0xb6, 0xff, 0xb6,
    0xff, 0xb6, 0xff, 0xb6, 0xff, 0xb6, 0xff, 0xb6, 0xff, 0xb6, 0xff, 0xb6, 0xff, 0xb6, 0xff, 0xb6,
    0xff, 0xb6, 0xff, 0xb6, 0xff, 0xb6, 0xff, 0xb6, 0x7b, 0xf7, 0x7b, 0xf7, 0xff, 0xb6, 0xff, 0xb6,
    0xff, 0xb6, 0xff, 0xb6, 0x7b, 0xf7, 0x7b, 0xf7, 0xff, 0xb6, 0xff, 0xb6, 0xff, 0xb6, 0xff, 0xb6,
    0xff, 0xb6, 0xff, 0xb6, 0xff, 0xb6, 0xff, 0xb6, 0xff, 0xb6, 0xff, 0xb6, 0xff, 0xb6, 0xff, 0xb6,
    0xff, 0xb6, 0xff, 0xb6, 0x67, 0xdb, 0x67, 0xdb, 0x67, 0xdb, 0x67, 0xdb, 0x67, 0xdb, 0x67, 0xdb,
    0x67, 0xdb, 0x67, 0xdb, 0x67, 0xdb, 0x67, 0xdb, 0x67, 0xdb, 0x67, 0xdb, 0x67, 0xdb, 0x67, 0xdb,
    0x67, 0xdb, 0x67, 0xdb, 0x67, 0xdb, 0x67, 0xdb, 0x67, 0xdb, 0x67, 0xdb, 0xff, 0xb6, 0xff, 0xb6,
    0xff, 0xb6, 0xff, 0xb6, 0xff, 0xb6, 0xff, 0xb6, 0xff, 0xb6, 0xff, 0xb6, 0xff, 0xb6, 0xff, 0xb6,
    0xff, 0xb6, 0xff, 0xb6, 0xff, 0xb6, 0xff, 0xb6, 0xff, 0xb6, 0xff, 0xb6, 0xff, 0xb6, 0xff, 0xb6,
    0xff, 0xb6, 0xff, 0xb6, 0xff, 0xb6, 0xff, 0xb6, 0x7b, 0xf7, 0x7b, 0xf7, 0xff, 0xb6, 0xff, 0xb6,
    0x1f, 0xbf, 0x1f, 0xbf, 0x7b, 0xf7, 0x7b, 0xf7, 0x1f, 0xbf, 0x1f, 0xbf, 0x1f, 0xbf, 0x1f, 0xbf,
    0x1f, 0xbf, 0x1f, 0xbf, 0x1f, 0xbf, 0x1f, 0xbf, 0x1f, 0xbf, 0x1f, 0xbf, 0x1f, 0xbf, 0x1f, 0xbf,
    0x1f, 0xbf, 0x1f, 0xbf, 0x67, 0xdb, 0x67, 0xdb, 0x67, 0xdb, 0x67, 0xdb, 0xa2, 0x10, 0xa2, 0x10,
    0x67, 0xdb, 0x67, 0xdb, 0x67, 0xdb, 0x67, 0xdb, 0x67, 0xdb, 0x67, 0xdb, 0x67, 0xdb, 0x67, 0xdb,
    0xa2, 0x10, 0xa2, 0x10, 0x67, 0xdb, 0x67, 0xdb, 0x67, 0xdb, 0x67, 0xdb, 0x1f, 0xbf, 0x1f, 0xbf,
    0x1f, 0xbf, 0x1f, 0xbf, 0x1f, 0xbf, 0x1f, 0xbf, 0x1f, 0xbf, 0x1f, 0xbf, 0x1f, 0xbf, 0x1f, 0xbf,
    0x1f, 0xbf, 0x1f, 0xbf, 0x1f, 0xbf, 0x1f, 0xbf, 0x1f, 0xbf, 0x1f, 0xbf, 0x1f, 0xbf, 0x1f, 0xbf,
    0x1f, 0xbf, 0x1f, 0xbf, 0x1f, 0xbf, 0x1f, 0xbf, 0x7b, 0xf7, 0x7b, 0xf7, 0x1f, 0xbf, 0x1f, 0xbf,
    0x1f, 0xbf, 0x1f, 0xbf, 0x7b, 0xf7, 0x7b, 0xf7, 0x1f, 0xbf, 0x1f, 0xbf, 0x1f, 0xbf, 0x1f, 0xbf,
    0x1f, 0xbf, 0x1f, 0xbf, 0x1f, 0xbf, 0x1f, 0xbf, 0x1f, 0xbf, 0x1f, 0xbf, 0x1f, 0xbf, 0x1f, 0xbf,
    0x1f, 0xbf, 0x1f, 0xbf, 0x67, 0xdb, 0x67, 0xdb, 0x67, 0xdb, 0x67, 0xdb, 0xa2, 0x10, 0xa2, 0x10,
    0x67, 0xdb, 0x67, 0xdb, 0x67, 0xdb, 0x67, 0xdb, 0x67, 0xdb, 0x67, 0xdb, 0x67, 0xdb, 0x67, 0xdb,
    0xa2, 0x10, 0xa2, 0x10, 0x67, 0xdb, 0x67, 0xdb, 0x67, 0xdb, 0x67, 0xdb, 0x1f, 0xbf, 0x1f, 0xbf,
    0x1f, 0xbf, 0x1f, 0xbf, 0x1f, 0xbf, 0x1f, 0xbf, 0x1f, 0xbf, 0x1f, 0xbf, 0x1f, 0xbf, 0x1f, 0xbf,
    0x1f, 0xbf, 0x1f, 0xbf, 0x1f, 0xbf, 0x1f, 0xbf, 0x1f, 0xbf, 0x1f, 0xbf, 0x1f, 0xbf, 0x1f, 0xbf,
    0x1f, 0xbf, 0x1f, 0xbf, 0x1f, 0xbf, 0x1f, 0xbf, 0x7b, 0xf7, 0x7b, 0xf7, 0x1f, 0xbf, 0x1f, 0xbf,
    0xf9, 0x44, 0xf9, 0x44, 0x7b, 0xf7, 0x7b, 0xf7, 0xf9, 0x44, 0xf9, 0x44, 0xf9, 0x44, 0xf9, 0x44,
    0xf9, 0x44, 0xf9, 0x44, 0xf9, 0x44, 0xf9, 0x44, 0xf9, 0x44, 0xf9, 0x44, 0xf9, 0x44, 0xf9, 0x44,
    0xf9, 0x44, 0xf9, 0x44, 0x67, 0xdb, 0x67, 0xdb, 0x67, 0xdb, 0x67, 0xdb, 0x67, 0xdb, 0x67, 0xdb,
    0x5a, 0xf7, 0x5a, 0xf7, 0x5a, 0xf7, 0x5a, 0xf7, 0x5a, 0xf7, 0x5a, 0xf7, 0x5a, 0xf7, 0x5a, 0xf7,
    0x67, 0xdb, 0x67, 0xdb, 0x67, 0xdb, 0x67, 0xdb, 0x67, 0xdb, 0x67, 0xdb, 0xf9, 0x44, 0xf9, 0x44,
    0xf9, 0x44, 0xf9, 0x44, 0xf9, 0x44, 0xf9, 0x44, 0xf9, 0x44, 0xf9, 0x44, 0xf9, 0x44, 0xf9, 0x44,
    0xf9, 0x44, 0xf9, 0x44, 0xf9, 0x44, 0xf9, 0x44, 0xf9, 0x44, 0xf9, 0x44, 0xf9, 0x44, 0xf9, 0x44,
    0xf9, 0x44, 0xf9, 0x44, 0xf9, 0x44, 0xf9, 0x44, 0x7b, 0xf7, 0x7b, 0xf7, 0xf9, 0x44, 0xf9, 0x44,
    0xf9, 0x44, 0xf9, 0x44, 0x7b, 0xf7, 0x7b, 0xf7, 0xf9, 0x44, 0xf9, 0x44, 0xf9, 0x44, 0xf9, 0x44,
    0xf9, 0x44, 0xf9, 0x44, 0xf9, 0x44, 0xf9, 0x44, 0xf9, 0x44, 0xf9, 0x44, 0xf9, 0x44, 0xf9, 0x44,
    0xf9, 0x44, 0xf9, 0x44, 0x67, 0xdb, 0x67, 0xdb, 0x67, 0xdb, 0x67, 0xdb, 0x67, 0xdb, 0x67, 0xdb,
    0x5a, 0xf7, 0x5a, 0xf7, 0x5a, 0xf7, 0x5a, 0xf7, 0x5a, 0xf7, 0x5a, 0xf7, 0x5a, 0xf7, 0x5a, 0xf7,
    0x67, 0xdb, 0x67, 0xdb, 0x67, 0xdb, 0x67, 0xdb, 0x67, 0xdb, 0x67, 0xdb, 0xf9, 0x44, 0xf9, 0x44,
    0xf9, 0x44, 0xf9, 0x44, 0xf9, 0x44, 0xf9, 0x44, 0xf9, 0x44, 0xf9, 0x44, 0xf9, 0x44, 0xf9, 0x44,
    0xf9, 0x44, 0xf9, 0x44, 0xf9, 0x44, 0xf9, 0x44, 0xf9, 0x44, 0xf9, 0x44, 0xf9, 0x44, 0xf9, 0x44,
    0xf9, 0x44, 0xf9, 0x44, 0xf9, 0x44, 0xf9, 0x44, 0x7b, 0xf7, 0x7b, 0xf7, 0xf9, 0x44, 0xf9, 0x44,
    0xf9, 0x44, 0xf9, 0x44, 0x7b, 0xf7, 0x7b, 0xf7, 0xf9, 0x44, 0xf9, 0x44, 0xf9, 0x44, 0xf9, 0x44,
    0xf9, 0x44, 0xf9, 0x44, 0xf9, 0x44, 0xf9, 0x44, 0xf9, 0x44, 0xf9, 0x44, 0xf9, 0x44, 0xf9, 0x44,
    0xf9, 0x44, 0xf9, 0x44, 0x67, 0xdb, 0x67, 0xdb, 0x67, 0xdb, 0x67, 0xdb, 0x67, 0xdb, 0x67, 0xdb,
    0x5a, 0xf7, 0x5a, 0xf7, 0x45, 0x29, 0x45, 0x29, 0x5a, 0xf7, 0x5a, 0xf7, 0x5a, 0xf7, 0x5a, 0xf7,
    0x67, 0xdb, 0x67, 0xdb, 0x67, 0xdb, 0x67, 0xdb, 0x67, 0xdb, 0x67, 0xdb, 0xf9, 0x44, 0xf9, 0x44,
    0xf9, 0x44, 0xf9, 0x44, 0xf9, 0x44, 0xf9, 0x44, 0xf9, 0x44, 0xf9, 0x44, 0xf9, 0x44, 0xf9, 0x44,
    0xf9, 0x44, 0xf9, 0x44, 0xf9, 0x44, 0xf9, 0x44, 0xf9, 0x44, 0xf9, 0x44, 0xf9, 0x44, 0xf9, 0x44,
    0xf9, 0x44, 0xf9, 0x44, 0xf9, 0x44, 0xf9, 0x44, 0x7b, 0xf7, 0x7b, 0xf7, 0xf9, 0x44, 0xf9, 0x44,
    0xf9, 0x44, 0xf9, 0x44, 0x7b, 0xf7, 0x7b, 0xf7, 0xf9, 0x44, 0xf9, 0x44, 0xf9, 0x44, 0xf9, 0x44,
    0xf9, 0x44, 0xf9, 0x44, 0xf9, 0x44, 0xf9, 0x44, 0xf9, 0x44, 0xf9, 0x44, 0xf9, 0x44, 0xf9, 0x44,
    0xf9, 0x44, 0xf9, 0x44, 0x67, 0xdb, 0x67, 0xdb, 0x67, 0xdb, 0x67, 0xdb, 0x67, 0xdb, 0x67, 0xdb,
    0x5a, 0xf7, 0x5a, 0xf7, 0x45, 0x29, 0x45, 0x29, 0x5a, 0xf7, 0x5a, 0xf7, 0x5a, 0xf7, 0x5a, 0xf7,
    0x67, 0xdb, 0x67, 0xdb, 0x67, 0xdb, 0x67, 0xdb, 0x67, 0xdb, 0x67, 0xdb, 0xf9, 0x44, 0xf9, 0x44,
    0xf9, 0x44, 0xf9, 0x44, 0xf9, 0x44, 0xf9, 0x44, 0xf9, 0x44, 0xf9, 0x44, 0xf9, 0x44, 0xf9, 0x44,
    0xf9, 0x44, 0xf9, 0x44, 0xf9, 0x44, 0xf9, 0x44, 0xf9, 0x44, 0xf9, 0x44, 0xf9, 0x44, 0xf9, 0x44,
    0xf9, 0x44, 0xf9, 0x44, 0xf9, 0x44, 0xf9, 0x44, 0x7b, 0xf7, 0x7b, 0xf7, 0xf9, 0x44, 0xf9, 0x44,
    0xbf, 0xdf, 0xbf, 0xdf, 0x7b, 0xf7, 0x7b, 0xf7, 0xf9, 0x44, 0xf9, 0x44, 0xf9, 0x44, 0xf9, 0x44,
    0xbf, 0xdf, 0xbf, 0xdf, 0xf9, 0x44, 0xf9, 0x44, 0xf9, 0x44, 0xf9, 0x44, 0xf9, 0x44, 0xf9, 0x44,
    0xbf, 0xdf, 0xbf, 0xdf, 0x67, 0xdb, 0x67, 0xdb, 0x67, 0xdb, 0x67, 0xdb, 0x67, 0xdb, 0x67, 0xdb,
    0x5a, 0xf7, 0x5a, 0xf7, 0x5a, 0xf7, 0x5a, 0xf7, 0x5a, 0xf7, 0x5a, 0xf7, 0x5a, 0xf7, 0x5a, 0xf7,
    0x67, 0xdb, 0x67, 0xdb, 0x67, 0xdb, 0x67, 0xdb, 0x67, 0xdb, 0x67, 0xdb, 0x67, 0xdb, 0x67, 0xdb,
    0x67, 0xdb, 0x67, 0xdb, 0xf9, 0x44, 0xf9, 0x44, 0xf9, 0x44, 0xf9, 0x44, 0xf9, 0x44, 0xf9, 0x44,
    0xbf, 0xdf, 0xbf, 0xdf, 0xf9, 0x44, 0xf9, 0x44, 0xf9, 0x44, 0xf9, 0x44, 0xf9, 0x44, 0xf9, 0x44,
    0xbf, 0xdf, 0xbf, 0xdf, 0xf9, 0x44, 0xf9, 0x44, 0x7b, 0xf7, 0x7b, 0xf7, 0xf9, 0x44, 0xf9, 0x44,
    0xbf, 0xdf, 0xbf, 0xdf, 0x7b, 0xf7, 0x7b, 0xf7, 0xf9, 0x44, 0xf9, 0x44, 0xf9, 0x44, 0xf9, 0x44,
    0xbf, 0xdf, 0xbf, 0xdf, 0xf9, 0x44, 0xf9, 0x44, 0xf9, 0x44, 0xf9, 0x44, 0xf9, 0x44, 0xf9, 0x44,
    0xbf, 0xdf, 0xbf, 0xdf, 0x67, 0xdb, 0x67, 0xdb, 0x67, 0xdb, 0x67, 0xdb, 0x67, 0xdb, 0x67, 0xdb,
    0x5a, 0xf7, 0x5a, 0xf7, 0x5a, 0xf7, 0x5a, 0xf7, 0x5a, 0xf7, 0x5a, 0xf7, 0x5a, 0xf7, 0x5a, 0xf7,
    0x67, 0xdb, 0x67, 0xdb, 0x67, 0xdb, 0x67, 0xdb, 0x67, 0xdb, 0x67, 0xdb, 0x67, 0xdb, 0x67, 0xdb,
    0x67, 0xdb, 0x67, 0xdb, 0xf9, 0x44, 0xf9, 0x44, 0xf9, 0x44, 0xf9, 0x44, 0xf9, 0x44, 0xf9, 0x44,
    0xbf, 0xdf, 0xbf, 0xdf, 0xf9, 0x44, 0xf9, 0x44, 0xf9, 0x44, 0xf9, 0x44, 0xf9, 0x44, 0xf9, 0x44,
    0xbf, 0xdf, 0xbf, 0xdf, 0xf9, 0x44, 0xf9, 0x44, 0x7b, 0xf7, 0x7b, 0xf7, 0xf9, 0x44, 0xf9, 0x44,
    0xf9, 0x44, 0xf9, 0x44, 0x7b, 0xf7, 0x7b, 0xf7, 0xf9, 0x44, 0xf9, 0x44, 0xf9, 0x44, 0xf9, 0x44,
    0xf9, 0x44, 0xf9, 0x44, 0xf9, 0x44, 0xf9, 0x44, 0xf9, 0x44, 0xf9, 0x44, 0xf9, 0x44, 0xf9, 0x44,
    0xf9, 0x44, 0xf9, 0x44, 0x67, 0xdb, 0x67, 0xdb, 0x67, 0xdb, 0x67, 0xdb, 0x67, 0xdb, 0x67, 0xdb,
    0x5a, 0xf7, 0x5a, 0xf7, 0x5a, 0xf7, 0x5a, 0xf7, 0x5a, 0xf7, 0x5a, 0xf7, 0x5a, 0xf7, 0x5a, 0xf7,
    0x67, 0xdb, 0x67, 0xdb, 0x67, 0xdb, 0x67, 0xdb, 0x67, 0xdb, 0x67, 0xdb, 0x67, 0xdb, 0x67, 0xdb,
    0x67, 0xdb, 0x67, 0xdb, 0xf9, 0x44, 0xf9, 0x44, 0xf9, 0x44, 0xf9, 0x44, 0xf9, 0x44, 0xf9, 0x44,
    0xf9, 0x44, 0xf9, 0x44, 0xf9, 0x44, 0xf9, 0x44, 0xf9, 0x44, 0xf9, 0x44, 0xf9, 0x44, 0xf9, 0x44,
    0xf9, 0x44, 0xf9, 0x44, 0xf9, 0x44, 0xf9, 0x44, 0x7b, 0xf7, 0x7b, 0xf7, 0xf9, 0x44, 0xf9, 0x44,
    0xf9, 0x44, 0xf9, 0x44, 0x7b, 0xf7, 0x7b, 0xf7, 0xf9, 0x44, 0xf9, 0x44, 0xf9, 0x44, 0xf9, 0x44,
    0xf9, 0x44, 0xf9, 0x44, 0xf9, 0x44, 0xf9, 0x44, 0xf9, 0x44, 0xf9, 0x44, 0xf9, 0x44, 0xf9, 0x44,
    0xf9, 0x44, 0xf9, 0x44, 0x67, 0xdb, 0x67, 0xdb, 0x67, 0xdb, 0x67, 0xdb, 0x67, 0xdb, 0x67, 0xdb,
    0x5a, 0xf7, 0x5a, 0xf7, 0x5a, 0xf7, 0x5a, 0xf7, 0x5a, 0xf7, 0x5a, 0xf7, 0x5a, 0xf7, 0x5a, 0xf7,
    0x67, 0xdb, 0x67, 0xdb, 0x67, 0xdb, 0x67, 0xdb, 0x67, 0xdb, 0x67, 0xdb, 0x67, 0xdb, 0x67, 0xdb,
    0x67, 0xdb, 0x67, 0xdb, 0xf9, 0x44, 0xf9, 0x44, 0xf9, 0x44, 0xf9, 0x44, 0xf9, 0x44, 0xf9, 0x44,
    0xf9, 0x44, 0xf9, 0x44, 0xf9, 0x44, 0xf9, 0x44, 0xf9, 0x44, 0xf9, 0x44, 0xf9, 0x44, 0xf9, 0x44,
    0xf9, 0x44, 0xf9, 0x44, 0xf9, 0x44, 0xf9, 0x44, 0x7b, 0xf7, 0x7b, 0xf7, 0xf9, 0x44, 0xf9, 0x44,
    0xf9, 0x44, 0xf9, 0x44, 0x7b, 0xf7, 0x7b, 0xf7, 0xf9, 0x44, 0xf9, 0x44, 0xf9, 0x44, 0xf9, 0x44,
    0xf9, 0x44, 0xf9, 0x44, 0xf9, 0x44, 0xf9, 0x44, 0xf9, 0x44, 0xf9, 0x44, 0xf9, 0x44, 0xf9, 0x44,
    0xf9, 0x44, 0xf9, 0x44, 0x67, 0xdb, 0x67, 0xdb, 0x67, 0xdb, 0x67, 0xdb, 0x67, 0xdb, 0x67, 0xdb,
    0x67, 0xdb, 0x67, 0xdb, 0x67, 0xdb, 0x67, 0xdb, 0x67, 0xdb, 0x67, 0xdb, 0x67, 0xdb, 0x67, 0xdb,
    0x67, 0xdb, 0x67, 0xdb, 0x67, 0xdb, 0x67, 0xdb, 0x67, 0xdb, 0x67, 0xdb, 0x67, 0xdb, 0x67, 0xdb,
    0x67, 0xdb, 0x67, 0xdb, 0xf9, 0x44, 0xf9, 0x44, 0xf9, 0x44, 0xf9, 0x44, 0xf9, 0x44, 0xf9, 0x44,
    0xf9, 0x44, 0xf9, 0x44, 0xf9, 0x44, 0xf9, 0x44, 0xf9, 0x44, 0xf9, 0x44, 0xf9, 0x44, 0xf9, 0x44,
    0xf9, 0x44, 0xf9, 0x44, 0xf9, 0x44, 0xf9, 0x44, 0x7b, 0xf7, 0x7b, 0xf7, 0xf9, 0x44, 0xf9, 0x44,
    0xf9, 0x44, 0xf9, 0x44, 0x7b, 0xf7, 0x7b, 0xf7, 0xf9, 0x44, 0xf9, 0x44, 0xf9, 0x44, 0xf9, 0x44,
    0xf9, 0x44, 0xf9, 0x44, 0xf9, 0x44, 0xf9, 0x44, 0xf9, 0x44, 0xf9, 0x44, 0xf9, 0x44, 0xf9, 0x44,
    0xf9, 0x44, 0xf9, 0x44, 0x67, 0xdb, 0x67, 0xdb, 0x67, 0xdb, 0x67, 0xdb, 0x67, 0xdb, 0x67, 0xdb,
    0x67, 0xdb, 0x67, 0xdb, 0x67, 0xdb, 0x67, 0xdb, 0x67, 0xdb, 0x67, 0xdb, 0x67, 0xdb, 0x67, 0xdb,
    0x67, 0xdb, 0x67, 0xdb, 0x67, 0xdb, 0x67, 0xdb, 0x67, 0xdb, 0x67, 0xdb, 0x67, 0xdb, 0x67, 0xdb,
    0x67, 0xdb, 0x67, 0xdb, 0xf9, 0x44, 0xf9, 0x44, 0xf9, 0x44, 0xf9, 0x44, 0xf9, 0x44, 0xf9, 0x44,
    0xf9, 0x44, 0xf9, 0x44, 0xf9, 0x44, 0xf9, 0x44, 0xf9, 0x44, 0xf9, 0x44, 0xf9, 0x44, 0xf9, 0x44,
    0xf9, 0x44, 0xf9, 0x44, 0xf9, 0x44, 0xf9, 0x44, 0x7b, 0xf7, 0x7b, 0xf7, 0xf9, 0x44, 0xf9, 0x44,
    0x91, 0xe6, 0x91, 0xe6, 0x7b, 0xf7, 0x7b, 0xf7, 0x91, 0xe6, 0x91, 0xe6, 0x91, 0xe6, 0x91, 0xe6,
    0x91, 0xe6, 0x91, 0xe6, 0x91, 0xe6, 0x91, 0xe6, 0x91, 0xe6, 0x91, 0xe6, 0x91, 0xe6, 0x91, 0xe6,
    0x91, 0xe6, 0x91, 0xe6, 0x91, 0xe6, 0x91, 0xe6, 0x67, 0xdb, 0x67, 0xdb, 0x67, 0xdb, 0x67, 0xdb,
    0x67, 0xdb, 0x67, 0xdb, 0x67, 0xdb, 0x67, 0xdb, 0x67, 0xdb, 0x67, 0xdb, 0x67, 0xdb, 0x67, 0xdb,
    0x67, 0xdb, 0x67, 0xdb, 0x67, 0xdb, 0x67, 0xdb, 0x67, 0xdb, 0x67, 0xdb, 0x67, 0xdb, 0x67, 0xdb,
    0x91, 0xe6, 0x91, 0xe6, 0x91, 0xe6, 0x91, 0xe6, 0x91, 0xe6, 0x91, 0xe6, 0x91, 0xe6, 0x91, 0xe6,
    0x91, 0xe6, 0x91, 0xe6, 0x91, 0xe6, 0x91, 0xe6, 0x91, 0xe6, 0x91, 0xe6, 0x91, 0xe6, 0x91, 0xe6,
    0x91, 0xe6, 0x91, 0xe6, 0x91, 0xe6, 0x91, 0xe6, 0x7b, 0xf7, 0x7b, 0xf7, 0x91, 0xe6, 0x91, 0xe6,
    0x91, 0xe6, 0x91, 0xe6, 0x7b, 0xf7, 0x7b, 0xf7, 0x91, 0xe6, 0x91, 0xe6, 0x91, 0xe6, 0x91, 0xe6,
    0x91, 0xe6, 0x91, 0xe6, 0x91, 0xe6, 0x91, 0xe6, 0x91, 0xe6, 0x91, 0xe6, 0x91, 0xe6, 0x91, 0xe6,
    0x91, 0xe6, 0x91, 0xe6, 0x91, 0xe6, 0x91, 0xe6, 0x67, 0xdb, 0x67, 0xdb, 0x67, 0xdb, 0x67, 0xdb,
    0x67, 0xdb, 0x67, 0xdb, 0x67, 0xdb, 0x67, 0xdb, 0x67, 0xdb, 0x67, 0xdb, 0x67, 0xdb, 0x67, 0xdb,
    0x67, 0xdb, 0x67, 0xdb, 0x67, 0xdb, 0x67, 0xdb, 0x67, 0xdb, 0x67, 0xdb, 0x67, 0xdb, 0x67, 0xdb,
    0x91, 0xe6, 0x91, 0xe6, 0x91, 0xe6, 0x91, 0xe6, 0x91, 0xe6, 0x91, 0xe6, 0x91, 0xe6, 0x91, 0xe6,
    0x91, 0xe6, 0x91, 0xe6, 0x91, 0xe6, 0x91, 0xe6, 0x91, 0xe6, 0x91, 0xe6, 0x91, 0xe6, 0x91, 0xe6,
    0x91, 0xe6, 0x91, 0xe6, 0x91, 0xe6, 0x91, 0xe6, 0x7b, 0xf7, 0x7b, 0xf7, 0x91, 0xe6, 0x91, 0xe6,
    0x91, 0xe6, 0x91, 0xe6, 0x7b, 0xf7, 0x7b, 0xf7, 0x91, 0xe6, 0x91, 0xe6, 0x91, 0xe6, 0x91, 0xe6,
    0x91, 0xe6, 0x91, 0xe6, 0x91, 0xe6, 0x91, 0xe6, 0x91, 0xe6, 0x91, 0xe6, 0x91, 0xe6, 0x91, 0xe6,
    0x91, 0xe6, 0x91, 0xe6, 0x91, 0xe6, 0x91, 0xe6, 0x67, 0xdb, 0x67, 0xdb, 0x67, 0xdb, 0x67, 0xdb,
    0x67, 0xdb, 0x67, 0xdb, 0x67, 0xdb, 0x67, 0xdb, 0x67, 0xdb, 0x67, 0xdb, 0x67, 0xdb, 0x67, 0xdb,
    0x67, 0xdb, 0x67, 0xdb, 0x67, 0xdb, 0x67, 0xdb, 0x67, 0xdb, 0x67, 0xdb, 0x67, 0xdb, 0x67, 0xdb,
    0x91, 0xe6, 0x91, 0xe6, 0x91, 0xe6, 0x91, 0xe6, 0x91, 0xe6, 0x91, 0xe6, 0x91, 0xe6, 0x91, 0xe6,
    0x91, 0xe6, 0x91, 0xe6, 0x91, 0xe6, 0x91, 0xe6, 0x91, 0xe6, 0x91, 0xe6, 0x91, 0xe6, 0x91, 0xe6,
    0x91, 0xe6, 0x91, 0xe6, 0x91, 0xe6, 0x91, 0xe6, 0x7b, 0xf7, 0x7b, 0xf7, 0x91, 0xe6, 0x91, 0xe6,
    0x91, 0xe6, 0x91, 0xe6, 0x7b, 0xf7, 0x7b, 0xf7, 0x91, 0xe6, 0x91, 0xe6, 0x91, 0xe6, 0x91, 0xe6,
    0x91, 0xe6, 0x91, 0xe6, 0x91, 0xe6, 0x91, 0xe6, 0x91, 0xe6, 0x91, 0xe6, 0x91, 0xe6, 0x91, 0xe6,
    0x91, 0xe6, 0x91, 0xe6, 0x91, 0xe6, 0x91, 0xe6, 0x67, 0xdb, 0x67, 0xdb, 0x67, 0xdb, 0x67, 0xdb,
    0x67, 0xdb, 0x67, 0xdb, 0x67, 0xdb, 0x67, 0xdb, 0x67, 0xdb, 0x67, 0xdb, 0x67, 0xdb, 0x67, 0xdb,
    0x67, 0xdb, 0x67, 0xdb, 0x67, 0xdb, 0x67, 0xdb, 0x67, 0xdb, 0x67, 0xdb, 0x67, 0xdb, 0x67, 0xdb,
    0x91, 0xe6, 0x91, 0xe6, 0x91, 0xe6, 0x91, 0xe6, 0x91, 0xe6, 0x91, 0xe6, 0x91, 0xe6, 0x91, 0xe6,
    0x91, 0xe6, 0x91, 0xe6, 0x91, 0xe6, 0x91, 0xe6, 0x91, 0xe6, 0x91, 0xe6, 0x91, 0xe6, 0x91, 0xe6,
    0x91, 0xe6, 0x91, 0xe6, 0x91, 0xe6, 0x91, 0xe6, 0x7b, 0xf7, 0x7b, 0xf7, 0x91, 0xe6, 0x91, 0xe6,
    0x91, 0xe6, 0x91, 0xe6, 0x7b, 0xf7, 0x7b, 0xf7, 0x91, 0xe6, 0x91, 0xe6, 0x91, 0xe6, 0x91, 0xe6,
    0x91, 0xe6, 0x91, 0xe6, 0x91, 0xe6, 0x91, 0xe6, 0x91, 0xe6, 0x91, 0xe6, 0x91, 0xe6, 0x91, 0xe6,
    0x91, 0xe6, 0x91, 0xe6, 0x91, 0xe6, 0x91, 0xe6, 0x67, 0xdb, 0x67, 0xdb, 0x67, 0xdb, 0x67, 0xdb,
    0x67, 0xdb, 0x67, 0xdb, 0x67, 0xdb, 0x67, 0xdb, 0x67, 0xdb, 0x67, 0xdb, 0x67, 0xdb, 0x67, 0xdb,
    0x67, 0xdb, 0x67, 0xdb, 0x67, 0xdb, 0x67, 0xdb, 0x67, 0xdb, 0x67, 0xdb, 0x67, 0xdb, 0x67, 0xdb,
    0x91, 0xe6, 0x91, 0xe6, 0x91, 0xe6, 0x91, 0xe6, 0x91, 0xe6, 0x91, 0xe6, 0x91, 0xe6, 0x91, 0xe6,
    0x91, 0xe6, 0x91, 0xe6, 0x91, 0xe6, 0x91, 0xe6, 0x91, 0xe6, 0x91, 0xe6, 0x91, 0xe6, 0x91, 0xe6,
    0x91, 0xe6, 0x91, 0xe6, 0x91, 0xe6, 0x91, 0xe6, 0x7b, 0xf7, 0x7b, 0xf7, 0x91, 0xe6, 0x91, 0xe6,
    0x91, 0xe6, 0x91, 0xe6, 0x7b, 0xf7, 0x7b, 0xf7, 0x91, 0xe6, 0x91, 0xe6, 0x91, 0xe6, 0x91, 0xe6,
    0x91, 0xe6, 0x91, 0xe6, 0x91, 0xe6, 0x91, 0xe6, 0x91, 0xe6, 0x91, 0xe6, 0x91, 0xe6, 0x91, 0xe6,
    0x91, 0xe6, 0x91, 0xe6, 0x91, 0xe6, 0x91, 0xe6, 0x67, 0xdb, 0x67, 0xdb, 0x67, 0xdb, 0x67, 0xdb,
    0x67, 0xdb, 0x67, 0xdb, 0x67, 0xdb, 0x67, 0xdb, 0x67, 0xdb, 0x67, 0xdb, 0x67, 0xdb, 0x67, 0xdb,
    0x67, 0xdb, 0x67, 0xdb, 0x67, 0xdb, 0x67, 0xdb, 0x67, 0xdb, 0x67, 0xdb, 0x67, 0xdb, 0x67, 0xdb,
    0x91, 0xe6, 0x91, 0xe6, 0x91, 0xe6, 0x91, 0xe6, 0x91, 0xe6, 0x91, 0xe6, 0x91, 0xe6, 0x91, 0xe6,
    0x91, 0xe6, 0x91, 0xe6, 0x91, 0xe6, 0x91, 0xe6, 0x91, 0xe6, 0x91, 0xe6, 0x91, 0xe6, 0x91, 0xe6,
    0x91, 0xe6, 0x91, 0xe6, 0x91, 0xe6, 0x91, 0xe6, 0x7b, 0xf7, 0x7b, 0xf7, 0x91, 0xe6, 0x91, 0xe6,
    0x91, 0xe6, 0x91, 0xe6, 0x7b, 0xf7, 0x7b, 0xf7, 0x7b, 0xf7, 0x7b, 0xf7, 0x7b, 0xf7, 0x7b, 0xf7,
    0x7b, 0xf7, 0x7b, 0xf7, 0x7b, 0xf7, 0x7b, 0xf7, 0x7b, 0xf7, 0x7b, 0xf7, 0x7b, 0xf7, 0x7b, 0xf7,
    0x7b, 0xf7, 0x7b, 0xf7, 0x7b, 0xf7, 0x7b, 0xf7, 0x7b, 0xf7, 0x7b, 0xf7, 0x7b, 0xf7, 0x7b, 0xf7,
    0x7b, 0xf7, 0x7b, 0xf7, 0x7b, 0xf7, 0x7b, 0xf7, 0x7b, 0xf7, 0x7b, 0xf7, 0x7b, 0xf7, 0x7b, 0xf7,
    0x7b, 0xf7, 0x7b, 0xf7, 0x7b, 0xf7, 0x7b, 0xf7, 0x7b, 0xf7, 0x7b, 0xf7, 0x7b, 0xf7, 0x7b, 0xf7,
    0x7b, 0xf7, 0x7b, 0xf7, 0x7b, 0xf7, 0x7b, 0xf7, 0x7b, 0xf7, 0x7b, 0xf7, 0x7b, 0xf7, 0x7b, 0xf7,
    0x7b, 0xf7, 0x7b, 0xf7, 0x7b, 0xf7, 0x7b, 0xf7, 0x7b, 0xf7, 0x7b, 0xf7, 0x7b, 0xf7, 0x7b, 0xf7,
    0x7b, 0xf7, 0x7b, 0xf7, 0x7b, 0xf7, 0x7b, 0xf7, 0x7b, 0xf7, 0x7b, 0xf7, 0x91, 0xe6, 0x91, 0xe6,
    0x91, 0xe6, 0x91, 0xe6, 0x7b, 0xf7, 0x7b, 0xf7, 0x7b, 0xf7, 0x7b, 0xf7, 0x7b, 0xf7, 0x7b, 0xf7,
    0x7b, 0xf7, 0x7b, 0xf7, 0x7b, 0xf7, 0x7b, 0xf7, 0x7b, 0xf7, 0x7b, 0xf7, 0x7b, 0xf7, 0x7b, 0xf7,
    0x7b, 0xf7, 0x7b, 0xf7, 0x7b, 0xf7, 0x7b, 0xf7, 0x7b, 0xf7, 0x7b, 0xf7, 0x7b, 0xf7, 0x7b, 0xf7,
    0x7b, 0xf7, 0x7b, 0xf7, 0x7b, 0xf7, 0x7b, 0xf7, 0x7b, 0xf7, 0x7b, 0xf7, 0x7b, 0xf7, 0x7b, 0xf7,
    0x7b, 0xf7, 0x7b, 0xf7, 0x7b, 0xf7, 0x7b, 0xf7, 0x7b, 0xf7, 0x7b, 0xf7, 0x7b, 0xf7, 0x7b, 0xf7,
    0x7b, 0xf7, 0x7b, 0xf7, 0x7b, 0xf7, 0x7b, 0xf7, 0x7b, 0xf7, 0x7b, 0xf7, 0x7b, 0xf7, 0x7b, 0xf7,
    0x7b, 0xf7, 0x7b, 0xf7, 0x7b, 0xf7, 0x7b, 0xf7, 0x7b, 0xf7, 0x7b, 0xf7, 0x7b, 0xf7, 0x7b, 0xf7,
    0x7b, 0xf7, 0x7b, 0xf7, 0x7b, 0xf7, 0x7b, 0xf7, 0x7b, 0xf7, 0x7b, 0xf7, 0x91, 0xe6, 0x91, 0xe6,
    0x91, 0xe6, 0x91, 0xe6, 0x91, 0xe6, 0x91, 0xe6, 0x91, 0xe6, 0x91, 0xe6, 0x91, 0xe6, 0x91, 0xe6,
    0x91, 0xe6, 0x91, 0xe6, 0x91, 0xe6, 0x91, 0xe6, 0x91, 0xe6, 0x91, 0xe6, 0x91, 0xe6, 0x91, 0xe6,
    0x91, 0xe6, 0x91, 0xe6, 0x91, 0xe6, 0x91, 0xe6, 0x67, 0xdb, 0x67, 0xdb, 0x5a, 0xf7, 0x5a, 0xf7,
    0x5a, 0xf7, 0x5a, 0xf7, 0x67, 0xdb, 0x67, 0xdb, 0x67, 0xdb, 0x67, 0xdb, 0x5a, 0xf7, 0x5a, 0xf7,
    0x5a, 0xf7, 0x5a, 0xf7, 0x67, 0xdb, 0x67, 0xdb, 0x67, 0xdb, 0x67, 0xdb, 0x67, 0xdb, 0x67, 0xdb,
    0x91, 0xe6, 0x91, 0xe6, 0x91, 0xe6, 0x91, 0xe6, 0x91, 0xe6, 0x91, 0xe6, 0x91, 0xe6, 0x91, 0xe6,
    0x91, 0xe6, 0x91, 0xe6, 0x91, 0xe6, 0x91, 0xe6, 0x91, 0xe6, 0x91, 0xe6, 0x91, 0xe6, 0x91, 0xe6,
    0x91, 0xe6, 0x91, 0xe6, 0x91, 0xe6, 0x91, 0xe6, 0x91, 0xe6, 0x91, 0xe6, 0x91, 0xe6, 0x91, 0xe6,
    0x91, 0xe6, 0x91, 0xe6, 0x91, 0xe6, 0x91, 0xe6, 0x91, 0xe6, 0x91, 0xe6, 0x91, 0xe6, 0x91, 0xe6,
    0x91, 0xe6, 0x91, 0xe6, 0x91, 0xe6, 0x91, 0xe6, 0x91, 0xe6, 0x91, 0xe6, 0x91, 0xe6, 0x91, 0xe6,
    0x91, 0xe6, 0x91, 0xe6, 0x91, 0xe6, 0x91, 0xe6, 0x67, 0xdb, 0x67, 0xdb, 0x5a, 0xf7, 0x5a, 0xf7,
    0x5a, 0xf7, 0x5a, 0xf7, 0x67, 0xdb, 0x67, 0xdb, 0x67, 0xdb, 0x67, 0xdb, 0x5a, 0xf7, 0x5a, 0xf7,
    0x5a, 0xf7, 0x5a, 0xf7, 0x67, 0xdb, 0x67, 0xdb, 0x67, 0xdb, 0x67, 0xdb, 0x67, 0xdb, 0x67, 0xdb,
    0x91, 0xe6, 0x91, 0xe6, 0x91, 0xe6, 0x91, 0xe6, 0x91, 0xe6, 0x91, 0xe6, 0x91, 0xe6, 0x91, 0xe6,
    0x91, 0xe6, 0x91, 0xe6, 0x91, 0xe6, 0x91, 0xe6, 0x91, 0xe6, 0x91, 0xe6, 0x91, 0xe6, 0x91, 0xe6,
    0x91, 0xe6, 0x91, 0xe6, 0x91, 0xe6, 0x91, 0xe6, 0x91, 0xe6, 0x91, 0xe6, 0x91, 0xe6, 0x91, 0xe6,
};

const lv_img_dsc_t waveshare_photo_seaside_trip = {
    {LV_IMG_CF_TRUE_COLOR, 0, 0, WAVESHARE_PHOTO_W, WAVESHARE_PHOTO_H},
    sizeof(waveshare_photo_seaside_trip_map),
    waveshare_photo_seaside_trip_map,
};

static const uint8_t waveshare_photo_night_walk_map[WAVESHARE_PHOTO_W * WAVESHARE_PHOTO_H * 2] = {
    0x4a, 0x21, 0x4a, 0x21, 0x4a, 0x21, 0x4a, 0x21, 0x4a, 0x21, 0x4a, 0x21, 0x4a, 0x21, 0x4a, 0x21,
    0x4a, 0x21, 0x4a, 0x21, 0x4a, 0x21, 0x4a, 0x21, 0x4a, 0x21, 0x4a, 0x21, 0x4a, 0x21, 0x4a, 0x21,
    0x4a, 0x21, 0x4a, 0x21, 0x4a, 0x21, 0x4a, 0x21, 0x4a, 0x21, 0x4a, 0x21, 0x4a, 0x21, 0x4a, 0x21,
    0x4a, 0x21, 0x4a, 0x21, 0x4a, 0x21, 0x4a, 0x21, 0x4a, 0x21, 0x4a, 0x21, 0x4a, 0x21, 0x4a, 0x21,
    0x4a, 0x21, 0x4a, 0x21, 0x4a, 0x21, 0x4a, 0x21, 0x4a, 0x21, 0x4a, 0x21, 0x4a, 0x21, 0x4a, 0x21,
    0x4a, 0x21, 0x4a, 0x21, 0x4a, 0x21, 0x4a, 0x21, 0x4a, 0x21, 0x4a, 0x21, 0x4a, 0x21, 0x4a, 0x21,
    0x4a, 0x21, 0x4a, 0x21, 0x4a, 0x21, 0x4a, 0x21, 0x4a, 0x21, 0x4a, 0x21, 0x4a, 0x21, 0x4a, 0x21,
    0x4a, 0x21, 0x4a, 0x21, 0x4a, 0x21, 0x4a, 0x21, 0x4a, 0x21, 0x4a, 0x21, 0x4a, 0x21, 0x4a, 0x21,
    0x4a, 0x21, 0x4a, 0x21, 0x4a, 0x21, 0x4a, 0x21, 0x4a, 0x21, 0x4a, 0x21, 0x4a, 0x21, 0x4a, 0x21,
    0x4a, 0x21, 0x4a, 0x21, 0x4a, 0x21, 0x4a, 0x21, 0x4a, 0x21, 0x4a, 0x21, 0x4a, 0x21, 0x4a, 0x21,
    0x4a, 0x21, 0x4a, 0x21, 0x4a, 0x21, 0x4a, 0x21, 0x4a, 0x21, 0x4a, 0x21, 0x4a, 0x21, 0x4a, 0x21,
    0x4a, 0x21, 0x4a, 0x21, 0x4a, 0x21, 0x4a, 0x21, 0x4a, 0x21, 0x4a, 0x21, 0x4a, 0x21, 0x4a, 0x21,
    0x4a, 0x21, 0x4a, 0x21, 0x4a, 0x21, 0x4a, 0x21, 0x4a, 0x21, 0x4a, 0x21, 0x4a, 0x21, 0x4a, 0x21,
    0x4a, 0x21, 0x4a, 0x21, 0x4a, 0x21, 0x4a, 0x21, 0x4a, 0x21, 0x4a, 0x21, 0x4a, 0x21, 0x4a, 0x21,
    0x4a, 0x21, 0x4a, 0x21, 0x4a, 0x21, 0x4a, 0x21, 0x4a, 0x21, 0x4a, 0x21, 0x4a, 0x21, 0x4a, 0x21,
    0x4a, 0x21, 0x4a, 0x21, 0x4a, 0x21, 0x4a, 0x21, 0x4a, 0x21, 0x4a, 0x21, 0x4a, 0x21, 0x4a, 0x21,
    0x2a, 0x21, 0x2a, 0x21, 0x7b, 0xf7, 0x7b, 0xf7, 0x7b, 0xf7, 0x7b, 0xf7, 0x7b, 0xf7, 0x7b, 0xf7,
    0x7b, 0xf7, 0x7b, 0xf7, 0x7b, 0xf7, 0x7b, 0xf7, 0x7b, 0xf7, 0x7b, 0xf7, 0x7b, 0xf7, 0x7b, 0xf7,
    0x7b, 0xf7, 0x7b, 0xf7, 0x7b, 0xf7, 0x7b, 0xf7, 0x7b, 0xf7, 0x7b, 0xf7, 0x7b, 0xf7, 0x7b, 0xf7,
    0x7b, 0xf7, 0x7b, 0xf7, 0x7b, 0xf7, 0x7b, 0xf7, 0x7b, 0xf7, 0x7b, 0xf7, 0x7b, 0xf7, 0x7b, 0xf7,
    0x7b, 0xf7, 0x7b, 0xf7, 0x7b, 0xf7, 0x7b, 0xf7, 0x7b, 0xf7, 0x7b, 0xf7, 0x7b, 0xf7, 0x7b, 0xf7,
    0x7b, 0xf7, 0x7b, 0xf7, 0x7b, 0xf7, 0x7b, 0xf7, 0x7b, 0xf7, 0x7b, 0xf7, 0x7b, 0xf7, 0x7b, 0xf7,
    0x7b, 0xf7, 0x7b, 0xf7, 0x7b, 0xf7, 0x7b, 0xf7, 0x7b, 0xf7, 0x7b, 0xf7, 0x7b, 0xf7, 0x7b, 0xf7,
    0x7b, 0xf7, 0x7b, 0xf7, 0x7b, 0xf7, 0x7b, 0xf7, 0x7b, 0xf7, 0x7b, 0xf7, 0x2a, 0x21, 0x2a, 0x21,
    0x2a, 0x21, 0x2a, 0x21, 0x7b, 0xf7, 0x7b, 0xf7, 0x7b, 0xf7, 0x7b, 0xf7, 0x7b, 0xf7, 0x7b, 0xf7,
    0x7b, 0xf7, 0x7b, 0xf7, 0x7b, 0xf7, 0x7b, 0xf7, 0x7b, 0xf7, 0x7b, 0xf7, 0x7b, 0xf7, 0x7b, 0xf7,
    0x7b, 0xf7, 0x7b, 0xf7, 0x7b, 0xf7, 0x7b, 0xf7, 0x7b, 0xf7, 0x7b, 0xf7, 0x7b, 0xf7, 0x7b, 0xf7,
    0x7b, 0xf7, 0x7b, 0xf7, 0x7b, 0xf7, 0x7b, 0xf7, 0x7b, 0xf7, 0x7b, 0xf7, 0x7b, 0xf7, 0x7b, 0xf7,
    0x7b, 0xf7, 0x7b, 0xf7, 0x7b, 0xf7, 0x7b, 0xf7, 0x7b, 0xf7, 0x7b, 0xf7, 0x7b, 0xf7, 0x7b, 0xf7,
    0x7b, 0xf7, 0x7b, 0xf7, 0x7b, 0xf7, 0x7b, 0xf7, 0x7b, 0xf7, 0x7b, 0xf7, 0x7b, 0xf7, 0x7b, 0xf7,
    0x7b, 0xf7, 0x7b, 0xf7, 0x7b, 0xf7, 0x7b, 0xf7, 0x7b, 0xf7, 0x7b, 0xf7, 0x7b, 0xf7, 0x7b, 0xf7,
    0x7b, 0xf7, 0x7b, 0xf7, 0x7b, 0xf7, 0x7b, 0xf7, 0x7b, 0xf7, 0x7b, 0xf7, 0x2a, 0x21, 0x2a, 0x21,
    0x2a, 0x19, 0x2a, 0x19, 0x7b, 0xf7, 0x7b, 0xf7, 0x2a, 0x19, 0x2a, 0x19, 0x2a, 0x19, 0x2a, 0x19,
    0x2a, 0x19, 0x2a, 0x19, 0x2a, 0x19, 0x2a, 0x19, 0x2a, 0x19, 0x2a, 0x19, 0x2a, 0x19, 0x2a, 0x19,
    0x2a, 0x19, 0x2a, 0x19, 0xfd, 0xff, 0xfd, 0xff, 0x2a, 0x19, 0x2a, 0x19, 0x2a, 0x19, 0x2a, 0x19,
    0x2a, 0x19, 0x2a, 0x19, 0x2a, 0x19, 0x2a, 0x19, 0x2a, 0x19, 0x2a, 0x19, 0x2a, 0x19, 0x2a, 0x19,
    0x2a, 0x19, 0x2a, 0x19, 0x2a, 0x19, 0x2a, 0x19, 0x2a, 0x19, 0x2a, 0x19, 0x2a, 0x19, 0x2a, 0x19,
    0x2a, 0x19, 0x2a, 0x19, 0x2a, 0x19, 0x2a, 0x19, 0xb6, 0xff, 0xb6, 0xff, 0xb6, 0xff, 0xb6, 0xff,
    0x2a, 0x19, 0x2a, 0x19, 0x2a, 0x19, 0x2a, 0x19, 0x2a, 0x19, 0x2a, 0x19, 0x2a, 0x19, 0x2a, 0x19,
    0x2a, 0x19, 0x2a, 0x19, 0x2a, 0x19, 0x2a, 0x19, 0x7b, 0xf7, 0x7b, 0xf7, 0x2a, 0x19, 0x2a, 0x19,
    0x2a, 0x19, 0x2a, 0x19, 0x7b, 0xf7, 0x7b, 0xf7, 0x2a, 0x19, 0x2a, 0x19, 0x2a, 0x19, 0x2a, 0x19,
    0x2a, 0x19, 0x2a, 0x19, 0x2a, 0x19, 0x2a, 0x19, 0x2a, 0x19, 0x2a, 0x19, 0x2a, 0x19, 0x2a, 0x19,
    0x2a, 0x19, 0x2a, 0x19, 0xfd, 0xff, 0xfd, 0xff, 0x2a, 0x19, 0x2a, 0x19, 0x2a, 0x19, 0x2a, 0x19,
    0x2a, 0x19, 0x2a, 0x19, 0x2a, 0x19, 0x2a, 0x19, 0x2a, 0x19, 0x2a, 0x19, 0x2a, 0x19, 0x2a, 0x19,
    0x2a, 0x19, 0x2a, 0x19, 0x2a, 0x19, 0x2a, 0x19, 0x2a, 0x19, 0x2a, 0x19, 0x2a, 0x19, 0x2a, 0x19,
    0x2a, 0x19, 0x2a, 0x19, 0x2a, 0x19, 0x2a, 0x19, 0xb6, 0xff, 0xb6, 0xff, 0xb6, 0xff, 0xb6, 0xff,
    0x2a, 0x19, 0x2a, 0x19, 0x2a, 0x19, 0x2a, 0x19, 0x2a, 0x19, 0x2a, 0x19, 0x2a, 0x19, 0x2a, 0x19,
    0x2a, 0x19, 0x2a, 0x19, 0x2a, 0x19, 0x2a, 0x19, 0x7b, 0xf7, 0x7b, 0xf7, 0x2a, 0x19, 0x2a, 0x19,
    0x29, 0x19, 0x29, 0x19, 0x7b, 0xf7, 0x7b, 0xf7, 0x29, 0x19, 0x29, 0x19, 0x29, 0x19, 0x29, 0x19,
    0x29, 0x19, 0x29, 0x19, 0x29, 0x19, 0x29, 0x19, 0x29, 0x19, 0x29, 0x19, 0x29, 0x19, 0x29, 0x19,
    0x29, 0x19, 0x29, 0x19, 0x29, 0x19, 0x29, 0x19, 0x29, 0x19, 0x29, 0x19, 0x29, 0x19, 0x29, 0x19,
    0x29, 0x19, 0x29, 0x19, 0x29, 0x19, 0x29, 0x19, 0x29, 0x19, 0x29, 0x19, 0x29, 0x19, 0x29, 0x19,
    0x29, 0x19, 0x29, 0x19, 0x29, 0x19, 0x29, 0x19, 0x29, 0x19, 0x29, 0x19, 0x29, 0x19, 0x29, 0x19,
    0x29, 0x19, 0x29, 0x19, 0xb6, 0xff, 0xb6, 0xff, 0xb6, 0xff, 0xb6, 0xff, 0xb6, 0xff, 0xb6, 0xff,
    0xb6, 0xff, 0xb6, 0xff, 0x29, 0x19, 0x29, 0x19, 0x29, 0x19, 0x29, 0x19, 0x29, 0x19, 0x29, 0x19,
    0x29, 0x19, 0x29, 0x19, 0x29, 0x19, 0x29, 0x19, 0x7b, 0xf7, 0x7b, 0xf7, 0x29, 0x19, 0x29, 0x19,
    0x29, 0x19, 0x29, 0x19, 0x7b, 0xf7, 0x7b, 0xf7, 0x29, 0x19, 0x29, 0x19, 0x29, 0x19, 0x29, 0x19,
    0x29, 0x19, 0x29, 0x19, 0x29, 0x19, 0x29, 0x19, 0x29, 0x19, 0x29, 0x19, 0x29, 0x19, 0x29, 0x19,
    0x29, 0x19, 0x29, 0x19, 0x29, 0x19, 0x29, 0x19, 0x29, 0x19, 0x29, 0x19, 0x29, 0x19, 0x29, 0x19,
    0x29, 0x19, 0x29, 0x19, 0x29, 0x19, 0x29, 0x19, 0x29, 0x19, 0x29, 0x19, 0x29, 0x19, 0x29, 0x19,
    0x29, 0x19, 0x29, 0x19, 0x29, 0x19, 0x29, 0x19, 0x29, 0x19, 0x29, 0x19, 0x29, 0x19, 0x29, 0x19,
    0x29, 0x19, 0x29, 0x19, 0xb6, 0xff, 0xb6, 0xff, 0xb6, 0xff, 0xb6, 0xff, 0xb6, 0xff, 0xb6, 0xff,
    0xb6, 0xff, 0xb6, 0xff, 0x29, 0x19, 0x29, 0x19, 0x29, 0x19, 0x29, 0x19, 0x29, 0x19, 0x29, 0x19,
    0x29, 0x19, 0x29, 0x19, 0x29, 0x19, 0x29, 0x19, 0x7b, 0xf7, 0x7b, 0xf7, 0x29, 0x19, 0x29, 0x19,
    0x09, 0x19, 0x09, 0x19, 0x7b, 0xf7, 0x7b, 0xf7, 0x09, 0x19, 0x09, 0x19, 0x09, 0x19, 0x09, 0x19,
    0xfd, 0xff, 0xfd, 0xff, 0x09, 0x19, 0x09, 0x19, 0x09, 0x19, 0x09, 0x19, 0x09, 0x19, 0x09, 0x19,
    0x09, 0x19, 0x09, 0x19, 0x09, 0x19, 0x09, 0x19, 0x09, 0x19, 0x09, 0x19, 0x09, 0x19, 0x09, 0x19,
    0x09, 0x19, 0x09, 0x19, 0x09, 0x19, 0x09, 0x19, 0x09, 0x19, 0x09, 0x19, 0x09, 0x19, 0x09, 0x19,
    0x09, 0x19, 0x09, 0x19, 0x09, 0x19, 0x09, 0x19, 0x09, 0x19, 0x09, 0x19, 0x09, 0x19, 0x09, 0x19,
    0xb6, 0xff, 0xb6, 0xff, 0xb6, 0xff, 0xb6, 0xff, 0xb6, 0xff, 0xb6, 0xff, 0xb6, 0xff, 0xb6, 0xff,
    0xb6, 0xff, 0xb6, 0xff, 0xb6, 0xff, 0xb6, 0xff, 0x09, 0x19, 0x09, 0x19, 0xfd, 0xff, 0xfd, 0xff,
    0x09, 0x19, 0x09, 0x19, 0x09, 0x19, 0x09, 0x19, 0x7b, 0xf7, 0x7b, 0xf7, 0x09, 0x19, 0x09, 0x19,
    0x09, 0x19, 0x09, 0x19, 0x7b, 0xf7, 0x7b, 0xf7, 0x09, 0x19, 0x09, 0x19, 0x09, 0x19, 0x09, 0x19,
    0xfd, 0xff, 0xfd, 0xff, 0x09, 0x19, 0x09, 0x19, 0x09, 0x19, 0x09, 0x19, 0x09, 0x19, 0x09, 0x19,
    0x09, 0x19, 0x09, 0x19, 0x09, 0x19, 0x09, 0x19, 0x09, 0x19, 0x09, 0x19, 0x09, 0x19, 0x09, 0x19,
    0x09, 0x19, 0x09, 0x19, 0x09, 0x19, 0x09, 0x19, 0x09, 0x19, 0x09, 0x19, 0x09, 0x19, 0x09, 0x19,
    0x09, 0x19, 0x09, 0x19, 0x09, 0x19, 0x09, 0x19, 0x09, 0x19, 0x09, 0x19, 0x09, 0x19, 0x09, 0x19,
    0xb6, 0xff, 0xb6, 0xff, 0xb6, 0xff, 0xb6, 0xff, 0xb6, 0xff, 0xb6, 0xff, 0xb6, 0xff, 0xb6, 0xff,
    0xb6, 0xff, 0xb6, 0xff, 0xb6, 0xff, 0xb6, 0xff, 0x09, 0x19, 0x09, 0x19, 0xfd, 0xff, 0xfd, 0xff,
    0x09, 0x19, 0x09, 0x19, 0x09, 0x19, 0x09, 0x19, 0x7b, 0xf7, 0x7b, 0xf7, 0x09, 0x19, 0x09, 0x19,
    0x09, 0x19, 0x09, 0x19, 0x7b, 0xf7, 0x7b, 0xf7, 0x09, 0x19, 0x09, 0x19, 0x09, 0x19, 0x09, 0x19,
    0x09, 0x19, 0x09, 0x19, 0x09, 0x19, 0x09, 0x19, 0x09, 0x19, 0x09, 0x19, 0x09, 0x19, 0x09, 0x19,
    0x09, 0x19, 0x09, 0x19, 0x09, 0x19, 0x09, 0x19, 0x09, 0x19, 0x09, 0x19, 0x09, 0x19, 0x09, 0x19,
    0x09, 0x19, 0x09, 0x19, 0x09, 0x19, 0x09, 0x19, 0x09, 0x19, 0x09, 0x19, 0x09, 0x19, 0x09, 0x19,
    0x09, 0x19, 0x09, 0x19, 0x09, 0x19, 0x09, 0x19, 0x09, 0x19, 0x09, 0x19, 0x09, 0x19, 0x09, 0x19,
    0xb6, 0xff, 0xb6, 0xff, 0xb6, 0xff, 0xb6, 0xff, 0xb6, 0xff, 0xb6, 0xff, 0xb6, 0xff, 0xb6, 0xff,
    0xb6, 0xff, 0xb6, 0xff, 0xb6, 0xff, 0xb6, 0xff, 0x09, 0x19, 0x09, 0x19, 0x09, 0x19, 0x09, 0x19,
    0x09, 0x19, 0x09, 0x19, 0x09, 0x19, 0x09, 0x19, 0x7b, 0xf7, 0x7b, 0xf7, 0x09, 0x19, 0x09, 0x19,
    0x09, 0x19, 0x09, 0x19, 0x7b, 0xf7, 0x7b, 0xf7, 0x09, 0x19, 0x09, 0x19, 0x09, 0x19, 0x09, 0x19,
    0x09, 0x19, 0x09, 0x19, 0x09, 0x19, 0x09, 0x19, 0x09, 0x19, 0x09, 0x19, 0x09, 0x19, 0x09, 0x19,
    0x09, 0x19, 0x09, 0x19, 0x09, 0x19, 0x09, 0x19, 0x09, 0x19, 0x09, 0x19, 0x09, 0x19, 0x09, 0x19,
    0x09, 0x19, 0x09, 0x19, 0x09, 0x19, 0x09, 0x19, 0x09, 0x19, 0x09, 0x19, 0x09, 0x19, 0x09, 0x19,
    0x09, 0x19, 0x09, 0x19, 0x09, 0x19, 0x09, 0x19, 0x09, 0x19, 0x09, 0x19, 0x09, 0x19, 0x09, 0x19,
    0xb6, 0xff, 0xb6, 0xff, 0xb6, 0xff, 0xb6, 0xff, 0xb6, 0xff, 0xb6, 0xff, 0xb6, 0xff, 0xb6, 0xff,
    0xb6, 0xff, 0xb6, 0xff, 0xb6, 0xff, 0xb6, 0xff, 0x09, 0x19, 0x09, 0x19, 0x09, 0x19, 0x09, 0x19,
    0x09, 0x19, 0x09, 0x19, 0x09, 0x19, 0x09, 0x19, 0x7b, 0xf7, 0x7b, 0xf7, 0x09, 0x19, 0x09, 0x19,
    0x08, 0x19, 0x08, 0x19, 0x7b, 0xf7, 0x7b, 0xf7, 0x08, 0x19, 0x08, 0x19, 0x08, 0x19, 0x08, 0x19,
    0x08, 0x19, 0x08, 0x19, 0x08, 0x19, 0x08, 0x19, 0x08, 0x19, 0x08, 0x19, 0x08, 0x19, 0x08, 0x19,
    0x08, 0x19, 0x08, 0x19, 0x08, 0x19, 0x08, 0x19, 0x08, 0x19, 0x08, 0x19, 0x08, 0x19, 0x08, 0x19,
    0x08, 0x19, 0x08, 0x19, 0x08, 0x19, 0x08, 0x19, 0xfd, 0xff, 0xfd, 0xff, 0x08, 0x19, 0x08, 0x19,
    0x08, 0x19, 0x08, 0x19, 0x08, 0x19, 0x08, 0x19, 0x08, 0x19, 0x08, 0x19, 0x08, 0x19, 0x08, 0x19,
    0x08, 0x19, 0x08, 0x19, 0xb6, 0xff, 0xb6, 0xff, 0xb6, 0xff, 0xb6, 0xff, 0xb6, 0xff, 0xb6, 0xff,
    0xb6, 0xff, 0xb6, 0xff, 0x08, 0x19, 0x08, 0x19, 0x08, 0x19, 0x08, 0x19, 0x08, 0x19, 0x08, 0x19,
    0x08, 0x19, 0x08, 0x19, 0x08, 0x19, 0x08, 0x19, 0x7b, 0xf7, 0x7b, 0xf7, 0x08, 0x19, 0x08, 0x19,
    0x08, 0x19, 0x08, 0x19, 0x7b, 0xf7, 0x7b, 0xf7, 0x08, 0x19, 0x08, 0x19, 0x08, 0x19, 0x08, 0x19,
    0x08, 0x19, 0x08, 0x19, 0x08, 0x19, 0x08, 0x19, 0x08, 0x19, 0x08, 0x19, 0x08, 0x19, 0x08, 0x19,
    0x08, 0x19, 0x08, 0x19, 0x08, 0x19, 0x08, 0x19, 0x08, 0x19, 0x08, 0x19, 0x08, 0x19, 0x08, 0x19,
    0x08, 0x19, 0x08, 0x19, 0x08, 0x19, 0x08, 0x19, 0xfd, 0xff, 0xfd, 0xff, 0x08, 0x19, 0x08, 0x19,
    0x08, 0x19, 0x08, 0x19, 0x08, 0x19, 0x08, 0x19, 0x08, 0x19, 0x08, 0x19, 0x08, 0x19, 0x08, 0x19,
    0x08, 0x19, 0x08, 0x19, 0xb6, 0xff, 0xb6, 0xff, 0xb6, 0xff, 0xb6, 0xff, 0xb6, 0xff, 0xb6, 0xff,
    0xb6, 0xff, 0xb6, 0xff, 0x08, 0x19, 0x08, 0x19, 0x08, 0x19, 0x08, 0x19, 0x08, 0x19, 0x08, 0x19,
    0x08, 0x19, 0x08, 0x19, 0x08, 0x19, 0x08, 0x19, 0x7b, 0xf7, 0x7b, 0xf7, 0x08, 0x19, 0x08, 0x19,
    0xe8, 0x18, 0xe8, 0x18, 0x7b, 0xf7, 0x7b, 0xf7, 0xe8, 0x18, 0xe8, 0x18, 0xe8, 0x18, 0xe8, 0x18,
    0xe8, 0x18, 0xe8, 0x18, 0xe8, 0x18, 0xe8, 0x18, 0xe8, 0x18, 0xe8, 0x18, 0xe8, 0x18, 0xe8, 0x18,
    0xe8, 0x18, 0xe8, 0x18, 0xe8, 0x18, 0xe8, 0x18, 0xe8, 0x18, 0xe8, 0x18, 0xe8, 0x18, 0xe8, 0x18,
    0xe8, 0x18, 0xe8, 0x18, 0xe8, 0x18, 0xe8, 0x18, 0xe8, 0x18, 0xe8, 0x18, 0xe8, 0x18, 0xe8, 0x18,
    0xe8, 0x18, 0xe8, 0x18, 0xe8, 0x18, 0xe8, 0x18, 0xe8, 0x18, 0xe8, 0x18, 0xe8, 0x18, 0xe8, 0x18,
    0xe8, 0x18, 0xe8, 0x18, 0xe8, 0x18, 0xe8, 0x18, 0xb6, 0xff, 0xb6, 0xff, 0xb6, 0xff, 0xb6, 0xff,
    0xe8, 0x18, 0xe8, 0x18, 0xe8, 0x18, 0xe8, 0x18, 0xe8, 0x18, 0xe8, 0x18, 0xe8, 0x18, 0xe8, 0x18,
    0xe8, 0x18, 0xe8, 0x18, 0xe8, 0x18, 0xe8, 0x18, 0x7b, 0xf7, 0x7b, 0xf7, 0xe8, 0x18, 0xe8, 0x18,
    0xe8, 0x18, 0xe8, 0x18, 0x7b, 0xf7, 0x7b, 0xf7, 0xe8, 0x18, 0xe8, 0x18, 0xe8, 0x18, 0xe8, 0x18,
    0xe8, 0x18, 0xe8, 0x18, 0xe8, 0x18, 0xe8, 0x18, 0xe8, 0x18, 0xe8, 0x18, 0xe8, 0x18, 0xe8, 0x18,
    0xe8, 0x18, 0xe8, 0x18, 0xe8, 0x18, 0xe8, 0x18, 0xe8, 0x18, 0xe8, 0x18, 0xe8, 0x18, 0xe8, 0x18,
    0xe8, 0x18, 0xe8, 0x18, 0xe8, 0x18, 0xe8, 0x18, 0xe8, 0x18, 0xe8, 0x18, 0xe8, 0x18, 0xe8, 0x18,
    0xe8, 0x18, 0xe8, 0x18, 0xe8, 0x18, 0xe8, 0x18, 0xe8, 0x18, 0xe8, 0x18, 0xe8, 0x18, 0xe8, 0x18,
    0xe8, 0x18, 0xe8, 0x18, 0xe8, 0x18, 0xe8, 0x18, 0xb6, 0xff, 0xb6, 0xff, 0xb6, 0xff, 0xb6, 0xff,
    0xe8, 0x18, 0xe8, 0x18, 0xe8, 0x18, 0xe8, 0x18, 0xe8, 0x18, 0xe8, 0x18, 0xe8, 0x18, 0xe8, 0x18,
    0xe8, 0x18, 0xe8, 0x18, 0xe8, 0x18, 0xe8, 0x18, 0x7b, 0xf7, 0x7b, 0xf7, 0xe8, 0x18, 0xe8, 0x18,
    0xe8, 0x18, 0xe8, 0x18, 0x7b, 0xf7, 0x7b, 0xf7, 0xe8, 0x18, 0xe8, 0x18, 0xe8, 0x18, 0xe8, 0x18,
    0xe8, 0x18, 0xe8, 0x18, 0xe8, 0x18, 0xe8, 0x18, 0xe8, 0x18, 0xe8, 0x18, 0xe8, 0x18, 0xe8, 0x18,
    0xe8, 0x18, 0xe8, 0x18, 0xe8, 0x18, 0xe8, 0x18, 0xe8, 0x18, 0xe8, 0x18, 0xe8, 0x18, 0xe8, 0x18,
    0xe8, 0x18, 0xe8, 0x18, 0xe8, 0x18, 0xe8, 0x18, 0xe8, 0x18, 0xe8, 0x18, 0x89, 0xd3, 0x89, 0xd3,
    0xe8, 0x18, 0xe8, 0x18, 0xe8, 0x18, 0xe8, 0x18, 0xe8, 0x18, 0xe8, 0x18, 0x89, 0xd3, 0x89, 0xd3,
    0x4b, 0x42, 0x4b, 0x42, 0x4b, 0x42, 0x4b, 0x42, 0x4b, 0x42, 0x4b, 0x42, 0x4b, 0x42, 0x4b, 0x42,
    0x4b, 0x42, 0x4b, 0x42, 0x4b, 0x42, 0x4b, 0x42, 0x4b, 0x42, 0x4b, 0x42, 0x4b, 0x42, 0x4b, 0x42,
    0xe8, 0x18, 0xe8, 0x18, 0xe8, 0x18, 0xe8, 0x18, 0x7b, 0xf7, 0x7b, 0xf7, 0xe8, 0x18, 0xe8, 0x18,
    0xe8, 0x18, 0xe8, 0x18, 0x7b, 0xf7, 0x7b, 0xf7, 0xe8, 0x18, 0xe8, 0x18, 0xe8, 0x18, 0xe8, 0x18,
    0xe8, 0x18, 0xe8, 0x18, 0xe8, 0x18, 0xe8, 0x18, 0xe8, 0x18, 0xe8, 0x18, 0xe8, 0x18, 0xe8, 0x18,
    0xe8, 0x18, 0xe8, 0x18, 0xe8, 0x18, 0xe8, 0x18, 0xe8, 0x18, 0xe8, 0x18, 0xe8, 0x18, 0xe8, 0x18,
    0xe8, 0x18, 0xe8, 0x18, 0xe8, 0x18, 0xe8, 0x18, 0xe8, 0x18, 0xe8, 0x18, 0x89, 0xd3, 0x89, 0xd3,
    0xe8, 0x18, 0xe8, 0x18, 0xe8, 0x18, 0xe8, 0x18, 0xe8, 0x18, 0xe8, 0x18, 0x89, 0xd3, 0x89, 0xd3,
    0x4b, 0x42, 0x4b, 0x42, 0x4b, 0x42, 0x4b, 0x42, 0x4b, 0x42, 0x4b, 0x42, 0x4b, 0x42, 0x4b, 0x42,
    0x4b, 0x42, 0x4b, 0x42, 0x4b, 0x42, 0x4b, 0x42, 0x4b, 0x42, 0x4b, 0x42, 0x4b, 0x42, 0x4b, 0x42,
    0xe8, 0x18, 0xe8, 0x18, 0xe8, 0x18, 0xe8, 0x18, 0x7b, 0xf7, 0x7b, 0xf7, 0xe8, 0x18, 0xe8, 0x18,
    0xe7, 0x10, 0xe7, 0x10, 0x7b, 0xf7, 0x7b, 0xf7, 0xe7, 0x10, 0xe7, 0x10, 0xe7, 0x10, 0xe7, 0x10,
    0xe7, 0x10, 0xe7, 0x10, 0xe7, 0x10, 0xe7, 0x10, 0xe7, 0x10, 0xe7, 0x10, 0xe7, 0x10, 0xe7, 0x10,
    0xe7, 0x10, 0xe7, 0x10, 0xe7, 0x10, 0xe7, 0x10, 0xe7, 0x10, 0xe7, 0x10, 0xe7, 0x10, 0xe7, 0x10,
    0xe7, 0x10, 0xe7, 0x10, 0xe7, 0x10, 0xe7, 0x10, 0x89, 0xd3, 0x89, 0xd3, 0x5a, 0xf7, 0x5a, 0xf7,
    0xe7, 0x10, 0xe7, 0x10, 0xe7, 0x10, 0xe7, 0x10, 0xe7, 0x10, 0xe7, 0x10, 0x5a, 0xf7, 0x5a, 0xf7,
    0x89, 0xd3, 0x89, 0xd3, 0x4b, 0x42, 0x4b, 0x42, 0x4b, 0x42, 0x4b, 0x42, 0x4b, 0x42, 0x4b, 0x42,
    0x4b, 0x42, 0x4b, 0x42, 0x4b, 0x42, 0x4b, 0x42, 0x4b, 0x42, 0x4b, 0x42, 0x4b, 0x42, 0x4b, 0x42,
    0xe7, 0x10, 0xe7, 0x10, 0xe7, 0x10, 0xe7, 0x10, 0x7b, 0xf7, 0x7b, 0xf7, 0xe7, 0x10, 0xe7, 0x10,
    0xe7, 0x10, 0xe7, 0x10, 0x7b, 0xf7, 0x7b, 0xf7, 0xe7, 0x10, 0xe7, 0x10, 0xe7, 0x10, 0xe7, 0x10,
    0xe7, 0x10, 0xe7, 0x10, 0xe7, 0x10, 0xe7, 0x10, 0xe7, 0x10, 0xe7, 0x10, 0xe7, 0x10, 0xe7, 0x10,
    0xe7, 0x10, 0xe7, 0x10, 0xe7, 0x10, 0xe7, 0x10, 0xe7, 0x10, 0xe7, 0x10, 0xe7, 0x10, 0xe7, 0x10,
    0xe7, 0x10, 0xe7, 0x10, 0xe7, 0x10, 0xe7, 0x10, 0x89, 0xd3, 0x89, 0xd3, 0x5a, 0xf7, 0x5a, 0xf7,
    0xe7, 0x10, 0xe7, 0x10, 0xe7, 0x10, 0xe7, 0x10, 0xe7, 0x10, 0xe7, 0x10, 0x5a, 0xf7, 0x5a, 0xf7,
    0x89, 0xd3, 0x89, 0xd3, 0x4b, 0x42, 0x4b, 0x42, 0x4b, 0x42, 0x4b, 0x42, 0x4b, 0x42, 0x4b, 0x42,
    0x4b, 0x42, 0x4b, 0x42, 0x4b, 0x42, 0x4b, 0x42, 0x4b, 0x42, 0x4b, 0x42, 0x4b, 0x42, 0x4b, 0x42,
    0xe7, 0x10, 0xe7, 0x10, 0xe7, 0x10, 0xe7, 0x10, 0x7b, 0xf7, 0x7b, 0xf7, 0xe7, 0x10, 0xe7, 0x10,
    0xc7, 0x10, 0xc7, 0x10, 0x7b, 0xf7, 0x7b, 0xf7, 0xc7, 0x10, 0xc7, 0x10, 0xc7, 0x10, 0xc7, 0x10,
    0xc7, 0x10, 0xc7, 0x10, 0xc7, 0x10, 0xc7, 0x10, 0xcd, 0x4a, 0xcd, 0x4a, 0xcd, 0x4a, 0xcd, 0x4a,
    0xcd, 0x4a, 0xcd, 0x4a, 0xcd, 0x4a, 0xcd, 0x4a, 0xcd, 0x4a, 0xcd, 0x4a, 0xcd, 0x4a, 0xcd, 0x4a,
    0x89, 0xd3, 0x89, 0xd3, 0x89, 0xd3, 0x89, 0xd3, 0x5a, 0xf7, 0x5a, 0xf7, 0x5a, 0xf7, 0x5a, 0xf7,
    0x89, 0xd3, 0x89, 0xd3, 0x89, 0xd3, 0x89, 0xd3, 0x89, 0xd3, 0x89, 0xd3, 0x5a, 0xf7, 0x5a, 0xf7,
    0x89, 0xd3, 0x89, 0xd3, 0x89, 0xd3, 0x89, 0xd3, 0x4b, 0x42, 0x4b, 0x42, 0x4b, 0x42, 0x4b, 0x42,
    0x4b, 0x42, 0x4b, 0x42, 0x4b, 0x42, 0x4b, 0x42, 0x4b, 0x42, 0x4b, 0x42, 0x4b, 0x42, 0x4b, 0x42,
    0xc7, 0x10, 0xc7, 0x10, 0xc7, 0x10, 0xc7, 0x10, 0x7b, 0xf7, 0x7b, 0xf7, 0xc7, 0x10, 0xc7, 0x10,
    0xc7, 0x10, 0xc7, 0x10, 0x7b, 0xf7, 0x7b, 0xf7, 0xc7, 0x10, 0xc7, 0x10, 0xc7, 0x10, 0xc7, 0x10,
    0xc7, 0x10, 0xc7, 0x10, 0xc7, 0x10, 0xc7, 0x10, 0xcd, 0x4a, 0xcd, 0x4a, 0xcd, 0x4a, 0xcd, 0x4a,
    0xcd, 0x4a, 0xcd, 0x4a, 0xcd, 0x4a, 0xcd, 0x4a, 0xcd, 0x4a, 0xcd, 0x4a, 0xcd, 0x4a, 0xcd, 0x4a,
    0x89, 0xd3, 0x89, 0xd3, 0x89, 0xd3, 0x89, 0xd3, 0x5a, 0xf7, 0x5a, 0xf7, 0x5a, 0xf7, 0x5a, 0xf7,
    0x89, 0xd3, 0x89, 0xd3, 0x89, 0xd3, 0x89, 0xd3, 0x89, 0xd3, 0x89, 0xd3, 0x5a, 0xf7, 0x5a, 0xf7,
    0x89, 0xd3, 0x89, 0xd3, 0x89, 0xd3, 0x89, 0xd3, 0x4b, 0x42, 0x4b, 0x42, 0x4b, 0x42, 0x4b, 0x42,
    0x4b, 0x42, 0x4b, 0x42, 0x4b, 0x42, 0x4b, 0x42, 0x4b, 0x42, 0x4b, 0x42, 0x4b, 0x42, 0x4b, 0x42,
    0xc7, 0x10, 0xc7, 0x10, 0xc7, 0x10, 0xc7, 0x10, 0x7b, 0xf7, 0x7b, 0xf7, 0xc7, 0x10, 0xc7, 0x10,
    0xc7, 0x10, 0xc7, 0x10, 0x7b, 0xf7, 0x7b, 0xf7, 0xc7, 0x10, 0xc7, 0x10, 0xc7, 0x10, 0xc7, 0x10,
    0xc7, 0x10, 0xc7, 0x10, 0xc7, 0x10, 0xc7, 0x10, 0xcd, 0x4a, 0xcd, 0x4a, 0xcd, 0x4a, 0xcd, 0x4a,
    0xcd, 0x4a, 0xcd, 0x4a, 0xcd, 0x4a, 0xcd, 0x4a, 0xcd, 0x4a, 0xcd, 0x4a, 0xcd, 0x4a, 0xcd, 0x4a,
    0x89, 0xd3, 0x89, 0xd3, 0x89, 0xd3, 0x89, 0xd3, 0x89, 0xd3, 0x89, 0xd3, 0x5a, 0xf7, 0x5a, 0xf7,
    0x89, 0xd3, 0x89, 0xd3, 0x89, 0xd3, 0x89, 0xd3, 0x5a, 0xf7, 0x5a, 0xf7, 0x5a, 0xf7, 0x5a, 0xf7,
    0x89, 0xd3, 0x89, 0xd3, 0x89, 0xd3, 0x89, 0xd3, 0x4b, 0x42, 0x4b, 0x42, 0x4b, 0x42, 0x4b, 0x42,
    0x4b, 0x42, 0x4b, 0x42, 0x4b, 0x42, 0x4b, 0x42, 0x4b, 0x42, 0x4b, 0x42, 0x4b, 0x42, 0x4b, 0x42,
    0xc7, 0x10, 0xc7, 0x10, 0xc7, 0x10, 0xc7, 0x10, 0x7b, 0xf7, 0x7b, 0xf7, 0xc7, 0x10, 0xc7, 0x10,
    0xc7, 0x10, 0xc7, 0x10, 0x7b, 0xf7, 0x7b, 0xf7, 0xc7, 0x10, 0xc7, 0x10, 0xc7, 0x10, 0xc7, 0x10,
    0xc7, 0x10, 0xc7, 0x10, 0xc7, 0x10, 0xc7, 0x10, 0xcd, 0x4a, 0xcd, 0x4a, 0xcd, 0x4a, 0xcd, 0x4a,
    0xcd, 0x4a, 0xcd, 0x4a, 0xcd, 0x4a, 0xcd, 0x4a, 0xcd, 0x4a, 0xcd, 0x4a, 0xcd, 0x4a, 0xcd, 0x4a,
    0x89, 0xd3, 0x89, 0xd3, 0x89, 0xd3, 0x89, 0xd3, 0x89, 0xd3, 0x89, 0xd3, 0x5a, 0xf7, 0x5a, 0xf7,
    0x89, 0xd3, 0x89, 0xd3, 0x89, 0xd3, 0x89, 0xd3, 0x5a, 0xf7, 0x5a, 0xf7, 0x5a, 0xf7, 0x5a, 0xf7,
    0x89, 0xd3, 0x89, 0xd3, 0x89, 0xd3, 0x89, 0xd3, 0x4b, 0x42, 0x4b, 0x42, 0x4b, 0x42, 0x4b, 0x42,
    0x4b, 0x42, 0x4b, 0x42, 0x4b, 0x42, 0x4b, 0x42, 0x4b, 0x42, 0x4b, 0x42, 0x4b, 0x42, 0x4b, 0x42,
    0xc7, 0x10, 0xc7, 0x10, 0xc7, 0x10, 0xc7, 0x10, 0x7b, 0xf7, 0x7b, 0xf7, 0xc7, 0x10, 0xc7, 0x10,
    0xc6, 0x10, 0xc6, 0x10, 0x7b, 0xf7, 0x7b, 0xf7, 0xc6, 0x10, 0xc6, 0x10, 0xc6, 0x10, 0xc6, 0x10,
    0xc6, 0x10, 0xc6, 0x10, 0xc6, 0x10, 0xc6, 0x10, 0xcd, 0x4a, 0xcd, 0x4a, 0xef, 0xfe, 0xef, 0xfe,
    0xef, 0xfe, 0xef, 0xfe, 0xcd, 0x4a, 0xcd, 0x4a, 0xef, 0xfe, 0xef, 0xfe, 0xef, 0xfe, 0xef, 0xfe,
    0x89, 0xd3, 0x89, 0xd3, 0x89, 0xd3, 0x89, 0xd3, 0x89, 0xd3, 0x89, 0xd3, 0x89, 0xd3, 0x89, 0xd3,
    0x89, 0xd3, 0x89, 0xd3, 0x89, 0xd3, 0x89, 0xd3, 0x89, 0xd3, 0x89, 0xd3, 0x89, 0xd3, 0x89, 0xd3,
    0x89, 0xd3, 0x89, 0xd3, 0x89, 0xd3, 0x89, 0xd3, 0x4b, 0x42, 0x4b, 0x42, 0x4b, 0x42, 0x4b, 0x42,
    0x4b, 0x42, 0x4b, 0x42, 0x4b, 0x42, 0x4b, 0x42, 0x4b, 0x42, 0x4b, 0x42, 0x4b, 0x42, 0x4b, 0x42,
    0xc6, 0x10, 0xc6, 0x10, 0xc6, 0x10, 0xc6, 0x10, 0x7b, 0xf7, 0x7b, 0xf7, 0xc6, 0x10, 0xc6, 0x10,
    0xc6, 0x10, 0xc6, 0x10, 0x7b, 0xf7, 0x7b, 0xf7, 0xc6, 0x10, 0xc6, 0x10, 0xc6, 0x10, 0xc6, 0x10,
    0xc6, 0x10, 0xc6, 0x10, 0xc6, 0x10, 0xc6, 0x10, 0xcd, 0x4a, 0xcd, 0x4a, 0xef, 0xfe, 0xef, 0xfe,
    0xef, 0xfe, 0xef, 0xfe, 0xcd, 0x4a, 0xcd, 0x4a, 0xef, 0xfe, 0xef, 0xfe, 0xef, 0xfe, 0xef, 0xfe,
    0x89, 0xd3, 0x89, 0xd3, 0x89, 0xd3, 0x89, 0xd3, 0x89, 0xd3, 0x89, 0xd3, 0x89, 0xd3, 0x89, 0xd3,
    0x89, 0xd3, 0x89, 0xd3, 0x89, 0xd3, 0x89, 0xd3, 0x89, 0xd3, 0x89, 0xd3, 0x89, 0xd3, 0x89, 0xd3,
    0x89, 0xd3, 0x89, 0xd3, 0x89, 0xd3, 0x89, 0xd3, 0x4b, 0x42, 0x4b, 0x42, 0x4b, 0x42, 0x4b, 0x42,
    0x4b, 0x42, 0x4b, 0x42, 0x4b, 0x42, 0x4b, 0x42, 0x4b, 0x42, 0x4b, 0x42, 0x4b, 0x42, 0x4b, 0x42,
    0xc6, 0x10, 0xc6, 0x10, 0xc6, 0x10, 0xc6, 0x10, 0x7b, 0xf7, 0x7b, 0xf7, 0xc6, 0x10, 0xc6, 0x10,
    0xa6, 0x10, 0xa6, 0x10, 0x7b, 0xf7, 0x7b, 0xf7, 0xa6, 0x10, 0xa6, 0x10, 0xa6, 0x10, 0xa6, 0x10,
    0xa6, 0x10, 0xa6, 0x10, 0xa6, 0x10, 0xa6, 0x10, 0xcd, 0x4a, 0xcd, 0x4a, 0xef, 0xfe, 0xef, 0xfe,
    0xef, 0xfe, 0xef, 0xfe, 0xcd, 0x4a, 0xcd, 0x4a, 0xef, 0xfe, 0xef, 0xfe, 0xef, 0xfe, 0xef, 0xfe,
    0x89, 0xd3, 0x89, 0xd3, 0x89, 0xd3, 0x89, 0xd3, 0xa2, 0x10, 0xa2, 0x10, 0x89, 0xd3, 0x89, 0xd3,
    0x89, 0xd3, 0x89, 0xd3, 0x89, 0xd3, 0x89, 0xd3, 0x89, 0xd3, 0x89, 0xd3, 0xa2, 0x10, 0xa2, 0x10,
    0x89, 0xd3, 0x89, 0xd3, 0x89, 0xd3, 0x89, 0xd3, 0x4b, 0x42, 0x4b, 0x42, 0x4b, 0x42, 0x4b, 0x42,
    0x4b, 0x42, 0x4b, 0x42, 0x4b, 0x42, 0x4b, 0x42, 0x4b, 0x42, 0x4b, 0x42, 0x4b, 0x42, 0x4b, 0x42,
    0xa6, 0x10, 0xa6, 0x10, 0xa6, 0x10, 0xa6, 0x10, 0x7b, 0xf7, 0x7b, 0xf7, 0xa6, 0x10, 0xa6, 0x10,
    0xa6, 0x10, 0xa6, 0x10, 0x7b, 0xf7, 0x7b, 0xf7, 0xa6, 0x10, 0xa6, 0x10, 0xa6, 0x10, 0xa6, 0x10,
    0xa6, 0x10, 0xa6, 0x10, 0xa6, 0x10, 0xa6, 0x10, 0xcd, 0x4a, 0xcd, 0x4a, 0xef, 0xfe, 0xef, 0xfe,
    0xef, 0xfe, 0xef, 0xfe, 0xcd, 0x4a, 0xcd, 0x4a, 0xef, 0xfe, 0xef, 0xfe, 0xef, 0xfe, 0xef, 0xfe,
    0x89, 0xd3, 0x89, 0xd3, 0x89, 0xd3, 0x89, 0xd3, 0xa2, 0x10, 0xa2, 0x10, 0x89, 0xd3, 0x89, 0xd3,
    0x89, 0xd3, 0x89, 0xd3, 0x89, 0xd3, 0x89, 0xd3, 0x89, 0xd3, 0x89, 0xd3, 0xa2, 0x10, 0xa2, 0x10,
    0x89, 0xd3, 0x89, 0xd3, 0x89, 0xd3, 0x89, 0xd3, 0x4b, 0x42, 0x4b, 0x42, 0x4b, 0x42, 0x4b, 0x42,
    0x4b, 0x42, 0x4b, 0x42, 0x4b, 0x42, 0x4b, 0x42, 0x4b, 0x42, 0x4b, 0x42, 0x4b, 0x42, 0x4b, 0x42,
    0xa6, 0x10, 0xa6, 0x10, 0xa6, 0x10, 0xa6, 0x10, 0x7b, 0xf7, 0x7b, 0xf7, 0xa6, 0x10, 0xa6, 0x10,
    0xa6, 0x10, 0xa6, 0x10, 0x7b, 0xf7, 0x7b, 0xf7, 0xa6, 0x10, 0xa6, 0x10, 0xa6, 0x10, 0xa6, 0x10,
    0xa6, 0x10, 0xa6, 0x10, 0xa6, 0x10, 0xa6, 0x10, 0xcd, 0x4a, 0xcd, 0x4a, 0xcd, 0x4a, 0xcd, 0x4a,
    0xcd, 0x4a, 0xcd, 0x4a, 0xcd, 0x4a, 0xcd, 0x4a, 0xcd, 0x4a, 0xcd, 0x4a, 0xcd, 0x4a, 0xcd, 0x4a,
    0x89, 0xd3, 0x89, 0xd3, 0x89, 0xd3, 0x89, 0xd3, 0x89, 0xd3, 0x89, 0xd3, 0x5a, 0xf7, 0x5a, 0xf7,
    0x5a, 0xf7, 0x5a, 0xf7, 0x5a, 0xf7, 0x5a, 0xf7, 0x5a, 0xf7, 0x5a, 0xf7, 0x89, 0xd3, 0x89, 0xd3,
    0x89, 0xd3, 0x89, 0xd3, 0x89, 0xd3, 0x89, 0xd3, 0x4b, 0x42, 0x4b, 0x42, 0x4b, 0x42, 0x4b, 0x42,
    0x4b, 0x42, 0x4b, 0x42, 0x4b, 0x42, 0x4b, 0x42, 0x4b, 0x42, 0x4b, 0x42, 0x4b, 0x42, 0x4b, 0x42,
    0xa6, 0x10, 0xa6, 0x10, 0xa6, 0x10, 0xa6, 0x10, 0x7b, 0xf7, 0x7b, 0xf7, 0xa6, 0x10, 0xa6, 0x10,
    0xa6, 0x10, 0xa6, 0x10, 0x7b, 0xf7, 0x7b, 0xf7, 0xa6, 0x10, 0xa6, 0x10, 0xa6, 0x10, 0xa6, 0x10,
    0xa6, 0x10, 0xa6, 0x10, 0xa6, 0x10, 0xa6, 0x10, 0xcd, 0x4a, 0xcd, 0x4a, 0xcd, 0x4a, 0xcd, 0x4a,
    0xcd, 0x4a, 0xcd, 0x4a, 0xcd, 0x4a, 0xcd, 0x4a, 0xcd, 0x4a, 0xcd, 0x4a, 0xcd, 0x4a, 0xcd, 0x4a,
    0x89, 0xd3, 0x89, 0xd3, 0x89, 0xd3, 0x89, 0xd3, 0x89, 0xd3, 0x89, 0xd3, 0x5a, 0xf7, 0x5a, 0xf7,
    0x5a, 0xf7, 0x5a, 0xf7, 0x5a, 0xf7, 0x5a, 0xf7, 0x5a, 0xf7, 0x5a, 0xf7, 0x89, 0xd3, 0x89, 0xd3,
    0x89, 0xd3, 0x89, 0xd3, 0x89, 0xd3, 0x89, 0xd3, 0x4b, 0x42, 0x4b, 0x42, 0x4b, 0x42, 0x4b, 0x42,
    0x4b, 0x42, 0x4b, 0x42, 0x4b, 0x42, 0x4b, 0x42, 0x4b, 0x42, 0x4b, 0x42, 0x4b, 0x42, 0x4b, 0x42,
    0xa6, 0x10, 0xa6, 0x10, 0xa6, 0x10, 0xa6, 0x10, 0x7b, 0xf7, 0x7b, 0xf7, 0xa6, 0x10, 0xa6, 0x10,
    0x88, 0x29, 0x88, 0x29, 0x7b, 0xf7, 0x7b, 0xf7, 0x88, 0x29, 0x88, 0x29, 0x88, 0x29, 0x88, 0x29,
    0x88, 0x29, 0x88, 0x29, 0x88, 0x29, 0x88, 0x29, 0xcd, 0x4a, 0xcd, 0x4a, 0xcd, 0x4a, 0xcd, 0x4a,
    0xcd, 0x4a, 0xcd, 0x4a, 0xcd, 0x4a, 0xcd, 0x4a, 0xcd, 0x4a, 0xcd, 0x4a, 0xcd, 0x4a, 0xcd, 0x4a,
    0x89, 0xd3, 0x89, 0xd3, 0x89, 0xd3, 0x89, 0xd3, 0x89, 0xd3, 0x89, 0xd3, 0x5a, 0xf7, 0x5a, 0xf7,
    0x45, 0x29, 0x45, 0x29, 0x5a, 0xf7, 0x5a, 0xf7, 0x5a, 0xf7, 0x5a, 0xf7, 0x89, 0xd3, 0x89, 0xd3,
    0x89, 0xd3, 0x89, 0xd3, 0x89, 0xd3, 0x89, 0xd3, 0x4b, 0x42, 0x4b, 0x42, 0x4b, 0x42, 0x4b, 0x42,
    0x4b, 0x42, 0x4b, 0x42, 0x4b, 0x42, 0x4b, 0x42, 0x4b, 0x42, 0x4b, 0x42, 0x4b, 0x42, 0x4b, 0x42,
    0x88, 0x29, 0x88, 0x29, 0x88, 0x29, 0x88, 0x29, 0x7b, 0xf7, 0x7b, 0xf7, 0x88, 0x29, 0x88, 0x29,
    0x88, 0x29, 0x88, 0x29, 0x7b, 0xf7, 0x7b, 0xf7, 0x88, 0x29, 0x88, 0x29, 0x88, 0x29, 0x88, 0x29,
    0x88, 0x29, 0x88, 0x29, 0x88, 0x29, 0x88, 0x29, 0xcd, 0x4a, 0xcd, 0x4a, 0xcd, 0x4a, 0xcd, 0x4a,
    0xcd, 0x4a, 0xcd, 0x4a, 0xcd, 0x4a, 0xcd, 0x4a, 0xcd, 0x4a, 0xcd, 0x4a, 0xcd, 0x4a, 0xcd, 0x4a,
    0x89, 0xd3, 0x89, 0xd3, 0x89, 0xd3, 0x89, 0xd3, 0x89, 0xd3, 0x89, 0xd3, 0x5a, 0xf7, 0x5a, 0xf7,
    0x45, 0x29, 0x45, 0x29, 0x5a, 0xf7, 0x5a, 0xf7, 0x5a, 0xf7, 0x5a, 0xf7, 0x89, 0xd3, 0x89, 0xd3,
    0x89, 0xd3, 0x89, 0xd3, 0x89, 0xd3, 0x89, 0xd3, 0x4b, 0x42, 0x4b, 0x42, 0x4b, 0x42, 0x4b, 0x42,
    0x4b, 0x42, 0x4b, 0x42, 0x4b, 0x42, 0x4b, 0x42, 0x4b, 0x42, 0x4b, 0x42, 0x4b, 0x42, 0x4b, 0x42,
    0x88, 0x29, 0x88, 0x29, 0x88, 0x29, 0x88, 0x29, 0x7b, 0xf7, 0x7b, 0xf7, 0x88, 0x29, 0x88, 0x29,
    0x88, 0x29, 0x88, 0x29, 0x7b, 0xf7, 0x7b, 0xf7, 0x88, 0x29, 0x88, 0x29, 0x88, 0x29, 0x88, 0x29,
    0x88, 0x29, 0x88, 0x29, 0x88, 0x29, 0x88, 0x29, 0xcd, 0x4a, 0xcd, 0x4a, 0xcd, 0x4a, 0xcd, 0x4a,
    0xcd, 0x4a, 0xcd, 0x4a, 0xcd, 0x4a, 0xcd, 0x4a, 0xcd, 0x4a, 0xcd, 0x4a, 0xcd, 0x4a, 0xcd, 0x4a,
    0x89, 0xd3, 0x89, 0xd3, 0x89, 0xd3, 0x89, 0xd3, 0x89, 0xd3, 0x89, 0xd3, 0x5a, 0xf7, 0x5a, 0xf7,
    0x5a, 0xf7, 0x5a, 0xf7, 0x5a, 0xf7, 0x5a, 0xf7, 0x5a, 0xf7, 0x5a, 0xf7, 0x89, 0xd3, 0x89, 0xd3,
    0x89, 0xd3, 0x89, 0xd3, 0x89, 0xd3, 0x89, 0xd3, 0x89, 0xd3, 0x89, 0xd3, 0x89, 0xd3, 0x89, 0xd3,
    0x4b, 0x42, 0x4b, 0x42, 0x4b, 0x42, 0x4b, 0x42, 0x4b, 0x42, 0x4b, 0x42, 0x4b, 0x42, 0x4b, 0x42,
    0x88, 0x29, 0x88, 0x29, 0x88, 0x29, 0x88, 0x29, 0x7b, 0xf7, 0x7b, 0xf7, 0x88, 0x29, 0x88, 0x29,
    0x88, 0x29, 0x88, 0x29, 0x7b, 0xf7, 0x7b, 0xf7, 0x88, 0x29, 0x88, 0x29, 0x88, 0x29, 0x88, 0x29,
    0x88, 0x29, 0x88, 0x29, 0x88, 0x29, 0x88, 0x29, 0xcd, 0x4a, 0xcd, 0x4a, 0xcd, 0x4a, 0xcd, 0x4a,
    0xcd, 0x4a, 0xcd, 0x4a, 0xcd, 0x4a, 0xcd, 0x4a, 0xcd, 0x4a, 0xcd, 0x4a, 0xcd, 0x4a, 0xcd, 0x4a,
    0x89, 0xd3, 0x89, 0xd3, 0x89, 0xd3, 0x89, 0xd3, 0x89, 0xd3, 0x89, 0xd3, 0x5a, 0xf7, 0x5a, 0xf7,
    0x5a, 0xf7, 0x5a, 0xf7, 0x5a, 0xf7, 0x5a, 0xf7, 0x5a, 0xf7, 0x5a, 0xf7, 0x89, 0xd3, 0x89, 0xd3,
    0x89, 0xd3, 0x89, 0xd3, 0x89, 0xd3, 0x89, 0xd3, 0x89, 0xd3, 0x89, 0xd3, 0x89, 0xd3, 0x89, 0xd3,
    0x4b, 0x42, 0x4b, 0x42, 0x4b, 0x42, 0x4b, 0x42, 0x4b, 0x42, 0x4b, 0x42, 0x4b, 0x42, 0x4b, 0x42,
    0x88, 0x29, 0x88, 0x29, 0x88, 0x29, 0x88, 0x29, 0x7b, 0xf7, 0x7b, 0xf7, 0x88, 0x29, 0x88, 0x29,
    0x88, 0x29, 0x88, 0x29, 0x7b, 0xf7, 0x7b, 0xf7, 0x88, 0x29, 0x88, 0x29, 0x88, 0x29, 0x88, 0x29,
    0x88, 0x29, 0x88, 0x29, 0x88, 0x29, 0x88, 0x29, 0xcd, 0x4a, 0xcd, 0x4a, 0xcd, 0x4a, 0xcd, 0x4a,
    0xcd, 0x4a, 0xcd, 0x4a, 0xcd, 0x4a, 0xcd, 0x4a, 0xcd, 0x4a, 0xcd, 0x4a, 0xcd, 0x4a, 0xcd, 0x4a,
    0x89, 0xd3, 0x89, 0xd3, 0x89, 0xd3, 0x89, 0xd3, 0x89, 0xd3, 0x89, 0xd3, 0x5a, 0xf7, 0x5a, 0xf7,
    0x5a, 0xf7, 0x5a, 0xf7, 0x5a, 0xf7, 0x5a, 0xf7, 0x5a, 0xf7, 0x5a, 0xf7, 0x89, 0xd3, 0x89, 0xd3,
    0x89, 0xd3, 0x89, 0xd3, 0x89, 0xd3, 0x89, 0xd3, 0x89, 0xd3, 0x89, 0xd3, 0x89, 0xd3, 0x89, 0xd3,
    0x4b, 0x42, 0x4b, 0x42, 0x4b, 0x42, 0x4b, 0x42, 0x4b, 0x42, 0x4b, 0x42, 0x4b, 0x42, 0x4b, 0x42,
    0x88, 0x29, 0x88, 0x29, 0x88, 0x29, 0x88, 0x29, 0x7b, 0xf7, 0x7b, 0xf7, 0x88, 0x29, 0x88, 0x29,
    0x88, 0x29, 0x88, 0x29, 0x7b, 0xf7, 0x7b, 0xf7, 0x88, 0x29, 0x88, 0x29, 0x88, 0x29, 0x88, 0x29,
    0x88, 0x29, 0x88, 0x29, 0x88, 0x29, 0x88, 0x29, 0xcd, 0x4a, 0xcd, 0x4a, 0xcd, 0x4a, 0xcd, 0x4a,
    0xcd, 0x4a, 0xcd, 0x4a, 0xcd, 0x4a, 0xcd, 0x4a, 0xcd, 0x4a, 0xcd, 0x4a, 0xcd, 0x4a, 0xcd, 0x4a,
    0x89, 0xd3, 0x89, 0xd3, 0x89, 0xd3, 0x89, 0xd3, 0x89, 0xd3, 0x89, 0xd3, 0x5a, 0xf7, 0x5a, 0xf7,
    0x5a, 0xf7, 0x5a, 0xf7, 0x5a, 0xf7, 0x5a, 0xf7, 0x5a, 0xf7, 0x5a, 0xf7, 0x89, 0xd3, 0x89, 0xd3,
    0x89, 0xd3, 0x89, 0xd3, 0x89, 0xd3, 0x89, 0xd3, 0x89, 0xd3, 0x89, 0xd3, 0x89, 0xd3, 0x89, 0xd3,
    0x4b, 0x42, 0x4b, 0x42, 0x4b, 0x42, 0x4b, 0x42, 0x4b, 0x42, 0x4b, 0x42, 0x4b, 0x42, 0x4b, 0x42,
    0x88, 0x29, 0x88, 0x29, 0x88, 0x29, 0x88, 0x29, 0x7b, 0xf7, 0x7b, 0xf7, 0x88, 0x29, 0x88, 0x29,
    0x88, 0x29, 0x88, 0x29, 0x7b, 0xf7, 0x7b, 0xf7, 0x88, 0x29, 0x88, 0x29, 0x88, 0x29, 0x88, 0x29,
    0x88, 0x29, 0x88, 0x29, 0x88, 0x29, 0x88, 0x29, 0xcd, 0x4a, 0xcd, 0x4a, 0xcd, 0x4a, 0xcd, 0x4a,
    0xcd, 0x4a, 0xcd, 0x4a, 0xcd, 0x4a, 0xcd, 0x4a, 0xcd, 0x4a, 0xcd, 0x4a, 0xcd, 0x4a, 0xcd, 0x4a,
    0x89, 0xd3, 0x89, 0xd3, 0x89, 0xd3, 0x89, 0xd3, 0x89, 0xd3, 0x89, 0xd3, 0x89, 0xd3, 0x89, 0xd3,
    0x89, 0xd3, 0x89, 0xd3, 0x89, 0xd3, 0x89, 0xd3, 0x89, 0xd3, 0x89, 0xd3, 0x89, 0xd3, 0x89, 0xd3,
    0x89, 0xd3, 0x89, 0xd3, 0x89, 0xd3, 0x89, 0xd3, 0x89, 0xd3, 0x89, 0xd3, 0x89, 0xd3, 0x89, 0xd3,
    0x4b, 0x42, 0x4b, 0x42, 0x4b, 0x42, 0x4b, 0x42, 0x4b, 0x42, 0x4b, 0x42, 0x4b, 0x42, 0x4b, 0x42,
    0x88, 0x29, 0x88, 0x29, 0x88, 0x29, 0x88, 0x29, 0x7b, 0xf7, 0x7b, 0xf7, 0x88, 0x29, 0x88, 0x29,
    0x88, 0x29, 0x88, 0x29, 0x7b, 0xf7, 0x7b, 0xf7, 0x88, 0x29, 0x88, 0x29, 0x88, 0x29, 0x88, 0x29,
    0x88, 0x29, 0x88, 0x29, 0x88, 0x29, 0x88, 0x29, 0xcd, 0x4a, 0xcd, 0x4a, 0xcd, 0x4a, 0xcd, 0x4a,
    0xcd, 0x4a, 0xcd, 0x4a, 0xcd, 0x4a, 0xcd, 0x4a, 0xcd, 0x4a, 0xcd, 0x4a, 0xcd, 0x4a, 0xcd, 0x4a,
    0x89, 0xd3, 0x89, 0xd3, 0x89, 0xd3, 0x89, 0xd3, 0x89, 0xd3, 0x89, 0xd3, 0x89, 0xd3, 0x89, 0xd3,
    0x89, 0xd3, 0x89, 0xd3, 0x89, 0xd3, 0x89, 0xd3, 0x89, 0xd3, 0x89, 0xd3, 0x89, 0xd3, 0x89, 0xd3,
    0x89, 0xd3, 0x89, 0xd3, 0x89, 0xd3, 0x89, 0xd3, 0x89, 0xd3, 0x89, 0xd3, 0x89, 0xd3, 0x89, 0xd3,
    0x4b, 0x42, 0x4b, 0x42, 0x4b, 0x42, 0x4b, 0x42, 0x4b, 0x42, 0x4b, 0x42, 0x4b, 0x42, 0x4b, 0x42,
    0x88, 0x29, 0x88, 0x29, 0x88, 0x29, 0x88, 0x29, 0x7b, 0xf7, 0x7b, 0xf7, 0x88, 0x29, 0x88, 0x29,
    0x88, 0x29, 0x88, 0x29, 0x7b, 0xf7, 0x7b, 0xf7, 0x88, 0x29, 0x88, 0x29, 0x88, 0x29, 0x88, 0x29,
    0x88, 0x29, 0x88, 0x29, 0x88, 0x29, 0x88, 0x29, 0x88, 0x29, 0x88, 0x29, 0x88, 0x29, 0x88, 0x29,
    0x88, 0x29, 0x88, 0x29, 0x88, 0x29, 0x88, 0x29, 0x88, 0x29, 0x88, 0x29, 0x88, 0x29, 0x88, 0x29,
    0x88, 0x29, 0x88, 0x29, 0x89, 0xd3, 0x89, 0xd3, 0x89, 0xd3, 0x89, 0xd3, 0x89, 0xd3, 0x89, 0xd3,
    0x89, 0xd3, 0x89, 0xd3, 0x89, 0xd3, 0x89, 0xd3, 0x89, 0xd3, 0x89, 0xd3, 0x89, 0xd3, 0x89, 0xd3,
    0x89, 0xd3, 0x89, 0xd3, 0x89, 0xd3, 0x89, 0xd3, 0x89, 0xd3, 0x89, 0xd3, 0x88, 0x29, 0x88, 0x29,
    0x88, 0x29, 0x88, 0x29, 0x88, 0x29, 0x88, 0x29, 0x88, 0x29, 0x88, 0x29, 0x88, 0x29, 0x88, 0x29,
    0x88, 0x29, 0x88, 0x29, 0x88, 0x29, 0x88, 0x29, 0x7b, 0xf7, 0x7b, 0xf7, 0x88, 0x29, 0x88, 0x29,
    0x88, 0x29, 0x88, 0x29, 0x7b, 0xf7, 0x7b, 0xf7, 0x88, 0x29, 0x88, 0x29, 0x88, 0x29, 0x88, 0x29,
    0x88, 0x29, 0x88, 0x29, 0x88, 0x29, 0x88, 0x29, 0x88, 0x29, 0x88, 0x29, 0x88, 0x29, 0x88, 0x29,
    0x88, 0x29, 0x88, 0x29, 0x88, 0x29, 0x88, 0x29, 0x88, 0x29, 0x88, 0x29, 0x88, 0x29, 0x88, 0x29,
    0x88, 0x29, 0x88, 0x29, 0x89, 0xd3, 0x89, 0xd3, 0x89, 0xd3, 0x89, 0xd3, 0x89, 0xd3, 0x89, 0xd3,
    0x89, 0xd3, 0x89, 0xd3, 0x89, 0xd3, 0x89, 0xd3, 0x89, 0xd3, 0x89, 0xd3, 0x89, 0xd3, 0x89, 0xd3,
    0x89, 0xd3, 0x89, 0xd3, 0x89, 0xd3, 0x89, 0xd3, 0x89, 0xd3, 0x89, 0xd3, 0x88, 0x29, 0x88, 0x29,
    0x88, 0x29, 0x88, 0x29, 0x88, 0x29, 0x88, 0x29, 0x88, 0x29, 0x88, 0x29, 0x88, 0x29, 0x88, 0x29,
    0x88, 0x29, 0x88, 0x29, 0x88, 0x29, 0x88, 0x29, 0x7b, 0xf7, 0x7b, 0xf7, 0x88, 0x29, 0x88, 0x29,
    0x88, 0x29, 0x88, 0x29, 0x7b, 0xf7, 0x7b, 0xf7, 0x88, 0x29, 0x88, 0x29, 0x88, 0x29, 0x88, 0x29,
    0x88, 0x29, 0x88, 0x29, 0x88, 0x29, 0x88, 0x29, 0x88, 0x29, 0x88, 0x29, 0x88, 0x29, 0x88, 0x29,
    0x88, 0x29, 0x88, 0x29, 0x88, 0x29, 0x88, 0x29, 0x88, 0x29, 0x88, 0x29, 0x88, 0x29, 0x88, 0x29,
    0x88, 0x29, 0x88, 0x29, 0x89, 0xd3, 0x89, 0xd3, 0x89, 0xd3, 0x89, 0xd3, 0x89, 0xd3, 0x89, 0xd3,
    0x89, 0xd3, 0x89, 0xd3, 0x89, 0xd3, 0x89, 0xd3, 0x89, 0xd3, 0x89, 0xd3, 0x89, 0xd3, 0x89, 0xd3,
    0x89, 0xd3, 0x89, 0xd3, 0x89, 0xd3, 0x89, 0xd3, 0x89, 0xd3, 0x89, 0xd3, 0x88, 0x29, 0x88, 0x29,
    0x88, 0x29, 0x88, 0x29, 0x88, 0x29, 0x88, 0x29, 0x88, 0x29, 0x88, 0x29, 0x88, 0x29, 0x88, 0x29,
    0x88, 0x29, 0x88, 0x29, 0x88, 0x29, 0x88, 0x29, 0x7b, 0xf7, 0x7b, 0xf7, 0x88, 0x29, 0x88, 0x29,
    0x88, 0x29, 0x88, 0x29, 0x7b, 0xf7, 0x7b, 0xf7, 0x88, 0x29, 0x88, 0x29, 0x88, 0x29, 0x88, 0x29,
    0x88, 0x29, 0x88, 0x29, 0x88, 0x29, 0x88, 0x29, 0x88, 0x29, 0x88, 0x29, 0x88, 0x29, 0x88, 0x29,
    0x88, 0x29, 0x88, 0x29, 0x88, 0x29, 0x88, 0x29, 0x88, 0x29, 0x88, 0x29, 0x88, 0x29, 0x88, 0x29,
    0x88, 0x29, 0x88, 0x29, 0x89, 0xd3, 0x89, 0xd3, 0x89, 0xd3, 0x89, 0xd3, 0x89, 0xd3, 0x89, 0xd3,
    0x89, 0xd3, 0x89, 0xd3, 0x89, 0xd3, 0x89, 0xd3, 0x89, 0xd3, 0x89, 0xd3, 0x89, 0xd3, 0x89, 0xd3,
    0x89, 0xd3, 0x89, 0xd3, 0x89, 0xd3, 0x89, 0xd3, 0x89, 0xd3, 0x89, 0xd3, 0x88, 0x29, 0x88, 0x29,
    0x88, 0x29, 0x88, 0x29, 0x88, 0x29, 0x88, 0x29, 0x88, 0x29, 0x88, 0x29, 0x88, 0x29, 0x88, 0x29,
    0x88, 0x29, 0x88, 0x29, 0x88, 0x29, 0x88, 0x29, 0x7b, 0xf7, 0x7b, 0xf7, 0x88, 0x29, 0x88, 0x29,
    0x88, 0x29, 0x88, 0x29, 0x7b, 0xf7, 0x7b, 0xf7, 0x88, 0x29, 0x88, 0x29, 0x88, 0x29, 0x88, 0x29,
    0x88, 0x29, 0x88, 0x29, 0x88, 0x29, 0x88, 0x29, 0x88, 0x29, 0x88, 0x29, 0x88, 0x29, 0x88, 0x29,
    0x88, 0x29, 0x88, 0x29, 0x88, 0x29, 0x88, 0x29, 0x88, 0x29, 0x88, 0x29, 0x88, 0x29, 0x88, 0x29,
    0x88, 0x29, 0x88, 0x29, 0x89, 0xd3, 0x89, 0xd3, 0x89, 0xd3, 0x89, 0xd3, 0x89, 0xd3, 0x89, 0xd3,
    0x89, 0xd3, 0x89, 0xd3, 0x89, 0xd3, 0x89, 0xd3, 0x89, 0xd3, 0x89, 0xd3, 0x89, 0xd3, 0x89, 0xd3,
    0x89, 0xd3, 0x89, 0xd3, 0x89, 0xd3, 0x89, 0xd3, 0x89, 0xd3, 0x89, 0xd3, 0x88, 0x29, 0x88, 0x29,
    0x88, 0x29, 0x88, 0x29, 0x88, 0x29, 0x88, 0x29, 0x88, 0x29, 0x88, 0x29, 0x88, 0x29, 0x88, 0x29,
    0x88, 0x29, 0x88, 0x29, 0x88, 0x29, 0x88, 0x29, 0x7b, 0xf7, 0x7b, 0xf7, 0x88, 0x29, 0x88, 0x29,
    0x88, 0x29, 0x88, 0x29, 0x7b, 0xf7, 0x7b, 0xf7, 0x88, 0x29, 0x88, 0x29, 0x88, 0x29, 0x88, 0x29,
    0x88, 0x29, 0x88, 0x29, 0x88, 0x29, 0x88, 0x29, 0x88, 0x29, 0x88, 0x29, 0x88, 0x29, 0x88, 0x29,
    0x88, 0x29, 0x88, 0x29, 0x88, 0x29, 0x88, 0x29, 0x88, 0x29, 0x88, 0x29, 0x88, 0x29, 0x88, 0x29,
    0x88, 0x29, 0x88, 0x29, 0x89, 0xd3, 0x89, 0xd3, 0x89, 0xd3, 0x89, 0xd3, 0x89, 0xd3, 0x89, 0xd3,
    0x89, 0xd3, 0x89, 0xd3, 0x89, 0xd3, 0x89, 0xd3, 0x89, 0xd3, 0x89, 0xd3, 0x89, 0xd3, 0x89, 0xd3,
    0x89, 0xd3, 0x89, 0xd3, 0x89, 0xd3, 0x89, 0xd3, 0x89, 0xd3, 0x89, 0xd3, 0x88, 0x29, 0x88, 0x29,
    0x88, 0x29, 0x88, 0x29, 0x88, 0x29, 0x88, 0x29, 0x88, 0x29, 0x88, 0x29, 0x88, 0x29, 0x88, 0x29,
    0x88, 0x29, 0x88, 0x29, 0x88, 0x29, 0x88, 0x29, 0x7b, 0xf7, 0x7b, 0xf7, 0x88, 0x29, 0x88, 0x29,
    0x88, 0x29, 0x88, 0x29, 0x7b, 0xf7, 0x7b, 0xf7, 0x7b, 0xf7, 0x7b, 0xf7, 0x7b, 0xf7, 0x7b, 0xf7,
    0x7b, 0xf7, 0x7b, 0xf7, 0x7b, 0xf7, 0x7b, 0xf7, 0x7b, 0xf7, 0x7b, 0xf7, 0x7b, 0xf7, 0x7b, 0xf7,
    0x7b, 0xf7, 0x7b, 0xf7, 0x7b, 0xf7, 0x7b, 0xf7, 0x7b, 0xf7, 0x7b, 0xf7, 0x7b, 0xf7, 0x7b, 0xf7,
    0x7b, 0xf7, 0x7b, 0xf7, 0x7b, 0xf7, 0x7b, 0xf7, 0x7b, 0xf7, 0x7b, 0xf7, 0x7b, 0xf7, 0x7b, 0xf7,
    0x7b, 0xf7, 0x7b, 0xf7, 0x7b, 0xf7, 0x7b, 0xf7, 0x7b, 0xf7, 0x7b, 0xf7, 0x7b, 0xf7, 0x7b, 0xf7,
    0x7b, 0xf7, 0x7b, 0xf7, 0x7b, 0xf7, 0x7b, 0xf7, 0x7b, 0xf7, 0x7b, 0xf7, 0x7b, 0xf7, 0x7b, 0xf7,
    0x7b, 0xf7, 0x7b, 0xf7, 0x7b, 0xf7, 0x7b, 0xf7, 0x7b, 0xf7, 0x7b, 0xf7, 0x7b, 0xf7, 0x7b, 0xf7,
    0x7b, 0xf7, 0x7b, 0xf7, 0x7b, 0xf7, 0x7b, 0xf7, 0x7b, 0xf7, 0x7b, 0xf7, 0x88, 0x29, 0x88, 0x29,
    0x88, 0x29, 0x88, 0x29, 0x7b, 0xf7, 0x7b, 0xf7, 0x7b, 0xf7, 0x7b, 0xf7, 0x7b, 0xf7, 0x7b, 0xf7,
    0x7b, 0xf7, 0x7b, 0xf7, 0x7b, 0xf7, 0x7b, 0xf7, 0x7b, 0xf7, 0x7b, 0xf7, 0x7b, 0xf7, 0x7b, 0xf7,
    0x7b, 0xf7, 0x7b, 0xf7, 0x7b, 0xf7, 0x7b, 0xf7, 0x7b, 0xf7, 0x7b, 0xf7, 0x7b, 0xf7, 0x7b, 0xf7,
    0x7b, 0xf7, 0x7b, 0xf7, 0x7b, 0xf7, 0x7b, 0xf7, 0x7b, 0xf7, 0x7b, 0xf7, 0x7b, 0xf7, 0x7b, 0xf7,
    0x7b, 0xf7, 0x7b, 0xf7, 0x7b, 0xf7, 0x7b, 0xf7, 0x7b, 0xf7, 0x7b, 0xf7, 0x7b, 0xf7, 0x7b, 0xf7,
    0x7b, 0xf7, 0x7b, 0xf7, 0x7b, 0xf7, 0x7b, 0xf7, 0x7b, 0xf7, 0x7b, 0xf7, 0x7b, 0xf7, 0x7b, 0xf7,
    0x7b, 0xf7, 0x7b, 0xf7, 0x7b, 0xf7, 0x7b, 0xf7, 0x7b, 0xf7, 0x7b, 0xf7, 0x7b, 0xf7, 0x7b, 0xf7,
    0x7b, 0xf7, 0x7b, 0xf7, 0x7b, 0xf7, 0x7b, 0xf7, 0x7b, 0xf7, 0x7b, 0xf7, 0x88, 0x29, 0x88, 0x29,
    0x88, 0x29, 0x88, 0x29, 0x88, 0x29, 0x88, 0x29, 0x88, 0x29, 0x88, 0x29, 0x88, 0x29, 0x88, 0x29,
    0x88, 0x29, 0x88, 0x29, 0x88, 0x29, 0x88, 0x29, 0x88, 0x29, 0x88, 0x29, 0x88, 0x29, 0x88, 0x29,
    0x88, 0x29, 0x88, 0x29, 0x88, 0x29, 0x88, 0x29, 0x88, 0x29, 0x88, 0x29, 0x88, 0x29, 0x88, 0x29,
    0x88, 0x29, 0x88, 0x29, 0x89, 0xd3, 0x89, 0xd3, 0x5a, 0xf7, 0x5a, 0xf7, 0x5a, 0xf7, 0x5a, 0xf7,
    0x89, 0xd3, 0x89, 0xd3, 0x89, 0xd3, 0x89, 0xd3, 0x5a, 0xf7, 0x5a, 0xf7, 0x5a, 0xf7, 0x5a, 0xf7,
    0x89, 0xd3, 0x89, 0xd3, 0x89, 0xd3, 0x89, 0xd3, 0x89, 0xd3, 0x89, 0xd3, 0x88, 0x29, 0x88, 0x29,
    0x88, 0x29, 0x88, 0x29, 0x88, 0x29, 0x88, 0x29, 0x88, 0x29, 0x88, 0x29, 0x88, 0x29, 0x88, 0x29,
    0x88, 0x29, 0x88, 0x29, 0x88, 0x29, 0x88, 0x29, 0x88, 0x29, 0x88, 0x29, 0x88, 0x29, 0x88, 0x29,
    0x88, 0x29, 0x88, 0x29, 0x88, 0x29, 0x88, 0x29, 0x88, 0x29, 0x88, 0x29, 0x88, 0x29, 0x88, 0x29,
    0x88, 0x29, 0x88, 0x29, 0x88, 0x29, 0x88, 0x29, 0x88, 0x29, 0x88, 0x29, 0x88, 0x29, 0x88, 0x29,
    0x88, 0x29, 0x88, 0x29, 0x88, 0x29, 0x88, 0x29, 0x88, 0x29, 0x88, 0x29, 0x88, 0x29, 0x88, 0x29,
    0x88, 0x29, 0x88, 0x29, 0x89, 0xd3, 0x89, 0xd3, 0x5a, 0xf7, 0x5a, 0xf7, 0x5a, 0xf7, 0x5a, 0xf7,
    0x89, 0xd3, 0x89, 0xd3, 0x89, 0xd3, 0x89, 0xd3, 0x5a, 0xf7, 0x5a, 0xf7, 0x5a, 0xf7, 0x5a, 0xf7,
    0x89, 0xd3, 0x89, 0xd3, 0x89, 0xd3, 0x89, 0xd3, 0x89, 0xd3, 0x89, 0xd3, 0x88, 0x29, 0x88, 0x29,
    0x88, 0x29, 0x88, 0x29, 0x88, 0x29, 0x88, 0x29, 0x88, 0x29, 0x88, 0x29, 0x88, 0x29, 0x88, 0x29,
    0x88, 0x29, 0x88, 0x29, 0x88, 0x29, 0x88, 0x29, 0x88, 0x29, 0x88, 0x29, 0x88, 0x29, 0x88, 0x29,
};

const lv_img_dsc_t waveshare_photo_night_walk = {
    {LV_IMG_CF_TRUE_COLOR, 0, 0, WAVESHARE_PHOTO_W, WAVESHARE_PHOTO_H},
    sizeof(waveshare_photo_night_walk_map),
    waveshare_photo_night_walk_map,
};

static const uint8_t waveshare_photo_quiet_alley_map[WAVESHARE_PHOTO_W * WAVESHARE_PHOTO_H * 2] = {
    0x0a, 0x73, 0x0a, 0x73, 0x0a, 0x73, 0x0a, 0x73, 0x0a, 0x73, 0x0a, 0x73, 0x0a, 0x73, 0x0a, 0x73,
    0x0a, 0x73, 0x0a, 0x73, 0x0a, 0x73, 0x0a, 0x73, 0xfc, 0xce, 0xfc, 0xce, 0xfc, 0xce, 0xfc, 0xce,
    0xfc, 0xce, 0xfc, 0xce, 0xfc, 0xce, 0xfc, 0xce, 0xfc, 0xce, 0xfc, 0xce, 0xfc, 0xce, 0xfc, 0xce,
    0xfc, 0xce, 0xfc, 0xce, 0xfc, 0xce, 0xfc, 0xce, 0xfc, 0xce, 0xfc, 0xce, 0xfc, 0xce, 0xfc, 0xce,
    0xfc, 0xce, 0xfc, 0xce, 0xfc, 0xce, 0xfc, 0xce, 0xfc, 0xce, 0xfc, 0xce, 0xfc, 0xce, 0xfc, 0xce,
    0xfc, 0xce, 0xfc, 0xce, 0xfc, 0xce, 0xfc, 0xce, 0xfc, 0xce, 0xfc, 0xce, 0xfc, 0xce, 0xfc, 0xce,
    0xca, 0x62, 0xca, 0x62, 0xca, 0x62, 0xca, 0x62, 0xca, 0x62, 0xca, 0x62, 0xca, 0x62, 0xca, 0x62,
    0xca, 0x62, 0xca, 0x62, 0xca, 0x62, 0xca, 0x62, 0xca, 0x62, 0xca, 0x62, 0xca, 0x62, 0xca, 0x62,
    0x0a, 0x73, 0x0a, 0x73, 0x0a, 0x73, 0x0a, 0x73, 0x0a, 0x73, 0x0a, 0x73, 0x0a, 0x73, 0x0a, 0x73,
    0x0a, 0x73, 0x0a, 0x73, 0x0a, 0x73, 0x0a, 0x73, 0xfc, 0xce, 0xfc, 0xce, 0xfc, 0xce, 0xfc, 0xce,
    0xfc, 0xce, 0xfc, 0xce, 0xfc, 0xce, 0xfc, 0xce, 0xfc, 0xce, 0xfc, 0xce, 0xfc, 0xce, 0xfc, 0xce,
    0xfc, 0xce, 0xfc, 0xce, 0xfc, 0xce, 0xfc, 0xce, 0xfc, 0xce, 0xfc, 0xce, 0xfc, 0xce, 0xfc, 0xce,
    0xfc, 0xce, 0xfc, 0xce, 0xfc, 0xce, 0xfc, 0xce, 0xfc, 0xce, 0xfc, 0xce, 0xfc, 0xce, 0xfc, 0xce,
    0xfc, 0xce, 0xfc, 0xce, 0xfc, 0xce, 0xfc, 0xce, 0xfc, 0xce, 0xfc, 0xce, 0xfc, 0xce, 0xfc, 0xce,
    0xca, 0x62, 0xca, 0x62, 0xca, 0x62, 0xca, 0x62, 0xca, 0x62, 0xca, 0x62, 0xca, 0x62, 0xca, 0x62,
    0xca, 0x62, 0xca, 0x62, 0xca, 0x62, 0xca, 0x62, 0xca, 0x62, 0xca, 0x62, 0xca, 0x62, 0xca, 0x62,
    0x0a, 0x73, 0x0a, 0x73, 0x7b, 0xf7, 0x7b, 0xf7, 0x7b, 0xf7, 0x7b, 0xf7, 0x7b, 0xf7, 0x7b, 0xf7,
    0x7b, 0xf7, 0x7b, 0xf7, 0x7b, 0xf7, 0x7b, 0xf7, 0x7b, 0xf7, 0x7b, 0xf7, 0x7b, 0xf7, 0x7b, 0xf7,
    0x7b, 0xf7, 0x7b, 0xf7, 0x7b, 0xf7, 0x7b, 0xf7, 0x7b, 0xf7, 0x7b, 0xf7, 0x7b, 0xf7, 0x7b, 0xf7,
    0x7b, 0xf7, 0x7b, 0xf7, 0x7b, 0xf7, 0x7b, 0xf7, 0x7b, 0xf7, 0x7b, 0xf7, 0x7b, 0xf7, 0x7b, 0xf7,
    0x7b, 0xf7, 0x7b, 0xf7, 0x7b, 0xf7, 0x7b, 0xf7, 0x7b, 0xf7, 0x7b, 0xf7, 0x7b, 0xf7, 0x7b, 0xf7,
    0x7b, 0xf7, 0x7b, 0xf7, 0x7b, 0xf7, 0x7b, 0xf7, 0x7b, 0xf7, 0x7b, 0xf7, 0x7b, 0xf7, 0x7b, 0xf7,
    0x7b, 0xf7, 0x7b, 0xf7, 0x7b, 0xf7, 0x7b, 0xf7, 0x7b, 0xf7, 0x7b, 0xf7, 0x7b, 0xf7, 0x7b, 0xf7,
    0x7b, 0xf7, 0x7b, 0xf7, 0x7b, 0xf7, 0x7b, 0xf7, 0x7b, 0xf7, 0x7b, 0xf7, 0xca, 0x62, 0xca, 0x62,
    0x0a, 0x73, 0x0a, 0x73, 0x7b, 0xf7, 0x7b, 0xf7, 0x7b, 0xf7, 0x7b, 0xf7, 0x7b, 0xf7, 0x7b, 0xf7,
    0x7b, 0xf7, 0x7b, 0xf7, 0x7b, 0xf7, 0x7b, 0xf7, 0x7b, 0xf7, 0x7b, 0xf7, 0x7b, 0xf7, 0x7b, 0xf7,
    0x7b, 0xf7, 0x7b, 0xf7, 0x7b, 0xf7, 0x7b, 0xf7, 0x7b, 0xf7, 0x7b, 0xf7, 0x7b, 0xf7, 0x7b, 0xf7,
    0x7b, 0xf7, 0x7b, 0xf7, 0x7b, 0xf7, 0x7b, 0xf7, 0x7b, 0xf7, 0x7b, 0xf7, 0x7b, 0xf7, 0x7b, 0xf7,
    0x7b, 0xf7, 0x7b, 0xf7, 0x7b, 0xf7, 0x7b, 0xf7, 0x7b, 0xf7, 0x7b, 0xf7, 0x7b, 0xf7, 0x7b, 0xf7,
    0x7b, 0xf7, 0x7b, 0xf7, 0x7b, 0xf7, 0x7b, 0xf7, 0x7b, 0xf7, 0x7b, 0xf7, 0x7b, 0xf7, 0x7b, 0xf7,
    0x7b, 0xf7, 0x7b, 0xf7, 0x7b, 0xf7, 0x7b, 0xf7, 0x7b, 0xf7, 0x7b, 0xf7, 0x7b, 0xf7, 0x7b, 0xf7,
    0x7b, 0xf7, 0x7b, 0xf7, 0x7b, 0xf7, 0x7b, 0xf7, 0x7b, 0xf7, 0x7b, 0xf7, 0xca, 0x62, 0xca, 0x62,
    0x0a, 0x73, 0x0a, 0x73, 0x7b, 0xf7, 0x7b, 0xf7, 0x0a, 0x73, 0x0a, 0x73, 0x0a, 0x73, 0x0a, 0x73,
    0x0a, 0x73, 0x0a, 0x73, 0x0a, 0x73, 0x0a, 0x73, 0xbc, 0xc6, 0xbc, 0xc6, 0xbc, 0xc6, 0xbc, 0xc6,
    0xbc, 0xc6, 0xbc, 0xc6, 0xbc, 0xc6, 0xbc, 0xc6, 0xbc, 0xc6, 0xbc, 0xc6, 0xbc, 0xc6, 0xbc, 0xc6,
    0xbc, 0xc6, 0xbc, 0xc6, 0xbc, 0xc6, 0xbc, 0xc6, 0xbc, 0xc6, 0xbc, 0xc6, 0xbc, 0xc6, 0xbc, 0xc6,
    0xbc, 0xc6, 0xbc, 0xc6, 0xbc, 0xc6, 0xbc, 0xc6, 0xbc, 0xc6, 0xbc, 0xc6, 0xbc, 0xc6, 0xbc, 0xc6,
    0xbc, 0xc6, 0xbc, 0xc6, 0xbc, 0xc6, 0xbc, 0xc6, 0xbc, 0xc6, 0xbc, 0xc6, 0xbc, 0xc6, 0xbc, 0xc6,
    0xca, 0x62, 0xca, 0x62, 0xca, 0x62, 0xca, 0x62, 0xca, 0x62, 0xca, 0x62, 0xca, 0x62, 0xca, 0x62,
    0xca, 0x62, 0xca, 0x62, 0xca, 0x62, 0xca, 0x62, 0x7b, 0xf7, 0x7b, 0xf7, 0xca, 0x62, 0xca, 0x62,
    0x0a, 0x73, 0x0a, 0x73, 0x7b, 0xf7, 0x7b, 0xf7, 0x0a, 0x73, 0x0a, 0x73, 0x0a, 0x73, 0x0a, 0x73,
    0x0a, 0x73, 0x0a, 0x73, 0x0a, 0x73, 0x0a, 0x73, 0xbc, 0xc6, 0xbc, 0xc6, 0xbc, 0xc6, 0xbc, 0xc6,
    0xbc, 0xc6, 0xbc, 0xc6, 0xbc, 0xc6, 0xbc, 0xc6, 0xbc, 0xc6, 0xbc, 0xc6, 0xbc, 0xc6, 0xbc, 0xc6,
    0xbc, 0xc6, 0xbc, 0xc6, 0xbc, 0xc6, 0xbc, 0xc6, 0xbc, 0xc6, 0xbc, 0xc6, 0xbc, 0xc6, 0xbc, 0xc6,
    0xbc, 0xc6, 0xbc, 0xc6, 0xbc, 0xc6, 0xbc, 0xc6, 0xbc, 0xc6, 0xbc, 0xc6, 0xbc, 0xc6, 0xbc, 0xc6,
    0xbc, 0xc6, 0xbc, 0xc6, 0xbc, 0xc6, 0xbc, 0xc6, 0xbc, 0xc6, 0xbc, 0xc6, 0xbc, 0xc6, 0xbc, 0xc6,
    0xca, 0x62, 0xca, 0x62, 0xca, 0x62, 0xca, 0x62, 0xca, 0x62, 0xca, 0x62, 0xca, 0x62, 0xca, 0x62,
    0xca, 0x62, 0xca, 0x62, 0xca, 0x62, 0xca, 0x62, 0x7b, 0xf7, 0x7b, 0xf7, 0xca, 0x62, 0xca, 0x62,
    0x0a, 0x73, 0x0a, 0x73, 0x7b, 0xf7, 0x7b, 0xf7, 0x0a, 0x73, 0x0a, 0x73, 0x0a, 0x73, 0x0a, 0x73,
    0x0a, 0x73, 0x0a, 0x73, 0x0a, 0x73, 0x0a, 0x73, 0xbb, 0xc6, 0xbb, 0xc6, 0xbb, 0xc6, 0xbb, 0xc6,
    0xbb, 0xc6, 0xbb, 0xc6, 0xbb, 0xc6, 0xbb, 0xc6, 0xbb, 0xc6, 0xbb, 0xc6, 0xbb, 0xc6, 0xbb, 0xc6,
    0xbb, 0xc6, 0xbb, 0xc6, 0xbb, 0xc6, 0xbb, 0xc6, 0xbb, 0xc6, 0xbb, 0xc6, 0xbb, 0xc6, 0xbb, 0xc6,
    0xbb, 0xc6, 0xbb, 0xc6, 0xbb, 0xc6, 0xbb, 0xc6, 0xbb, 0xc6, 0xbb, 0xc6, 0xbb, 0xc6, 0xbb, 0xc6,
    0xbb, 0xc6, 0xbb, 0xc6, 0xbb, 0xc6, 0xbb, 0xc6, 0xbb, 0xc6, 0xbb, 0xc6, 0xbb, 0xc6, 0xbb, 0xc6,
    0xca, 0x62, 0xca, 0x62, 0xca, 0x62, 0xca, 0x62, 0xca, 0x62, 0xca, 0x62, 0xca, 0x62, 0xca, 0x62,
    0xca, 0x62, 0xca, 0x62, 0xca, 0x62, 0xca, 0x62, 0x7b, 0xf7, 0x7b, 0xf7, 0xca, 0x62, 0xca, 0x62,
    0x0a, 0x73, 0x0a, 0x73, 0x7b, 0xf7, 0x7b, 0xf7, 0x0a, 0x73, 0x0a, 0x73, 0x0a, 0x73, 0x0a, 0x73,
    0x0a, 0x73, 0x0a, 0x73, 0x0a, 0x73, 0x0a, 0x73, 0xbb, 0xc6, 0xbb, 0xc6, 0xbb, 0xc6, 0xbb, 0xc6,
    0xbb, 0xc6, 0xbb, 0xc6, 0xbb, 0xc6, 0xbb, 0xc6, 0xbb, 0xc6, 0xbb, 0xc6, 0xbb, 0xc6, 0xbb, 0xc6,
    0xbb, 0xc6, 0xbb, 0xc6, 0xbb, 0xc6, 0xbb, 0xc6, 0xbb, 0xc6, 0xbb, 0xc6, 0xbb, 0xc6, 0xbb, 0xc6,
    0xbb, 0xc6, 0xbb, 0xc6, 0xbb, 0xc6, 0xbb, 0xc6, 0xbb, 0xc6, 0xbb, 0xc6, 0xbb, 0xc6, 0xbb, 0xc6,
    0xbb, 0xc6, 0xbb, 0xc6, 0xbb, 0xc6, 0xbb, 0xc6, 0xbb, 0xc6, 0xbb, 0xc6, 0xbb, 0xc6, 0xbb, 0xc6,
    0xca, 0x62, 0xca, 0x62, 0xca, 0x62, 0xca, 0x62, 0xca, 0x62, 0xca, 0x62, 0xca, 0x62, 0xca, 0x62,
    0xca, 0x62, 0xca, 0x62, 0xca, 0x62, 0xca, 0x62, 0x7b, 0xf7, 0x7b, 0xf7, 0xca, 0x62, 0xca, 0x62,
    0x0a, 0x73, 0x0a, 0x73, 0x7b, 0xf7, 0x7b, 0xf7, 0x0a, 0x73, 0x0a, 0x73, 0x0a, 0x73, 0x0a, 0x73,
    0x0a, 0x73, 0x0a, 0x73, 0x0a, 0x73, 0x0a, 0x73, 0x9b, 0xbe, 0x9b, 0xbe, 0x9b, 0xbe, 0x9b, 0xbe,
    0x9b, 0xbe, 0x9b, 0xbe, 0x9b, 0xbe, 0x9b, 0xbe, 0x9b, 0xbe, 0x9b, 0xbe, 0x9b, 0xbe, 0x9b, 0xbe,
    0x9b, 0xbe, 0x9b, 0xbe, 0x9b, 0xbe, 0x9b, 0xbe, 0x9b, 0xbe, 0x9b, 0xbe, 0x9b, 0xbe, 0x9b, 0xbe,
    0x9b, 0xbe, 0x9b, 0xbe, 0x9b, 0xbe, 0x9b, 0xbe, 0x9b, 0xbe, 0x9b, 0xbe, 0x9b, 0xbe, 0x9b, 0xbe,
    0x9b, 0xbe, 0x9b, 0xbe, 0x9b, 0xbe, 0x9b, 0xbe, 0x9b, 0xbe, 0x9b, 0xbe, 0x9b, 0xbe, 0x9b, 0xbe,
    0xca, 0x62, 0xca, 0x62, 0xca, 0x62, 0xca, 0x62, 0xca, 0x62, 0xca, 0x62, 0xca, 0x62, 0xca, 0x62,
    0xca, 0x62, 0xca, 0x62, 0xca, 0x62, 0xca, 0x62, 0x7b, 0xf7, 0x7b, 0xf7, 0xca, 0x62, 0xca, 0x62,
    0x0a, 0x73, 0x0a, 0x73, 0x7b, 0xf7, 0x7b, 0xf7, 0x0a, 0x73, 0x0a, 0x73, 0x0a, 0x73, 0x0a, 0x73,
    0x0a, 0x73, 0x0a, 0x73, 0x0a, 0x73, 0x0a, 0x73, 0x9b, 0xbe, 0x9b, 0xbe, 0x9b, 0xbe, 0x9b, 0xbe,
    0x9b, 0xbe, 0x9b, 0xbe, 0x9b, 0xbe, 0x9b, 0xbe, 0x9b, 0xbe, 0x9b, 0xbe, 0x9b, 0xbe, 0x9b, 0xbe,
    0x9b, 0xbe, 0x9b, 0xbe, 0x9b, 0xbe, 0x9b, 0xbe, 0x9b, 0xbe, 0x9b, 0xbe, 0x9b, 0xbe, 0x9b, 0xbe,
    0x9b, 0xbe, 0x9b, 0xbe, 0x9b, 0xbe, 0x9b, 0xbe, 0x9b, 0xbe, 0x9b, 0xbe, 0x9b, 0xbe, 0x9b, 0xbe,
    0x9b, 0xbe, 0x9b, 0xbe, 0x9b, 0xbe, 0x9b, 0xbe, 0x9b, 0xbe, 0x9b, 0xbe, 0x9b, 0xbe, 0x9b, 0xbe,
    0xca, 0x62, 0xca, 0x62, 0xca, 0x62, 0xca, 0x62, 0xca, 0x62, 0xca, 0x62, 0xca, 0x62, 0xca, 0x62,
    0xca, 0x62, 0xca, 0x62, 0xca, 0x62, 0xca, 0x62, 0x7b, 0xf7, 0x7b, 0xf7, 0xca, 0x62, 0xca, 0x62,
    0x0a, 0x73, 0x0a, 0x73, 0x7b, 0xf7, 0x7b, 0xf7, 0x0a, 0x73, 0x0a, 0x73, 0x0a, 0x73, 0x0a, 0x73,
    0x0a, 0x73, 0x0a, 0x73, 0x0a, 0x73, 0x0a, 0x73, 0x7b, 0xbe, 0x7b, 0xbe, 0x7b, 0xbe, 0x7b, 0xbe,
    0x7b, 0xbe, 0x7b, 0xbe, 0x7b, 0xbe, 0x7b, 0xbe, 0x7b, 0xbe, 0x7b, 0xbe, 0x7b, 0xbe, 0x7b, 0xbe,
    0x7b, 0xbe, 0x7b, 0xbe, 0x7b, 0xbe, 0x7b, 0xbe, 0x7b, 0xbe, 0x7b, 0xbe, 0x7b, 0xbe, 0x7b, 0xbe,
    0x7b, 0xbe, 0x7b, 0xbe, 0x7b, 0xbe, 0x7b, 0xbe, 0x7b, 0xbe, 0x7b, 0xbe, 0x7b, 0xbe, 0x7b, 0xbe,
    0x7b, 0xbe, 0x7b, 0xbe, 0x7b, 0xbe, 0x7b, 0xbe, 0x7b, 0xbe, 0x7b, 0xbe, 0x7b, 0xbe, 0x7b, 0xbe,
    0xca, 0x62, 0xca, 0x62, 0xca, 0x62, 0xca, 0x62, 0xca, 0x62, 0xca, 0x62, 0xca, 0x62, 0xca, 0x62,
    0xca, 0x62, 0xca, 0x62, 0xca, 0x62, 0xca, 0x62, 0x7b, 0xf7, 0x7b, 0xf7, 0xca, 0x62, 0xca, 0x62,
    0x0a, 0x73, 0x0a, 0x73, 0x7b, 0xf7, 0x7b, 0xf7, 0x0a, 0x73, 0x0a, 0x73, 0x0a, 0x73, 0x0a, 0x73,
    0x0a, 0x73, 0x0a, 0x73, 0x0a, 0x73, 0x0a, 0x73, 0x7b, 0xbe, 0x7b, 0xbe, 0x7b, 0xbe, 0x7b, 0xbe,
    0x7b, 0xbe, 0x7b, 0xbe, 0x7b, 0xbe, 0x7b, 0xbe, 0x7b, 0xbe, 0x7b, 0xbe, 0x7b, 0xbe, 0x7b, 0xbe,
    0x7b, 0xbe, 0x7b, 0xbe, 0x7b, 0xbe, 0x7b, 0xbe, 0x7b, 0xbe, 0x7b, 0xbe, 0x7b, 0xbe, 0x7b, 0xbe,
    0x7b, 0xbe, 0x7b, 0xbe, 0x7b, 0xbe, 0x7b, 0xbe, 0x7b, 0xbe, 0x7b, 0xbe, 0x7b, 0xbe, 0x7b, 0xbe,
    0x7b, 0xbe, 0x7b, 0xbe, 0x7b, 0xbe, 0x7b, 0xbe, 0x7b, 0xbe, 0x7b, 0xbe, 0x7b, 0xbe, 0x7b, 0xbe,
    0xca, 0x62, 0xca, 0x62, 0xca, 0x62, 0xca, 0x62, 0xca, 0x62, 0xca, 0x62, 0xca, 0x62, 0xca, 0x62,
    0xca, 0x62, 0xca, 0x62, 0xca, 0x62, 0xca, 0x62, 0x7b, 0xf7, 0x7b, 0xf7, 0xca, 0x62, 0xca, 0x62,
    0x0a, 0x73, 0x0a, 0x73, 0x7b, 0xf7, 0x7b, 0xf7, 0x0a, 0x73, 0x0a, 0x73, 0x0a, 0x73, 0x0a, 0x73,
    0x0a, 0x73, 0x0a, 0x73, 0x0a, 0x73, 0x0a, 0x73, 0x7a, 0xbe, 0x7a, 0xbe, 0x7a, 0xbe, 0x7a, 0xbe,
    0x7a, 0xbe, 0x7a, 0xbe, 0x7a, 0xbe, 0x7a, 0xbe, 0x7a, 0xbe, 0x7a, 0xbe, 0x7a, 0xbe, 0x7a, 0xbe,
    0x7a, 0xbe, 0x7a, 0xbe, 0x7a, 0xbe, 0x7a, 0xbe, 0x7a, 0xbe, 0x7a, 0xbe, 0x7a, 0xbe, 0x7a, 0xbe,
    0x7a, 0xbe, 0x7a, 0xbe, 0x7a, 0xbe, 0x7a, 0xbe, 0x7a, 0xbe, 0x7a, 0xbe, 0x7a, 0xbe, 0x7a, 0xbe,
    0x7a, 0xbe, 0x7a, 0xbe, 0x7a, 0xbe, 0x7a, 0xbe, 0x7a, 0xbe, 0x7a, 0xbe, 0x7a, 0xbe, 0x7a, 0xbe,
    0xca, 0x62, 0xca, 0x62, 0xca, 0x62, 0xca, 0x62, 0xca, 0x62, 0xca, 0x62, 0xca, 0x62, 0xca, 0x62,
    0xca, 0x62, 0xca, 0x62, 0xca, 0x62, 0xca, 0x62, 0x7b, 0xf7, 0x7b, 0xf7, 0xca, 0x62, 0xca, 0x62,
    0x0a, 0x73, 0x0a, 0x73, 0x7b, 0xf7, 0x7b, 0xf7, 0x0a, 0x73, 0x0a, 0x73, 0x0a, 0x73, 0x0a, 0x73,
    0x0a, 0x73, 0x0a, 0x73, 0x0a, 0x73, 0x0a, 0x73, 0x7a, 0xbe, 0x7a, 0xbe, 0x7a, 0xbe, 0x7a, 0xbe,
    0x7a, 0xbe, 0x7a, 0xbe, 0x7a, 0xbe, 0x7a, 0xbe, 0x7a, 0xbe, 0x7a, 0xbe, 0x7a, 0xbe, 0x7a, 0xbe,
    0x7a, 0xbe, 0x7a, 0xbe, 0x7a, 0xbe, 0x7a, 0xbe, 0x7a, 0xbe, 0x7a, 0xbe, 0x7a, 0xbe, 0x7a, 0xbe,
    0x7a, 0xbe, 0x7a, 0xbe, 0x7a, 0xbe, 0x7a, 0xbe, 0x7a, 0xbe, 0x7a, 0xbe, 0x7a, 0xbe, 0x7a, 0xbe,
    0x7a, 0xbe, 0x7a, 0xbe, 0x7a, 0xbe, 0x7a, 0xbe, 0x7a, 0xbe, 0x7a, 0xbe, 0x7a, 0xbe, 0x7a, 0xbe,
    0xca, 0x62, 0xca, 0x62, 0xca, 0x62, 0xca, 0x62, 0xca, 0x62, 0xca, 0x62, 0xca, 0x62, 0xca, 0x62,
    0xca, 0x62, 0xca, 0x62, 0xca, 0x62, 0xca, 0x62, 0x7b, 0xf7, 0x7b, 0xf7, 0xca, 0x62, 0xca, 0x62,
    0x0a, 0x73, 0x0a, 0x73, 0x7b, 0xf7, 0x7b, 0xf7, 0x0a, 0x73, 0x0a, 0x73, 0x0a, 0x73, 0x0a, 0x73,
    0x0a, 0x73, 0x0a, 0x73, 0x0a, 0x73, 0x0a, 0x73, 0x5a, 0xb6, 0x5a, 0xb6, 0x5a, 0xb6, 0x5a, 0xb6,
    0xca, 0x93, 0xca, 0x93, 0xca, 0x93, 0xca, 0x93, 0xca, 0x93, 0xca, 0x93, 0xca, 0x93, 0xca, 0x93,
    0xca, 0x93, 0xca, 0x93, 0xca, 0x93, 0xca, 0x93, 0x5a, 0xb6, 0x5a, 0xb6, 0x5a, 0xb6, 0x5a, 0xb6,
    0x5a, 0xb6, 0x5a, 0xb6, 0x5a, 0xb6, 0x5a, 0xb6, 0x5a, 0xb6, 0x5a, 0xb6, 0x5a, 0xb6, 0x5a, 0xb6,
    0x5a, 0xb6, 0x5a, 0xb6, 0x5a, 0xb6, 0x5a, 0xb6, 0x5a, 0xb6, 0x5a, 0xb6, 0x5a, 0xb6, 0x5a, 0xb6,
    0xca, 0x62, 0xca, 0x62, 0xca, 0x62, 0xca, 0x62, 0xca, 0x62, 0xca, 0x62, 0xca, 0x62, 0xca, 0x62,
    0xca, 0x62, 0xca, 0x62, 0xca, 0x62, 0xca, 0x62, 0x7b, 0xf7, 0x7b, 0xf7, 0xca, 0x62, 0xca, 0x62,
    0x0a, 0x73, 0x0a, 0x73, 0x7b, 0xf7, 0x7b, 0xf7, 0x0a, 0x73, 0x0a, 0x73, 0x0a, 0x73, 0x0a, 0x73,
    0x0a, 0x73, 0x0a, 0x73, 0x0a, 0x73, 0x0a, 0x73, 0x5a, 0xb6, 0x5a, 0xb6, 0x5a, 0xb6, 0x5a, 0xb6,
    0xca, 0x93, 0xca, 0x93, 0xca, 0x93, 0xca, 0x93, 0xca, 0x93, 0xca, 0x93, 0xca, 0x93, 0xca, 0x93,
    0xca, 0x93, 0xca, 0x93, 0xca, 0x93, 0xca, 0x93, 0x5a, 0xb6, 0x5a, 0xb6, 0x5a, 0xb6, 0x5a, 0xb6,
    0x5a, 0xb6, 0x5a, 0xb6, 0x5a, 0xb6, 0x5a, 0xb6, 0x5a, 0xb6, 0x5a, 0xb6, 0x5a, 0xb6, 0x5a, 0xb6,
    0x5a, 0xb6, 0x5a, 0xb6, 0x5a, 0xb6, 0x5a, 0xb6, 0x5a, 0xb6, 0x5a, 0xb6, 0x5a, 0xb6, 0x5a, 0xb6,
    0xca, 0x62, 0xca, 0x62, 0xca, 0x62, 0xca, 0x62, 0xca, 0x62, 0xca, 0x62, 0xca, 0x62, 0xca, 0x62,
    0xca, 0x62, 0xca, 0x62, 0xca, 0x62, 0xca, 0x62, 0x7b, 0xf7, 0x7b, 0xf7, 0xca, 0x62, 0xca, 0x62,
    0x0a, 0x73, 0x0a, 0x73, 0x7b, 0xf7, 0x7b, 0xf7, 0x0a, 0x73, 0x0a, 0x73, 0x0a, 0x73, 0x0a, 0x73,
    0x0a, 0x73, 0x0a, 0x73, 0x0a, 0x73, 0x0a, 0x73, 0x3a, 0xb6, 0x3a, 0xb6, 0x3a, 0xb6, 0x3a, 0xb6,
    0xca, 0x93, 0xca, 0x93, 0xca, 0x93, 0xca, 0x93, 0xca, 0x93, 0xca, 0x93, 0xca, 0x93, 0xca, 0x93,
    0xca, 0x93, 0xca, 0x93, 0xca, 0x93, 0xca, 0x93, 0xa7, 0xdb, 0xa7, 0xdb, 0x3a, 0xb6, 0x3a, 0xb6,
    0x3a, 0xb6, 0x3a, 0xb6, 0x3a, 0xb6, 0x3a, 0xb6, 0xa7, 0xdb, 0xa7, 0xdb, 0x3a, 0xb6, 0x3a, 0xb6,
    0x3a, 0xb6, 0x3a, 0xb6, 0x3a, 0xb6, 0x3a, 0xb6, 0x3a, 0xb6, 0x3a, 0xb6, 0x3a, 0xb6, 0x3a, 0xb6,
    0xca, 0x62, 0xca, 0x62, 0xca, 0x62, 0xca, 0x62, 0xca, 0x62, 0xca, 0x62, 0xca, 0x62, 0xca, 0x62,
    0xca, 0x62, 0xca, 0x62, 0xca, 0x62, 0xca, 0x62, 0x7b, 0xf7, 0x7b, 0xf7, 0xca, 0x62, 0xca, 0x62,
    0x0a, 0x73, 0x0a, 0x73, 0x7b, 0xf7, 0x7b, 0xf7, 0x0a, 0x73, 0x0a, 0x73, 0x0a, 0x73, 0x0a, 0x73,
    0x0a, 0x73, 0x0a, 0x73, 0x0a, 0x73, 0x0a, 0x73, 0x3a, 0xb6, 0x3a, 0xb6, 0x3a, 0xb6, 0x3a, 0xb6,
    0xca, 0x93, 0xca, 0x93, 0xca, 0x93, 0xca, 0x93, 0xca, 0x93, 0xca, 0x93, 0xca, 0x93, 0xca, 0x93,
    0xca, 0x93, 0xca, 0x93, 0xca, 0x93, 0xca, 0x93, 0xa7, 0xdb, 0xa7, 0xdb, 0x3a, 0xb6, 0x3a, 0xb6,
    0x3a, 0xb6, 0x3a, 0xb6, 0x3a, 0xb6, 0x3a, 0xb6, 0xa7, 0xdb, 0xa7, 0xdb, 0x3a, 0xb6, 0x3a, 0xb6,
    0x3a, 0xb6, 0x3a, 0xb6, 0x3a, 0xb6, 0x3a, 0xb6, 0x3a, 0xb6, 0x3a, 0xb6, 0x3a, 0xb6, 0x3a, 0xb6,
    0xca, 0x62, 0xca, 0x62, 0xca, 0x62, 0xca, 0x62, 0xca, 0x62, 0xca, 0x62, 0xca, 0x62, 0xca, 0x62,
    0xca, 0x62, 0xca, 0x62, 0xca, 0x62, 0xca, 0x62, 0x7b, 0xf7, 0x7b, 0xf7, 0xca, 0x62, 0xca, 0x62,
    0x0a, 0x73, 0x0a, 0x73, 0x7b, 0xf7, 0x7b, 0xf7, 0x0a, 0x73, 0x0a, 0x73, 0x0a, 0x73, 0x0a, 0x73,
    0x0a, 0x73, 0x0a, 0x73, 0x0a, 0x73, 0x0a, 0x73, 0x19, 0xb6, 0x19, 0xb6, 0x19, 0xb6, 0x19, 0xb6,
    0xca, 0x93, 0xca, 0x93, 0xca, 0x93, 0xca, 0x93, 0xca, 0x93, 0xca, 0x93, 0xca, 0x93, 0xca, 0x93,
    0xca, 0x93, 0xca, 0x93, 0xa7, 0xdb, 0xa7, 0xdb, 0x5a, 0xf7, 0x5a, 0xf7, 0x70, 0x4c, 0x70, 0x4c,
    0x70, 0x4c, 0x70, 0x4c, 0x70, 0x4c, 0x70, 0x4c, 0x5a, 0xf7, 0x5a, 0xf7, 0xa7, 0xdb, 0xa7, 0xdb,
    0x19, 0xb6, 0x19, 0xb6, 0x19, 0xb6, 0x19, 0xb6, 0x19, 0xb6, 0x19, 0xb6, 0x19, 0xb6, 0x19, 0xb6,
    0xca, 0x62, 0xca, 0x62, 0xca, 0x62, 0xca, 0x62, 0xca, 0x62, 0xca, 0x62, 0xca, 0x62, 0xca, 0x62,
    0xca, 0x62, 0xca, 0x62, 0xca, 0x62, 0xca, 0x62, 0x7b, 0xf7, 0x7b, 0xf7, 0xca, 0x62, 0xca, 0x62,
    0x0a, 0x73, 0x0a, 0x73, 0x7b, 0xf7, 0x7b, 0xf7, 0x0a, 0x73, 0x0a, 0x73, 0x0a, 0x73, 0x0a, 0x73,
    0x0a, 0x73, 0x0a, 0x73, 0x0a, 0x73, 0x0a, 0x73, 0x19, 0xb6, 0x19, 0xb6, 0x19, 0xb6, 0x19, 0xb6,
    0xca, 0x93, 0xca, 0x93, 0xca, 0x93, 0xca, 0x93, 0xca, 0x93, 0xca, 0x93, 0xca, 0x93, 0xca, 0x93,
    0xca, 0x93, 0xca, 0x93, 0xa7, 0xdb, 0xa7, 0xdb, 0x5a, 0xf7, 0x5a, 0xf7, 0x70, 0x4c, 0x70, 0x4c,
    0x70, 0x4c, 0x70, 0x4c, 0x70, 0x4c, 0x70, 0x4c, 0x5a, 0xf7, 0x5a, 0xf7, 0xa7, 0xdb, 0xa7, 0xdb,
    0x19, 0xb6, 0x19, 0xb6, 0x19, 0xb6, 0x19, 0xb6, 0x19, 0xb6, 0x19, 0xb6, 0x19, 0xb6, 0x19, 0xb6,
    0xca, 0x62, 0xca, 0x62, 0xca, 0x62, 0xca, 0x62, 0xca, 0x62, 0xca, 0x62, 0xca, 0x62, 0xca, 0x62,
    0xca, 0x62, 0xca, 0x62, 0xca, 0x62, 0xca, 0x62, 0x7b, 0xf7, 0x7b, 0xf7, 0xca, 0x62, 0xca, 0x62,
    0x0a, 0x73, 0x0a, 0x73, 0x7b, 0xf7, 0x7b, 0xf7, 0x0a, 0x73, 0x0a, 0x73, 0x0a, 0x73, 0x0a, 0x73,
    0x0a, 0x73, 0x0a, 0x73, 0x0a, 0x73, 0x0a, 0x73, 0x19, 0xb6, 0x19, 0xb6, 0x19, 0xb6, 0x19, 0xb6,
    0xca, 0x93, 0xca, 0x93, 0xca, 0x93, 0xca, 0x93, 0xca, 0x93, 0xca, 0x93, 0xa7, 0xdb, 0xa7, 0xdb,
    0xa7, 0xdb, 0xa7, 0xdb, 0x5a, 0xf7, 0x5a, 0xf7, 0x5a, 0xf7, 0x5a, 0xf7, 0xa7, 0xdb, 0xa7, 0xdb,
    0xa7, 0xdb, 0xa7, 0xdb, 0xa7, 0xdb, 0xa7, 0xdb, 0x5a, 0xf7, 0x5a, 0xf7, 0xa7, 0xdb, 0xa7, 0xdb,
    0xa7, 0xdb, 0xa7, 0xdb, 0x19, 0xb6, 0x19, 0xb6, 0x19, 0xb6, 0x19, 0xb6, 0x19, 0xb6, 0x19, 0xb6,
    0xca, 0x62, 0xca, 0x62, 0xca, 0x62, 0xca, 0x62, 0xca, 0x62, 0xca, 0x62, 0xca, 0x62, 0xca, 0x62,
    0xca, 0x62, 0xca, 0x62, 0xca, 0x62, 0xca, 0x62, 0x7b, 0xf7, 0x7b, 0xf7, 0xca, 0x62, 0xca, 0x62,
    0x0a, 0x73, 0x0a, 0x73, 0x7b, 0xf7, 0x7b, 0xf7, 0x0a, 0x73, 0x0a, 0x73, 0x0a, 0x73, 0x0a, 0x73,
    0x0a, 0x73, 0x0a, 0x73, 0x0a, 0x73, 0x0a, 0x73, 0x19, 0xb6, 0x19, 0xb6, 0x19, 0xb6, 0x19, 0xb6,
    0xca, 0x93, 0xca, 0x93, 0xca, 0x93, 0xca, 0x93, 0xca, 0x93, 0xca, 0x93, 0xa7, 0xdb, 0xa7, 0xdb,
    0xa7, 0xdb, 0xa7, 0xdb, 0x5a, 0xf7, 0x5a, 0xf7, 0x5a, 0xf7, 0x5a, 0xf7, 0xa7, 0xdb, 0xa7, 0xdb,
    0xa7, 0xdb, 0xa7, 0xdb, 0xa7, 0xdb, 0xa7, 0xdb, 0x5a, 0xf7, 0x5a, 0xf7, 0xa7, 0xdb, 0xa7, 0xdb,
    0xa7, 0xdb, 0xa7, 0xdb, 0x19, 0xb6, 0x19, 0xb6, 0x19, 0xb6, 0x19, 0xb6, 0x19, 0xb6, 0x19, 0xb6,
    0xca, 0x62, 0xca, 0x62, 0xca, 0x62, 0xca, 0x62, 0xca, 0x62, 0xca, 0x62, 0xca, 0x62, 0xca, 0x62,
    0xca, 0x62, 0xca, 0x62, 0xca, 0x62, 0xca, 0x62, 0x7b, 0xf7, 0x7b, 0xf7, 0xca, 0x62, 0xca, 0x62,
    0x0a, 0x73, 0x0a, 0x73, 0x7b, 0xf7, 0x7b, 0xf7, 0x0a, 0x73, 0x0a, 0x73, 0x0a, 0x73, 0x0a, 0x73,
    0x0a, 0x73, 0x0a, 0x73, 0x0a, 0x73, 0x0a, 0x73, 0xf9, 0xad, 0xf9, 0xad, 0xf9, 0xad, 0xf9, 0xad,
    0xca, 0x93, 0xca, 0x93, 0xca, 0x93, 0xca, 0x93, 0xca, 0x93, 0xca, 0x93, 0xa7, 0xdb, 0xa7, 0xdb,
    0xa7, 0xdb, 0xa7, 0xdb, 0xa7, 0xdb, 0xa7, 0xdb, 0x5a, 0xf7, 0x5a, 0xf7, 0xa7, 0xdb, 0xa7, 0xdb,
    0xa7, 0xdb, 0xa7, 0xdb, 0x5a, 0xf7, 0x5a, 0xf7, 0x5a, 0xf7, 0x5a, 0xf7, 0xa7, 0xdb, 0xa7, 0xdb,
    0xa7, 0xdb, 0xa7, 0xdb, 0xf9, 0xad, 0xf9, 0xad, 0xf9, 0xad, 0xf9, 0xad, 0xf9, 0xad, 0xf9, 0xad,
    0xca, 0x62, 0xca, 0x62, 0xca, 0x62, 0xca, 0x62, 0xca, 0x62, 0xca, 0x62, 0xca, 0x62, 0xca, 0x62,
    0xca, 0x62, 0xca, 0x62, 0xca, 0x62, 0xca, 0x62, 0x7b, 0xf7, 0x7b, 0xf7, 0xca, 0x62, 0xca, 0x62,
    0x0a, 0x73, 0x0a, 0x73, 0x7b, 0xf7, 0x7b, 0xf7, 0x0a, 0x73, 0x0a, 0x73, 0x0a, 0x73, 0x0a, 0x73,
    0x0a, 0x73, 0x0a, 0x73, 0x0a, 0x73, 0x0a, 0x73, 0xf9, 0xad, 0xf9, 0xad, 0xf9, 0xad, 0xf9, 0xad,
    0xca, 0x93, 0xca, 0x93, 0xca, 0x93, 0xca, 0x93, 0xca, 0x93, 0xca, 0x93, 0xa7, 0xdb, 0xa7, 0xdb,
    0xa7, 0xdb, 0xa7, 0xdb, 0xa7, 0xdb, 0xa7, 0xdb, 0x5a, 0xf7, 0x5a, 0xf7, 0xa7, 0xdb, 0xa7, 0xdb,
    0xa7, 0xdb, 0xa7, 0xdb, 0x5a, 0xf7, 0x5a, 0xf7, 0x5a, 0xf7, 0x5a, 0xf7, 0xa7, 0xdb, 0xa7, 0xdb,
    0xa7, 0xdb, 0xa7, 0xdb, 0xf9, 0xad, 0xf9, 0xad, 0xf9, 0xad, 0xf9, 0xad, 0xf9, 0xad, 0xf9, 0xad,
    0xca, 0x62, 0xca, 0x62, 0xca, 0x62, 0xca, 0x62, 0xca, 0x62, 0xca, 0x62, 0xca, 0x62, 0xca, 0x62,
    0xca, 0x62, 0xca, 0x62, 0xca, 0x62, 0xca, 0x62, 0x7b, 0xf7, 0x7b, 0xf7, 0xca, 0x62, 0xca, 0x62,
    0x0a, 0x73, 0x0a, 0x73, 0x7b, 0xf7, 0x7b, 0xf7, 0x0a, 0x73, 0x0a, 0x73, 0x0a, 0x73, 0x0a, 0x73,
    0x0a, 0x73, 0x0a, 0x73, 0x0a, 0x73, 0x0a, 0x73, 0xd8, 0xad, 0xd8, 0xad, 0xd8, 0xad, 0xd8, 0xad,
    0xca, 0x93, 0xca, 0x93, 0xca, 0x93, 0xca, 0x93, 0xca, 0x93, 0xca, 0x93, 0xa7, 0xdb, 0xa7, 0xdb,
    0xa7, 0xdb, 0xa7, 0xdb, 0xa7, 0xdb, 0xa7, 0xdb, 0xa7, 0xdb, 0xa7, 0xdb, 0xa7, 0xdb, 0xa7, 0xdb,
    0xa7, 0xdb, 0xa7, 0xdb, 0xa7, 0xdb, 0xa7, 0xdb, 0xa7, 0xdb, 0xa7, 0xdb, 0xa7, 0xdb, 0xa7, 0xdb,
    0xa7, 0xdb, 0xa7, 0xdb, 0xd8, 0xad, 0xd8, 0xad, 0xd8, 0xad, 0xd8, 0xad, 0xd8, 0xad, 0xd8, 0xad,
    0xca, 0x62, 0xca, 0x62, 0xca, 0x62, 0xca, 0x62, 0xca, 0x62, 0xca, 0x62, 0xca, 0x62, 0xca, 0x62,
    0xca, 0x62, 0xca, 0x62, 0xca, 0x62, 0xca, 0x62, 0x7b, 0xf7, 0x7b, 0xf7, 0xca, 0x62, 0xca, 0x62,
    0x0a, 0x73, 0x0a, 0x73, 0x7b, 0xf7, 0x7b, 0xf7, 0x0a, 0x73, 0x0a, 0x73, 0x0a, 0x73, 0x0a, 0x73,
    0x0a, 0x73, 0x0a, 0x73, 0x0a, 0x73, 0x0a, 0x73, 0xd8, 0xad, 0xd8, 0xad, 0xd8, 0xad, 0xd8, 0xad,
    0xca, 0x93, 0xca, 0x93, 0xca, 0x93, 0xca, 0x93, 0xca, 0x93, 0xca, 0x93, 0xa7, 0xdb, 0xa7, 0xdb,
    0xa7, 0xdb, 0xa7, 0xdb, 0xa7, 0xdb, 0xa7, 0xdb, 0xa7, 0xdb, 0xa7, 0xdb, 0xa7, 0xdb, 0xa7, 0xdb,
    0xa7, 0xdb, 0xa7, 0xdb, 0xa7, 0xdb, 0xa7, 0xdb, 0xa7, 0xdb, 0xa7, 0xdb, 0xa7, 0xdb, 0xa7, 0xdb,
    0xa7, 0xdb, 0xa7, 0xdb, 0xd8, 0xad, 0xd8, 0xad, 0xd8, 0xad, 0xd8, 0xad, 0xd8, 0xad, 0xd8, 0xad,
    0xca, 0x62, 0xca, 0x62, 0xca, 0x62, 0xca, 0x62, 0xca, 0x62, 0xca, 0x62, 0xca, 0x62, 0xca, 0x62,
    0xca, 0x62, 0xca, 0x62, 0xca, 0x62, 0xca, 0x62, 0x7b, 0xf7, 0x7b, 0xf7, 0xca, 0x62, 0xca, 0x62,
    0x0a, 0x73, 0x0a, 0x73, 0x7b, 0xf7, 0x7b, 0xf7, 0x0a, 0x73, 0x0a, 0x73, 0x0a, 0x73, 0x0a, 0x73,
    0x0a, 0x73, 0x0a, 0x73, 0x0a, 0x73, 0x0a, 0x73, 0xd8, 0xad, 0xd8, 0xad, 0xd8, 0xad, 0xd8, 0xad,
    0xca, 0x93, 0xca, 0x93, 0xca, 0x93, 0xca, 0x93, 0xca, 0x93, 0xca, 0x93, 0xa7, 0xdb, 0xa7, 0xdb,
    0xa7, 0xdb, 0xa7, 0xdb, 0xa2, 0x10, 0xa2, 0x10, 0xa7, 0xdb, 0xa7, 0xdb, 0xa7, 0xdb, 0xa7, 0xdb,
    0xa7, 0xdb, 0xa7, 0xdb, 0xa7, 0xdb, 0xa7, 0xdb, 0xa2, 0x10, 0xa2, 0x10, 0xa7, 0xdb, 0xa7, 0xdb,
    0xa7, 0xdb, 0xa7, 0xdb, 0xd8, 0xad, 0xd8, 0xad, 0xd8, 0xad, 0xd8, 0xad, 0xd8, 0xad, 0xd8, 0xad,
    0xca, 0x62, 0xca, 0x62, 0xca, 0x62, 0xca, 0x62, 0xca, 0x62, 0xca, 0x62, 0xca, 0x62, 0xca, 0x62,
    0xca, 0x62, 0xca, 0x62, 0xca, 0x62, 0xca, 0x62, 0x7b, 0xf7, 0x7b, 0xf7, 0xca, 0x62, 0xca, 0x62,
    0x0a, 0x73, 0x0a, 0x73, 0x7b, 0xf7, 0x7b, 0xf7, 0x0a, 0x73, 0x0a, 0x73, 0x0a, 0x73, 0x0a, 0x73,
    0x0a, 0x73, 0x0a, 0x73, 0x0a, 0x73, 0x0a, 0x73, 0xd8, 0xad, 0xd8, 0xad, 0xd8, 0xad, 0xd8, 0xad,
    0xca, 0x93, 0xca, 0x93, 0xca, 0x93, 0xca, 0x93, 0xca, 0x93, 0xca, 0x93, 0xa7, 0xdb, 0xa7, 0xdb,
    0xa7, 0xdb, 0xa7, 0xdb, 0xa2, 0x10, 0xa2, 0x10, 0xa7, 0xdb, 0xa7, 0xdb, 0xa7, 0xdb, 0xa7, 0xdb,
    0xa7, 0xdb, 0xa7, 0xdb, 0xa7, 0xdb, 0xa7, 0xdb, 0xa2, 0x10, 0xa2, 0x10, 0xa7, 0xdb, 0xa7, 0xdb,
    0xa7, 0xdb, 0xa7, 0xdb, 0xd8, 0xad, 0xd8, 0xad, 0xd8, 0xad, 0xd8, 0xad, 0xd8, 0xad, 0xd8, 0xad,
    0xca, 0x62, 0xca, 0x62, 0xca, 0x62, 0xca, 0x62, 0xca, 0x62, 0xca, 0x62, 0xca, 0x62, 0xca, 0x62,
    0xca, 0x62, 0xca, 0x62, 0xca, 0x62, 0xca, 0x62, 0x7b, 0xf7, 0x7b, 0xf7, 0xca, 0x62, 0xca, 0x62,
    0x0a, 0x73, 0x0a, 0x73, 0x7b, 0xf7, 0x7b, 0xf7, 0x0a, 0x73, 0x0a, 0x73, 0x0a, 0x73, 0x0a, 0x73,
    0x0a, 0x73, 0x0a, 0x73, 0x0a, 0x73, 0x0a, 0x73, 0xb8, 0xa5, 0xb8, 0xa5, 0xb8, 0xa5, 0xb8, 0xa5,
    0xca, 0x93, 0xca, 0x93, 0xca, 0x93, 0xca, 0x93, 0xca, 0x93, 0xca, 0x93, 0xa7, 0xdb, 0xa7, 0xdb,
    0xa7, 0xdb, 0xa7, 0xdb, 0xa7, 0xdb, 0xa7, 0xdb, 0x5a, 0xf7, 0x5a, 0xf7, 0x5a, 0xf7, 0x5a, 0xf7,
    0x5a, 0xf7, 0x5a, 0xf7, 0x5a, 0xf7, 0x5a, 0xf7, 0xa7, 0xdb, 0xa7, 0xdb, 0xa7, 0xdb, 0xa7, 0xdb,
    0xa7, 0xdb, 0xa7, 0xdb, 0xb8, 0xa5, 0xb8, 0xa5, 0xb8, 0xa5, 0xb8, 0xa5, 0xb8, 0xa5, 0xb8, 0xa5,
    0xca, 0x62, 0xca, 0x62, 0xca, 0x62, 0xca, 0x62, 0xca, 0x62, 0xca, 0x62, 0xca, 0x62, 0xca, 0x62,
    0xca, 0x62, 0xca, 0x62, 0xca, 0x62, 0xca, 0x62, 0x7b, 0xf7, 0x7b, 0xf7, 0xca, 0x62, 0xca, 0x62,
    0x0a, 0x73, 0x0a, 0x73, 0x7b, 0xf7, 0x7b, 0xf7, 0x0a, 0x73, 0x0a, 0x73, 0x0a, 0x73, 0x0a, 0x73,
    0x0a, 0x73, 0x0a, 0x73, 0x0a, 0x73, 0x0a, 0x73, 0xb8, 0xa5, 0xb8, 0xa5, 0xb8, 0xa5, 0xb8, 0xa5,
    0xca, 0x93, 0xca, 0x93, 0xca, 0x93, 0xca, 0x93, 0xca, 0x93, 0xca, 0x93, 0xa7, 0xdb, 0xa7, 0xdb,
    0xa7, 0xdb, 0xa7, 0xdb, 0xa7, 0xdb, 0xa7, 0xdb, 0x5a, 0xf7, 0x5a, 0xf7, 0x5a, 0xf7, 0x5a, 0xf7,
    0x5a, 0xf7, 0x5a, 0xf7, 0x5a, 0xf7, 0x5a, 0xf7, 0xa7, 0xdb, 0xa7, 0xdb, 0xa7, 0xdb, 0xa7, 0xdb,
    0xa7, 0xdb, 0xa7, 0xdb, 0xb8, 0xa5, 0xb8, 0xa5, 0xb8, 0xa5, 0xb8, 0xa5, 0xb8, 0xa5, 0xb8, 0xa5,
    0xca, 0x62, 0xca, 0x62, 0xca, 0x62, 0xca, 0x62, 0xca, 0x62, 0xca, 0x62, 0xca, 0x62, 0xca, 0x62,
    0xca, 0x62, 0xca, 0x62, 0xca, 0x62, 0xca, 0x62, 0x7b, 0xf7, 0x7b, 0xf7, 0xca, 0x62, 0xca, 0x62,
    0x0a, 0x73, 0x0a, 0x73, 0x7b, 0xf7, 0x7b, 0xf7, 0x0a, 0x73, 0x0a, 0x73, 0x0a, 0x73, 0x0a, 0x73,
    0x0a, 0x73, 0x0a, 0x73, 0x0a, 0x73, 0x0a, 0x73, 0x8d, 0x7b, 0x8d, 0x7b, 0x8d, 0x7b, 0x8d, 0x7b,
    0xca, 0x93, 0xca, 0x93, 0xca, 0x93, 0xca, 0x93, 0xca, 0x93, 0xca, 0x93, 0xa7, 0xdb, 0xa7, 0xdb,
    0xa7, 0xdb, 0xa7, 0xdb, 0xa7, 0xdb, 0xa7, 0xdb, 0x5a, 0xf7, 0x5a, 0xf7, 0x45, 0x29, 0x45, 0x29,
    0x5a, 0xf7, 0x5a, 0xf7, 0x5a, 0xf7, 0x5a, 0xf7, 0xa7, 0xdb, 0xa7, 0xdb, 0xa7, 0xdb, 0xa7, 0xdb,
    0xa7, 0xdb, 0xa7, 0xdb, 0x8d, 0x7b, 0x8d, 0x7b, 0x8d, 0x7b, 0x8d, 0x7b, 0x8d, 0x7b, 0x8d, 0x7b,
    0xca, 0x62, 0xca, 0x62, 0xca, 0x62, 0xca, 0x62, 0xca, 0x62, 0xca, 0x62, 0xca, 0x62, 0xca, 0x62,
    0xca, 0x62, 0xca, 0x62, 0xca, 0x62, 0xca, 0x62, 0x7b, 0xf7, 0x7b, 0xf7, 0xca, 0x62, 0xca, 0x62,
    0x0a, 0x73, 0x0a, 0x73, 0x7b, 0xf7, 0x7b, 0xf7, 0x0a, 0x73, 0x0a, 0x73, 0x0a, 0x73, 0x0a, 0x73,
    0x0a, 0x73, 0x0a, 0x73, 0x0a, 0x73, 0x0a, 0x73, 0x8d, 0x7b, 0x8d, 0x7b, 0x8d, 0x7b, 0x8d, 0x7b,
    0xca, 0x93, 0xca, 0x93, 0xca, 0x93, 0xca, 0x93, 0xca, 0x93, 0xca, 0x93, 0xa7, 0xdb, 0xa7, 0xdb,
    0xa7, 0xdb, 0xa7, 0xdb, 0xa7, 0xdb, 0xa7, 0xdb, 0x5a, 0xf7, 0x5a, 0xf7, 0x45, 0x29, 0x45, 0x29,
    0x5a, 0xf7, 0x5a, 0xf7, 0x5a, 0xf7, 0x5a, 0xf7, 0xa7, 0xdb, 0xa7, 0xdb, 0xa7, 0xdb, 0xa7, 0xdb,
    0xa7, 0xdb, 0xa7, 0xdb, 0x8d, 0x7b, 0x8d, 0x7b, 0x8d, 0x7b, 0x8d, 0x7b, 0x8d, 0x7b, 0x8d, 0x7b,
    0xca, 0x62, 0xca, 0x62, 0xca, 0x62, 0xca, 0x62, 0xca, 0x62, 0xca, 0x62, 0xca, 0x62, 0xca, 0x62,
    0xca, 0x62, 0xca, 0x62, 0xca, 0x62, 0xca, 0x62, 0x7b, 0xf7, 0x7b, 0xf7, 0xca, 0x62, 0xca, 0x62,
    0x0a, 0x73, 0x0a, 0x73, 0x7b, 0xf7, 0x7b, 0xf7, 0x0a, 0x73, 0x0a, 0x73, 0x0a, 0x73, 0x0a, 0x73,
    0x0a, 0x73, 0x0a, 0x73, 0x0a, 0x73, 0x0a, 0x73, 0x8d, 0x7b, 0x8d, 0x7b, 0x8d, 0x7b, 0x8d, 0x7b,
    0x8d, 0x7b, 0x8d, 0x7b, 0x8d, 0x7b, 0x8d, 0x7b, 0x8d, 0x7b, 0x8d, 0x7b, 0xa7, 0xdb, 0xa7, 0xdb,
    0xa7, 0xdb, 0xa7, 0xdb, 0xa7, 0xdb, 0xa7, 0xdb, 0x5a, 0xf7, 0x5a, 0xf7, 0x5a, 0xf7, 0x5a, 0xf7,
    0x5a, 0xf7, 0x5a, 0xf7, 0x5a, 0xf7, 0x5a, 0xf7, 0xa7, 0xdb, 0xa7, 0xdb, 0xa7, 0xdb, 0xa7, 0xdb,
    0xa7, 0xdb, 0xa7, 0xdb, 0xa7, 0xdb, 0xa7, 0xdb, 0xa7, 0xdb, 0xa7, 0xdb, 0x8d, 0x7b, 0x8d, 0x7b,
    0xca, 0x62, 0xca, 0x62, 0xca, 0x62, 0xca, 0x62, 0xca, 0x62, 0xca, 0x62, 0xca, 0x62, 0xca, 0x62,
    0xca, 0x62, 0xca, 0x62, 0xca, 0x62, 0xca, 0x62, 0x7b, 0xf7, 0x7b, 0xf7, 0xca, 0x62, 0xca, 0x62,
    0x0a, 0x73, 0x0a, 0x73, 0x7b, 0xf7, 0x7b, 0xf7, 0x0a, 0x73, 0x0a, 0x73, 0x0a, 0x73, 0x0a, 0x73,
    0x0a, 0x73, 0x0a, 0x73, 0x0a, 0x73, 0x0a, 0x73, 0x8d, 0x7b, 0x8d, 0x7b, 0x8d, 0x7b, 0x8d, 0x7b,
    0x8d, 0x7b, 0x8d, 0x7b, 0x8d, 0x7b, 0x8d, 0x7b, 0x8d, 0x7b, 0x8d, 0x7b, 0xa7, 0xdb, 0xa7, 0xdb,
    0xa7, 0xdb, 0xa7, 0xdb, 0xa7, 0xdb, 0xa7, 0xdb, 0x5a, 0xf7, 0x5a, 0xf7, 0x5a, 0xf7, 0x5a, 0xf7,
    0x5a, 0xf7, 0x5a, 0xf7, 0x5a, 0xf7, 0x5a, 0xf7, 0xa7, 0xdb, 0xa7, 0xdb, 0xa7, 0xdb, 0xa7, 0xdb,
    0xa7, 0xdb, 0xa7, 0xdb, 0xa7, 0xdb, 0xa7, 0xdb, 0xa7, 0xdb, 0xa7, 0xdb, 0x8d, 0x7b, 0x8d, 0x7b,
    0xca, 0x62, 0xca, 0x62, 0xca, 0x62, 0xca, 0x62, 0xca, 0x62, 0xca, 0x62, 0xca, 0x62, 0xca, 0x62,
    0xca, 0x62, 0xca, 0x62, 0xca, 0x62, 0xca, 0x62, 0x7b, 0xf7, 0x7b, 0xf7, 0xca, 0x62, 0xca, 0x62,
    0x0a, 0x73, 0x0a, 0x73, 0x7b, 0xf7, 0x7b, 0xf7, 0x0a, 0x73, 0x0a, 0x73, 0x0a, 0x73, 0x0a, 0x73,
    0x0a, 0x73, 0x0a, 0x73, 0x0a, 0x73, 0x0a, 0x73, 0x8d, 0x7b, 0x8d, 0x7b, 0x8d, 0x7b, 0x8d, 0x7b,
    0x8d, 0x7b, 0x8d, 0x7b, 0x8d, 0x7b, 0x8d, 0x7b, 0x8d, 0x7b, 0x8d, 0x7b, 0xa7, 0xdb, 0xa7, 0xdb,
    0xa7, 0xdb, 0xa7, 0xdb, 0xa7, 0xdb, 0xa7, 0xdb, 0x5a, 0xf7, 0x5a, 0xf7, 0x5a, 0xf7, 0x5a, 0xf7,
    0x5a, 0xf7, 0x5a, 0xf7, 0x5a, 0xf7, 0x5a, 0xf7, 0xa7, 0xdb, 0xa7, 0xdb, 0xa7, 0xdb, 0xa7, 0xdb,
    0xa7, 0xdb, 0xa7, 0xdb, 0xa7, 0xdb, 0xa7, 0xdb, 0xa7, 0xdb, 0xa7, 0xdb, 0x8d, 0x7b, 0x8d, 0x7b,
    0xca, 0x62, 0xca, 0x62, 0xca, 0x62, 0xca, 0x62, 0xca, 0x62, 0xca, 0x62, 0xca, 0x62, 0xca, 0x62,
    0xca, 0x62, 0xca, 0x62, 0xca, 0x62, 0xca, 0x62, 0x7b, 0xf7, 0x7b, 0xf7, 0xca, 0x62, 0xca, 0x62,
    0x0a, 0x73, 0x0a, 0x73, 0x7b, 0xf7, 0x7b, 0xf7, 0x0a, 0x73, 0x0a, 0x73, 0x0a, 0x73, 0x0a, 0x73,
    0x0a, 0x73, 0x0a, 0x73, 0x0a, 0x73, 0x0a, 0x73, 0x8d, 0x7b, 0x8d, 0x7b, 0x8d, 0x7b, 0x8d, 0x7b,
    0x8d, 0x7b, 0x8d, 0x7b, 0x8d, 0x7b, 0x8d, 0x7b, 0x8d, 0x7b, 0x8d, 0x7b, 0xa7, 0xdb, 0xa7, 0xdb,
    0xa7, 0xdb, 0xa7, 0xdb, 0xa7, 0xdb, 0xa7, 0xdb, 0x5a, 0xf7, 0x5a, 0xf7, 0x5a, 0xf7, 0x5a, 0xf7,
    0x5a, 0xf7, 0x5a, 0xf7, 0x5a, 0xf7, 0x5a, 0xf7, 0xa7, 0xdb, 0xa7, 0xdb, 0xa7, 0xdb, 0xa7, 0xdb,
    0xa7, 0xdb, 0xa7, 0xdb, 0xa7, 0xdb, 0xa7, 0xdb, 0xa7, 0xdb, 0xa7, 0xdb, 0x8d, 0x7b, 0x8d, 0x7b,
    0xca, 0x62, 0xca, 0x62, 0xca, 0x62, 0xca, 0x62, 0xca, 0x62, 0xca, 0x62, 0xca, 0x62, 0xca, 0x62,
    0xca, 0x62, 0xca, 0x62, 0xca, 0x62, 0xca, 0x62, 0x7b, 0xf7, 0x7b, 0xf7, 0xca, 0x62, 0xca, 0x62,
    0x0a, 0x73, 0x0a, 0x73, 0x7b, 0xf7, 0x7b, 0xf7, 0x0a, 0x73, 0x0a, 0x73, 0x0a, 0x73, 0x0a, 0x73,
    0x0a, 0x73, 0x0a, 0x73, 0x0a, 0x73, 0x0a, 0x73, 0x8d, 0x7b, 0x8d, 0x7b, 0x8d, 0x7b, 0x8d, 0x7b,
    0x8d, 0x7b, 0x8d, 0x7b, 0x8d, 0x7b, 0x8d, 0x7b, 0x8d, 0x7b, 0x8d, 0x7b, 0xa7, 0xdb, 0xa7, 0xdb,
    0xa7, 0xdb, 0xa7, 0xdb, 0xa7, 0xdb, 0xa7, 0xdb, 0xa7, 0xdb, 0xa7, 0xdb, 0xa7, 0xdb, 0xa7, 0xdb,
    0xa7, 0xdb, 0xa7, 0xdb, 0xa7, 0xdb, 0xa7, 0xdb, 0xa7, 0xdb, 0xa7, 0xdb, 0xa7, 0xdb, 0xa7, 0xdb,
    0xa7, 0xdb, 0xa7, 0xdb, 0xa7, 0xdb, 0xa7, 0xdb, 0xa7, 0xdb, 0xa7, 0xdb, 0x8d, 0x7b, 0x8d, 0x7b,
    0xca, 0x62, 0xca, 0x62, 0xca, 0x62, 0xca, 0x62, 0xca, 0x62, 0xca, 0x62, 0xca, 0x62, 0xca, 0x62,
    0xca, 0x62, 0xca, 0x62, 0xca, 0x62, 0xca, 0x62, 0x7b, 0xf7, 0x7b, 0xf7, 0xca, 0x62, 0xca, 0x62,
    0x0a, 0x73, 0x0a, 0x73, 0x7b, 0xf7, 0x7b, 0xf7, 0x0a, 0x73, 0x0a, 0x73, 0x0a, 0x73, 0x0a, 0x73,
    0x0a, 0x73, 0x0a, 0x73, 0x0a, 0x73, 0x0a, 0x73, 0x8d, 0x7b, 0x8d, 0x7b, 0x8d, 0x7b, 0x8d, 0x7b,
    0x8d, 0x7b, 0x8d, 0x7b, 0x8d, 0x7b, 0x8d, 0x7b, 0x8d, 0x7b, 0x8d, 0x7b, 0xa7, 0xdb, 0xa7, 0xdb,
    0xa7, 0xdb, 0xa7, 0xdb, 0xa7, 0xdb, 0xa7, 0xdb, 0xa7, 0xdb, 0xa7, 0xdb, 0xa7, 0xdb, 0xa7, 0xdb,
    0xa7, 0xdb, 0xa7, 0xdb, 0xa7, 0xdb, 0xa7, 0xdb, 0xa7, 0xdb, 0xa7, 0xdb, 0xa7, 0xdb, 0xa7, 0xdb,
    0xa7, 0xdb, 0xa7, 0xdb, 0xa7, 0xdb, 0xa7, 0xdb, 0xa7, 0xdb, 0xa7, 0xdb, 0x8d, 0x7b, 0x8d, 0x7b,
    0xca, 0x62, 0xca, 0x62, 0xca, 0x62, 0xca, 0x62, 0xca, 0x62, 0xca, 0x62, 0xca, 0x62, 0xca, 0x62,
    0xca, 0x62, 0xca, 0x62, 0xca, 0x62, 0xca, 0x62, 0x7b, 0xf7, 0x7b, 0xf7, 0xca, 0x62, 0xca, 0x62,
    0x0a, 0x73, 0x0a, 0x73, 0x7b, 0xf7, 0x7b, 0xf7, 0x0a, 0x73, 0x0a, 0x73, 0x0a, 0x73, 0x0a, 0x73,
    0x0a, 0x73, 0x0a, 0x73, 0x0a, 0x73, 0x0a, 0x73, 0x8d, 0x7b, 0x8d, 0x7b, 0x8d, 0x7b, 0x8d, 0x7b,
    0x8d, 0x7b, 0x8d, 0x7b, 0x8d, 0x7b, 0x8d, 0x7b, 0x8d, 0x7b, 0x8d, 0x7b, 0x8d, 0x7b, 0x8d, 0x7b,
    0xa7, 0xdb, 0xa7, 0xdb, 0xa7, 0xdb, 0xa7, 0xdb, 0xa7, 0xdb, 0xa7, 0xdb, 0xa7, 0xdb, 0xa7, 0xdb,
    0xa7, 0xdb, 0xa7, 0xdb, 0xa7, 0xdb, 0xa7, 0xdb, 0xa7, 0xdb, 0xa7, 0xdb, 0xa7, 0xdb, 0xa7, 0xdb,
    0xa7, 0xdb, 0xa7, 0xdb, 0xa7, 0xdb, 0xa7, 0xdb, 0x8d, 0x7b, 0x8d, 0x7b, 0x8d, 0x7b, 0x8d, 0x7b,
    0xca, 0x62, 0xca, 0x62, 0xca, 0x62, 0xca, 0x62, 0xca, 0x62, 0xca, 0x62, 0xca, 0x62, 0xca, 0x62,
    0xca, 0x62, 0xca, 0x62, 0xca, 0x62, 0xca, 0x62, 0x7b, 0xf7, 0x7b, 0xf7, 0xca, 0x62, 0xca, 0x62,
    0x0a, 0x73, 0x0a, 0x73, 0x7b, 0xf7, 0x7b, 0xf7, 0x0a, 0x73, 0x0a, 0x73, 0x0a, 0x73, 0x0a, 0x73,
    0x0a, 0x73, 0x0a, 0x73, 0x0a, 0x73, 0x0a, 0x73, 0x8d, 0x7b, 0x8d, 0x7b, 0x8d, 0x7b, 0x8d, 0x7b,
    0x8d, 0x7b, 0x8d, 0x7b, 0x8d, 0x7b, 0x8d, 0x7b, 0x8d, 0x7b, 0x8d, 0x7b, 0x8d, 0x7b, 0x8d, 0x7b,
    0xa7, 0xdb, 0xa7, 0xdb, 0xa7, 0xdb, 0xa7, 0xdb, 0xa7, 0xdb, 0xa7, 0xdb, 0xa7, 0xdb, 0xa7, 0xdb,
    0xa7, 0xdb, 0xa7, 0xdb, 0xa7, 0xdb, 0xa7, 0xdb, 0xa7, 0xdb, 0xa7, 0xdb, 0xa7, 0xdb, 0xa7, 0xdb,
    0xa7, 0xdb, 0xa7, 0xdb, 0xa7, 0xdb, 0xa7, 0xdb, 0x8d, 0x7b, 0x8d, 0x7b, 0x8d, 0x7b, 0x8d, 0x7b,
    0xca, 0x62, 0xca, 0x62, 0xca, 0x62, 0xca, 0x62, 0xca, 0x62, 0xca, 0x62, 0xca, 0x62, 0xca, 0x62,
    0xca, 0x62, 0xca, 0x62, 0xca, 0x62, 0xca, 0x62, 0x7b, 0xf7, 0x7b, 0xf7, 0xca, 0x62, 0xca, 0x62,
    0x0a, 0x73, 0x0a, 0x73, 0x7b, 0xf7, 0x7b, 0xf7, 0x0a, 0x73, 0x0a, 0x73, 0x0a, 0x73, 0x0a, 0x73,
    0x0a, 0x73, 0x0a, 0x73, 0x0a, 0x73, 0x0a, 0x73, 0x8d, 0x7b, 0x8d, 0x7b, 0x8d, 0x7b, 0x8d, 0x7b,
    0x8d, 0x7b, 0x8d, 0x7b, 0x8d, 0x7b, 0x8d, 0x7b, 0x8d, 0x7b, 0x8d, 0x7b, 0x8d, 0x7b, 0x8d, 0x7b,
    0xa7, 0xdb, 0xa7, 0xdb, 0xa7, 0xdb, 0xa7, 0xdb, 0xa7, 0xdb, 0xa7, 0xdb, 0xa7, 0xdb, 0xa7, 0xdb,
    0xa7, 0xdb, 0xa7, 0xdb, 0xa7, 0xdb, 0xa7, 0xdb, 0xa7, 0xdb, 0xa7, 0xdb, 0xa7, 0xdb, 0xa7, 0xdb,
    0xa7, 0xdb, 0xa7, 0xdb, 0xa7, 0xdb, 0xa7, 0xdb, 0x8d, 0x7b, 0x8d, 0x7b, 0x8d, 0x7b, 0x8d, 0x7b,
    0xca, 0x62, 0xca, 0x62, 0xca, 0x62, 0xca, 0x62, 0xca, 0x62, 0xca, 0x62, 0xca, 0x62, 0xca, 0x62,
    0xca, 0x62, 0xca, 0x62, 0xca, 0x62, 0xca, 0x62, 0x7b, 0xf7, 0x7b, 0xf7, 0xca, 0x62, 0xca, 0x62,
    0x0a, 0x73, 0x0a, 0x73, 0x7b, 0xf7, 0x7b, 0xf7, 0x0a, 0x73, 0x0a, 0x73, 0x0a, 0x73, 0x0a, 0x73,
    0x0a, 0x73, 0x0a, 0x73, 0x0a, 0x73, 0x0a, 0x73, 0x8d, 0x7b, 0x8d, 0x7b, 0x8d, 0x7b, 0x8d, 0x7b,
    0x8d, 0x7b, 0x8d, 0x7b, 0x8d, 0x7b, 0x8d, 0x7b, 0x8d, 0x7b, 0x8d, 0x7b, 0x8d, 0x7b, 0x8d, 0x7b,
    0xa7, 0xdb, 0xa7, 0xdb, 0xa7, 0xdb, 0xa7, 0xdb, 0xa7, 0xdb, 0xa7, 0xdb, 0xa7, 0xdb, 0xa7, 0xdb,
    0xa7, 0xdb, 0xa7, 0xdb, 0xa7, 0xdb, 0xa7, 0xdb, 0xa7, 0xdb, 0xa7, 0xdb, 0xa7, 0xdb, 0xa7, 0xdb,
    0xa7, 0xdb, 0xa7, 0xdb, 0xa7, 0xdb, 0xa7, 0xdb, 0x8d, 0x7b, 0x8d, 0x7b, 0x8d, 0x7b, 0x8d, 0x7b,
    0xca, 0x62, 0xca, 0x62, 0xca, 0x62, 0xca, 0x62, 0xca, 0x62, 0xca, 0x62, 0xca, 0x62, 0xca, 0x62,
    0xca, 0x62, 0xca, 0x62, 0xca, 0x62, 0xca, 0x62, 0x7b, 0xf7, 0x7b, 0xf7, 0xca, 0x62, 0xca, 0x62,
    0x0a, 0x73, 0x0a, 0x73, 0x7b, 0xf7, 0x7b, 0xf7, 0x0a, 0x73, 0x0a, 0x73, 0x0a, 0x73, 0x0a, 0x73,
    0x0a, 0x73, 0x0a, 0x73, 0x0a, 0x73, 0x0a, 0x73, 0x8d, 0x7b, 0x8d, 0x7b, 0x8d, 0x7b, 0x8d, 0x7b,
    0x8d, 0x7b, 0x8d, 0x7b, 0x8d, 0x7b, 0x8d, 0x7b, 0x8d, 0x7b, 0x8d, 0x7b, 0x8d, 0x7b, 0x8d, 0x7b,
    0xa7, 0xdb, 0xa7, 0xdb, 0xa7, 0xdb, 0xa7, 0xdb, 0xa7, 0xdb, 0xa7, 0xdb, 0xa7, 0xdb, 0xa7, 0xdb,
    0xa7, 0xdb, 0xa7, 0xdb, 0xa7, 0xdb, 0xa7, 0xdb, 0xa7, 0xdb, 0xa7, 0xdb, 0xa7, 0xdb, 0xa7, 0xdb,
    0xa7, 0xdb, 0xa7, 0xdb, 0xa7, 0xdb, 0xa7, 0xdb, 0x8d, 0x7b, 0x8d, 0x7b, 0x8d, 0x7b, 0x8d, 0x7b,
    0xca, 0x62, 0xca, 0x62, 0xca, 0x62, 0xca, 0x62, 0xca, 0x62, 0xca, 0x62, 0xca, 0x62, 0xca, 0x62,
    0xca, 0x62, 0xca, 0x62, 0xca, 0x62, 0xca, 0x62, 0x7b, 0xf7, 0x7b, 0xf7, 0xca, 0x62, 0xca, 0x62,
    0x0a, 0x73, 0x0a, 0x73, 0x7b, 0xf7, 0x7b, 0xf7, 0x0a, 0x73, 0x0a, 0x73, 0x0a, 0x73, 0x0a, 0x73,
    0x0a, 0x73, 0x0a, 0x73, 0x0a, 0x73, 0x0a, 0x73, 0x8d, 0x7b, 0x8d, 0x7b, 0x8d, 0x7b, 0x8d, 0x7b,
    0x8d, 0x7b, 0x8d, 0x7b, 0x8d, 0x7b, 0x8d, 0x7b, 0x8d, 0x7b, 0x8d, 0x7b, 0x8d, 0x7b, 0x8d, 0x7b,
    0xa7, 0xdb, 0xa7, 0xdb, 0xa7, 0xdb, 0xa7, 0xdb, 0xa7, 0xdb, 0xa7, 0xdb, 0xa7, 0xdb, 0xa7, 0xdb,
    0xa7, 0xdb, 0xa7, 0xdb, 0xa7, 0xdb, 0xa7, 0xdb, 0xa7, 0xdb, 0xa7, 0xdb, 0xa7, 0xdb, 0xa7, 0xdb,
    0xa7, 0xdb, 0xa7, 0xdb, 0xa7, 0xdb, 0xa7, 0xdb, 0x8d, 0x7b, 0x8d, 0x7b, 0x8d, 0x7b, 0x8d, 0x7b,
    0xca, 0x62, 0xca, 0x62, 0xca, 0x62, 0xca, 0x62, 0xca, 0x62, 0xca, 0x62, 0xca, 0x62, 0xca, 0x62,
    0xca, 0x62, 0xca, 0x62, 0xca, 0x62, 0xca, 0x62, 0x7b, 0xf7, 0x7b, 0xf7, 0xca, 0x62, 0xca, 0x62,
    0x0a, 0x73, 0x0a, 0x73, 0x7b, 0xf7, 0x7b, 0xf7, 0x7b, 0xf7, 0x7b, 0xf7, 0x7b, 0xf7, 0x7b, 0xf7,
    0x7b, 0xf7, 0x7b, 0xf7, 0x7b, 0xf7, 0x7b, 0xf7, 0x7b, 0xf7, 0x7b, 0xf7, 0x7b, 0xf7, 0x7b, 0xf7,
    0x7b, 0xf7, 0x7b, 0xf7, 0x7b, 0xf7, 0x7b, 0xf7, 0x7b, 0xf7, 0x7b, 0xf7, 0x7b, 0xf7, 0x7b, 0xf7,
    0x7b, 0xf7, 0x7b, 0xf7, 0x7b, 0xf7, 0x7b, 0xf7, 0x7b, 0xf7, 0x7b, 0xf7, 0x7b, 0xf7, 0x7b, 0xf7,
    0x7b, 0xf7, 0x7b, 0xf7, 0x7b, 0xf7, 0x7b, 0xf7, 0x7b, 0xf7, 0x7b, 0xf7, 0x7b, 0xf7, 0x7b, 0xf7,
    0x7b, 0xf7, 0x7b, 0xf7, 0x7b, 0xf7, 0x7b, 0xf7, 0x7b, 0xf7, 0x7b, 0xf7, 0x7b, 0xf7, 0x7b, 0xf7,
    0x7b, 0xf7, 0x7b, 0xf7, 0x7b, 0xf7, 0x7b, 0xf7, 0x7b, 0xf7, 0x7b, 0xf7, 0x7b, 0xf7, 0x7b, 0xf7,
    0x7b, 0xf7, 0x7b, 0xf7, 0x7b, 0xf7, 0x7b, 0xf7, 0x7b, 0xf7, 0x7b, 0xf7, 0xca, 0x62, 0xca, 0x62,
    0x0a, 0x73, 0x0a, 0x73, 0x7b, 0xf7, 0x7b, 0xf7, 0x7b, 0xf7, 0x7b, 0xf7, 0x7b, 0xf7, 0x7b, 0xf7,
    0x7b, 0xf7, 0x7b, 0xf7, 0x7b, 0xf7, 0x7b, 0xf7, 0x7b, 0xf7, 0x7b, 0xf7, 0x7b, 0xf7, 0x7b, 0xf7,
    0x7b, 0xf7, 0x7b, 0xf7, 0x7b, 0xf7, 0x7b, 0xf7, 0x7b, 0xf7, 0x7b, 0xf7, 0x7b, 0xf7, 0x7b, 0xf7,
    0x7b, 0xf7, 0x7b, 0xf7, 0x7b, 0xf7, 0x7b, 0xf7, 0x7b, 0xf7, 0x7b, 0xf7, 0x7b, 0xf7, 0x7b, 0xf7,
    0x7b, 0xf7, 0x7b, 0xf7, 0x7b, 0xf7, 0x7b, 0xf7, 0x7b, 0xf7, 0x7b, 0xf7, 0x7b, 0xf7, 0x7b, 0xf7,
    0x7b, 0xf7, 0x7b, 0xf7, 0x7b, 0xf7, 0x7b, 0xf7, 0x7b, 0xf7, 0x7b, 0xf7, 0x7b, 0xf7, 0x7b, 0xf7,
    0x7b, 0xf7, 0x7b, 0xf7, 0x7b, 0xf7, 0x7b, 0xf7, 0x7b, 0xf7, 0x7b, 0xf7, 0x7b, 0xf7, 0x7b, 0xf7,
    0x7b, 0xf7, 0x7b, 0xf7, 0x7b, 0xf7, 0x7b, 0xf7, 0x7b, 0xf7, 0x7b, 0xf7, 0xca, 0x62, 0xca, 0x62,
    0x0a, 0x73, 0x0a, 0x73, 0x0a, 0x73, 0x0a, 0x73, 0x0a, 0x73, 0x0a, 0x73, 0x0a, 0x73, 0x0a, 0x73,
    0x0a, 0x73, 0x0a, 0x73, 0x0a, 0x73, 0x0a, 0x73, 0x8d, 0x7b, 0x8d, 0x7b, 0x8d, 0x7b, 0x8d, 0x7b,
    0x8d, 0x7b, 0x8d, 0x7b, 0x8d, 0x7b, 0x8d, 0x7b, 0x8d, 0x7b, 0x8d, 0x7b, 0x8d, 0x7b, 0x8d, 0x7b,
    0xa7, 0xdb, 0xa7, 0xdb, 0x5a, 0xf7, 0x5a, 0xf7, 0x5a, 0xf7, 0x5a, 0xf7, 0xa7, 0xdb, 0xa7, 0xdb,
    0xa7, 0xdb, 0xa7, 0xdb, 0x5a, 0xf7, 0x5a, 0xf7, 0x5a, 0xf7, 0x5a, 0xf7, 0xa7, 0xdb, 0xa7, 0xdb,
    0xa7, 0xdb, 0xa7, 0xdb, 0xa7, 0xdb, 0xa7, 0xdb, 0x8d, 0x7b, 0x8d, 0x7b, 0x8d, 0x7b, 0x8d, 0x7b,
    0xca, 0x62, 0xca, 0x62, 0xca, 0x62, 0xca, 0x62, 0xca, 0x62, 0xca, 0x62, 0xca, 0x62, 0xca, 0x62,
    0xca, 0x62, 0xca, 0x62, 0xca, 0x62, 0xca, 0x62, 0xca, 0x62, 0xca, 0x62, 0xca, 0x62, 0xca, 0x62,
    0x0a, 0x73, 0x0a, 0x73, 0x0a, 0x73, 0x0a, 0x73, 0x0a, 0x73, 0x0a, 0x73, 0x0a, 0x73, 0x0a, 0x73,
    0x0a, 0x73, 0x0a, 0x73, 0x0a, 0x73, 0x0a, 0x73, 0x8d, 0x7b, 0x8d, 0x7b, 0x8d, 0x7b, 0x8d, 0x7b,
    0x8d, 0x7b, 0x8d, 0x7b, 0x8d, 0x7b, 0x8d, 0x7b, 0x8d, 0x7b, 0x8d, 0x7b, 0x8d, 0x7b, 0x8d, 0x7b,
    0xa7, 0xdb, 0xa7, 0xdb, 0x5a, 0xf7, 0x5a, 0xf7, 0x5a, 0xf7, 0x5a, 0xf7, 0xa7, 0xdb, 0xa7, 0xdb,
    0xa7, 0xdb, 0xa7, 0xdb, 0x5a, 0xf7, 0x5a, 0xf7, 0x5a, 0xf7, 0x5a, 0xf7, 0xa7, 0xdb, 0xa7, 0xdb,
    0xa7, 0xdb, 0xa7, 0xdb, 0xa7, 0xdb, 0xa7, 0xdb, 0x8d, 0x7b, 0x8d, 0x7b, 0x8d, 0x7b, 0x8d, 0x7b,
    0xca, 0x62, 0xca, 0x62, 0xca, 0x62, 0xca, 0x62, 0xca, 0x62, 0xca, 0x62, 0xca, 0x62, 0xca, 0x62,
    0xca, 0x62, 0xca, 0x62, 0xca, 0x62, 0xca, 0x62, 0xca, 0x62, 0xca, 0x62, 0xca, 0x62, 0xca, 0x62,
};

const lv_img_dsc_t waveshare_photo_quiet_alley = {
    {LV_IMG_CF_TRUE_COLOR, 0, 0, WAVESHARE_PHOTO_W, WAVESHARE_PHOTO_H},
    sizeof(waveshare_photo_quiet_alley_map),
    waveshare_photo_quiet_alley_map,
};

